entry_id,contest_id,contest_name,C,C,W,W,W,W,D,D,G,,Instructions,,,,,,,,,,,,,,
1876237703,40554-231422148,$2K Thu NHL Deflection (Only $0.25 to Enter),40554-58926:BRAYDEN POINT,40554-42478:BO HORVAT,40554-43214:NIKITA KUCHEROV,40554-9259:MIKE HOFFMAN,40554-8555:JEFF CARTER,40554-62723:ONDREJ KASE,40554-15356:DOUGIE HAMILTON,40554-8669:VICTOR HEDMAN,40554-15271:LAURENT BROSSOIT,,1) Edit your lineup by inserting any player from this list into their appropriate position columns,,,,,,,,,,,,,,
1876239877,40554-231422148,$2K Thu NHL Deflection (Only $0.25 to Enter),40554-58926:BRAYDEN POINT,40554-42478:BO HORVAT,40554-43214:NIKITA KUCHEROV,40554-9259:MIKE HOFFMAN,40554-8555:JEFF CARTER,40554-62723:ONDREJ KASE,40554-15356:DOUGIE HAMILTON,40554-8669:VICTOR HEDMAN,40554-8780:JONATHAN BERNIER,,2) You can paste either the Player ID + Name OR ID from their respective columns,,,,,,,,,,,,,,
1876239879,40554-231422148,$2K Thu NHL Deflection (Only $0.25 to Enter),40554-58926:BRAYDEN POINT,40554-42478:BO HORVAT,40554-43214:NIKITA KUCHEROV,40554-9259:MIKE HOFFMAN,40554-8555:JEFF CARTER,40554-62723:ONDREJ KASE,40554-15356:DOUGIE HAMILTON,40554-8669:VICTOR HEDMAN,40554-8412:JONATHAN QUICK,,3) Any information to the right of the last position column will be ignored in the upload. Don't leave blank rows. Any entries after a blank row will not be edited,,,,,,,,,,,,,,
1876239885,40554-231422148,$2K Thu NHL Deflection (Only $0.25 to Enter),40554-8655:STEVEN STAMKOS,40554-13612:TYLER JOHNSON,40554-43214:NIKITA KUCHEROV,40554-9259:MIKE HOFFMAN,40554-8555:JEFF CARTER,40554-62723:ONDREJ KASE,40554-15356:DOUGIE HAMILTON,40554-8669:VICTOR HEDMAN,40554-8920:DEVAN DUBNYK,,4) You can not use this form to create new entries,,,,,,,,,,,,,,
1876239891,40554-231422148,$2K Thu NHL Deflection (Only $0.25 to Enter),40554-8655:STEVEN STAMKOS,40554-13612:TYLER JOHNSON,40554-43214:NIKITA KUCHEROV,40554-9259:MIKE HOFFMAN,40554-8555:JEFF CARTER,40554-62723:ONDREJ KASE,40554-15356:DOUGIE HAMILTON,40554-8669:VICTOR HEDMAN,40554-9278:MARTIN JONES,,,,,,,,,,,,,,,,
1876239896,40554-231422148,$2K Thu NHL Deflection (Only $0.25 to Enter),40554-8655:STEVEN STAMKOS,40554-13612:TYLER JOHNSON,40554-43214:NIKITA KUCHEROV,40554-9259:MIKE HOFFMAN,40554-8555:JEFF CARTER,40554-62723:ONDREJ KASE,40554-15356:DOUGIE HAMILTON,40554-8669:VICTOR HEDMAN,40554-12283:JACOB MARKSTROM,,Player ID + Player Name,Id,Position,First Name,Nickname,Last Name,FPPG,Played,Salary,Game,Team,Opponent,Injury Indicator,Injury Details,Tier
1876239904,40554-231422148,$2K Thu NHL Deflection (Only $0.25 to Enter),40554-58926:BRAYDEN POINT,40554-42478:BO HORVAT,40554-43214:NIKITA KUCHEROV,40554-9259:MIKE HOFFMAN,40554-8555:JEFF CARTER,40554-9354:PAT MAROON,40554-15356:DOUGIE HAMILTON,40554-8669:VICTOR HEDMAN,40554-82094:ALEXANDAR GEORGIEV,,40554-41391:Nathan MacKinnon,40554-41391,C,Nathan,Nathan MacKinnon,MacKinnon,22.8111114501953,18,8900,COL@EDM,COL,EDM,,,
1876239909,40554-231422148,$2K Thu NHL Deflection (Only $0.25 to Enter),40554-58926:BRAYDEN POINT,40554-42478:BO HORVAT,40554-43214:NIKITA KUCHEROV,40554-9259:MIKE HOFFMAN,40554-8555:JEFF CARTER,40554-9354:PAT MAROON,40554-15356:DOUGIE HAMILTON,40554-8669:VICTOR HEDMAN,40554-40050:ANTTI RAANTA,,40554-8883:Ben Bishop,40554-8883,G,Ben,Ben Bishop,Bishop,18.7692307692308,13,8900,DAL@VAN,DAL,VAN,,,
1876239913,40554-231422148,$2K Thu NHL Deflection (Only $0.25 to Enter),40554-58926:BRAYDEN POINT,40554-42478:BO HORVAT,40554-43214:NIKITA KUCHEROV,40554-9259:MIKE HOFFMAN,40554-8555:JEFF CARTER,40554-9354:PAT MAROON,40554-15356:DOUGIE HAMILTON,40554-8669:VICTOR HEDMAN,40554-104427:ADAM WERNER,,40554-58331:Leon Draisaitl,40554-58331,W,Leon,Leon Draisaitl,Draisaitl,23.0899993896484,20,8900,COL@EDM,EDM,COL,,,
1876239919,40554-231422148,$2K Thu NHL Deflection (Only $0.25 to Enter),40554-58926:BRAYDEN POINT,40554-42478:BO HORVAT,40554-43214:NIKITA KUCHEROV,40554-9259:MIKE HOFFMAN,40554-8555:JEFF CARTER,40554-9354:PAT MAROON,40554-15356:DOUGIE HAMILTON,40554-8669:VICTOR HEDMAN,40554-15268:JOHN GIBSON,,40554-54565:Andrei Vasilevskiy,40554-54565,G,Andrei,Andrei Vasilevskiy,Vasilevskiy,18,10,8800,NYR@TB,TB,NYR,,,
1876239922,40554-231422148,$2K Thu NHL Deflection (Only $0.25 to Enter),40554-58926:BRAYDEN POINT,40554-42478:BO HORVAT,40554-43214:NIKITA KUCHEROV,40554-9259:MIKE HOFFMAN,40554-8555:JEFF CARTER,40554-9354:PAT MAROON,40554-15356:DOUGIE HAMILTON,40554-8669:VICTOR HEDMAN,40554-8893:ANTON KHUDOBIN,,40554-64102:Connor McDavid,40554-64102,C,Connor,Connor McDavid,McDavid,20.6050003051758,20,8800,COL@EDM,EDM,COL,,,
1876239925,40554-231422148,$2K Thu NHL Deflection (Only $0.25 to Enter),40554-58926:BRAYDEN POINT,40554-13612:TYLER JOHNSON,40554-43214:NIKITA KUCHEROV,40554-9259:MIKE HOFFMAN,40554-8555:JEFF CARTER,40554-62723:ONDREJ KASE,40554-15356:DOUGIE HAMILTON,40554-8669:VICTOR HEDMAN,40554-12163:SERGEI BOBROVSKY,,40554-15400:Petr Mrazek,40554-15400,G,Petr,Petr Mrazek,Mrazek,18.466667175293,12,8400,CAR@BUF,CAR,BUF,,,
1876239931,40554-231422148,$2K Thu NHL Deflection (Only $0.25 to Enter),40554-58926:BRAYDEN POINT,40554-13612:TYLER JOHNSON,40554-43214:NIKITA KUCHEROV,40554-9259:MIKE HOFFMAN,40554-8555:JEFF CARTER,40554-62723:ONDREJ KASE,40554-15356:DOUGIE HAMILTON,40554-8669:VICTOR HEDMAN,40554-11133:CARTER HUTTON,,40554-62493:Artemi Panarin,40554-62493,W,Artemi,Artemi Panarin,Panarin,16.3875007629395,16,8300,NYR@TB,NYR,TB,,,
1876239935,40554-231422148,$2K Thu NHL Deflection (Only $0.25 to Enter),40554-58926:BRAYDEN POINT,40554-13612:TYLER JOHNSON,40554-43214:NIKITA KUCHEROV,40554-9259:MIKE HOFFMAN,40554-8555:JEFF CARTER,40554-62723:ONDREJ KASE,40554-15356:DOUGIE HAMILTON,40554-8669:VICTOR HEDMAN,40554-8672:MIKE SMITH,,40554-14466:Darcy Kuemper,40554-14466,G,Darcy,Darcy Kuemper,Kuemper,21.5999990609976,13,8300,ARI@MIN,ARI,MIN,,,
1876239941,40554-231422148,$2K Thu NHL Deflection (Only $0.25 to Enter),40554-58926:BRAYDEN POINT,40554-42478:BO HORVAT,40554-43214:NIKITA KUCHEROV,40554-9259:MIKE HOFFMAN,40554-62723:ONDREJ KASE,40554-9354:PAT MAROON,40554-15356:DOUGIE HAMILTON,40554-8669:VICTOR HEDMAN,40554-15400:PETR MRAZEK,,40554-41393:Aleksander Barkov,40554-41393,C,Aleksander,Aleksander Barkov,Barkov,16.4444444444444,18,8300,WPG@FLA,FLA,WPG,,,
1876239948,40554-231422148,$2K Thu NHL Deflection (Only $0.25 to Enter),40554-8655:STEVEN STAMKOS,40554-42478:BO HORVAT,40554-43214:NIKITA KUCHEROV,40554-9259:MIKE HOFFMAN,40554-8555:JEFF CARTER,40554-62723:ONDREJ KASE,40554-8669:VICTOR HEDMAN,40554-23225:MATT DUMBA,40554-54565:ANDREI VASILEVSKIY,,40554-58909:Connor Hellebuyck,40554-58909,G,Connor,Connor Hellebuyck,Hellebuyck,21.7066670735677,15,8300,WPG@FLA,WPG,FLA,,,
,,,,,,,,,,,,,40554-9039:Mikko Koskinen,40554-9039,G,Mikko,Mikko Koskinen,Koskinen,22.4800003051758,10,8300,COL@EDM,EDM,COL,,,
,,,,,,,,,,,,,40554-43214:Nikita Kucherov,40554-43214,W,Nikita,Nikita Kucherov,Kucherov,12.6666666666667,15,8100,NYR@TB,TB,NYR,,,
,,,,,,,,,,,,,40554-8672:Mike Smith,40554-8672,G,Mike,Mike Smith,Smith,16.9454539905895,11,8100,COL@EDM,EDM,COL,,,
,,,,,,,,,,,,,40554-64100:Jack Eichel,40554-64100,C,Jack,Jack Eichel,Eichel,17.488234576057,17,8100,CAR@BUF,BUF,CAR,,,
,,,,,,,,,,,,,40554-66737:Mikko Rantanen,40554-66737,W,Mikko,Mikko Rantanen,Rantanen,18.2666659884983,9,8000,COL@EDM,COL,EDM,IR,Lower body,
,,,,,,,,,,,,,40554-8532:Henrik Lundqvist,40554-8532,G,Henrik,Henrik Lundqvist,Lundqvist,19.8222215440538,9,8000,NYR@TB,NYR,TB,,,
,,,,,,,,,,,,,40554-12697:Philipp Grubauer,40554-12697,G,Philipp,Philipp Grubauer,Grubauer,19.6363636363636,11,8000,COL@EDM,COL,EDM,IR,Lower body,
,,,,,,,,,,,,,40554-11133:Carter Hutton,40554-11133,G,Carter,Carter Hutton,Hutton,21.6800003051758,10,8000,CAR@BUF,BUF,CAR,,,
,,,,,,,,,,,,,40554-8655:Steven Stamkos,40554-8655,C,Steven,Steven Stamkos,Stamkos,15.2933329264323,15,7900,NYR@TB,TB,NYR,,,
,,,,,,,,,,,,,40554-70251:Thatcher Demko,40554-70251,G,Thatcher,Thatcher Demko,Demko,22.971429007394,7,7900,DAL@VAN,VAN,DAL,,,
,,,,,,,,,,,,,40554-12163:Sergei Bobrovsky,40554-12163,G,Sergei,Sergei Bobrovsky,Bobrovsky,11.359999593099,15,7900,WPG@FLA,FLA,WPG,,,
,,,,,,,,,,,,,40554-8233:Curtis McElhinney,40554-8233,G,Curtis,Curtis McElhinney,McElhinney,18.8800003051758,5,7800,NYR@TB,TB,NYR,,,
,,,,,,,,,,,,,40554-8394:Anze Kopitar,40554-8394,C,Anze,Anze Kopitar,Kopitar,14.3222215440538,18,7800,DET@LA,LA,DET,,,
,,,,,,,,,,,,,40554-15268:John Gibson,40554-15268,G,John,John Gibson,Gibson,17.6571426391602,14,7800,SJ@ANH,ANH,SJ,,,
,,,,,,,,,,,,,40554-8212:Ryan Miller,40554-8212,G,Ryan,Ryan Miller,Miller,17.7333335876465,6,7600,SJ@ANH,ANH,SJ,,,
,,,,,,,,,,,,,40554-40050:Antti Raanta,40554-40050,G,Antti,Antti Raanta,Raanta,19.5999997456868,6,7600,ARI@MIN,ARI,MIN,,,
,,,,,,,,,,,,,40554-12417:Tyler Seguin,40554-12417,C,Tyler,Tyler Seguin,Seguin,10.7894736842105,19,7600,DAL@VAN,DAL,VAN,,,
,,,,,,,,,,,,,40554-83213:Pavel Francouz,40554-83213,G,Pavel,Pavel Francouz,Francouz,18.1714281354632,7,7600,COL@EDM,COL,EDM,O,Concussion,
,,,,,,,,,,,,,40554-15217:Jonathan Huberdeau,40554-15217,W,Jonathan,Jonathan Huberdeau,Huberdeau,17.1833326551649,18,7600,WPG@FLA,FLA,WPG,,,
,,,,,,,,,,,,,40554-9092:Evander Kane,40554-9092,W,Evander,Evander Kane,Kane,18.3250007629395,16,7600,SJ@ANH,SJ,ANH,,,
,,,,,,,,,,,,,40554-82094:Alexandar Georgiev,40554-82094,G,Alexandar,Alexandar Georgiev,Georgiev,18,8,7500,NYR@TB,NYR,TB,,,
,,,,,,,,,,,,,40554-70900:Patrik Laine,40554-70900,W,Patrik,Patrik Laine,Laine,14.7352941176471,17,7500,WPG@FLA,WPG,FLA,,,
,,,,,,,,,,,,,40554-54809:Linus Ullmark,40554-54809,G,Linus,Linus Ullmark,Ullmark,20.6857147216797,7,7500,CAR@BUF,BUF,CAR,,,
,,,,,,,,,,,,,40554-8893:Anton Khudobin,40554-8893,G,Anton,Anton Khudobin,Khudobin,15.7714287894113,7,7500,DAL@VAN,DAL,VAN,,,
,,,,,,,,,,,,,40554-104427:Adam Werner,40554-104427,G,Adam,Adam Werner,Werner,44,1,7500,COL@EDM,COL,EDM,,,
,,,,,,,,,,,,,40554-9278:Martin Jones,40554-9278,G,Martin,Martin Jones,Jones,11.7866668701172,15,7400,SJ@ANH,SJ,ANH,,,
,,,,,,,,,,,,,40554-8920:Devan Dubnyk,40554-8920,G,Devan,Devan Dubnyk,Dubnyk,10.9333330790202,12,7400,ARI@MIN,MIN,ARI,,,
,,,,,,,,,,,,,40554-15321:Mark Scheifele,40554-15321,C,Mark,Mark Scheifele,Scheifele,12.9473684210526,19,7400,WPG@FLA,WPG,FLA,,,
,,,,,,,,,,,,,40554-12283:Jacob Markstrom,40554-12283,G,Jacob,Jacob Markstrom,Markstrom,17.4000002543132,12,7400,DAL@VAN,VAN,DAL,,,
,,,,,,,,,,,,,40554-66693:Sam Montembeault,40554-66693,G,Sam,Sam Montembeault,Montembeault,14.533332824707,6,7300,WPG@FLA,FLA,WPG,,,
,,,,,,,,,,,,,40554-8426:Brent Burns,40554-8426,D,Brent,Brent Burns,Burns,15.0526315789474,19,7300,SJ@ANH,SJ,ANH,,,
,,,,,,,,,,,,,40554-12619:Jack Campbell,40554-12619,G,Jack,Jack Campbell,Campbell,12.1142861502511,7,7300,DET@LA,LA,DET,,,
,,,,,,,,,,,,,40554-84409:Elias Pettersson,40554-84409,C,Elias,Elias Pettersson,Pettersson,16.2052628366571,19,7300,DAL@VAN,VAN,DAL,,,
,,,,,,,,,,,,,40554-58904:Aaron Dell,40554-58904,G,Aaron,Aaron Dell,Dell,9.59999974568685,6,7300,SJ@ANH,SJ,ANH,,,
,,,,,,,,,,,,,40554-9252:Alex Stalock,40554-9252,G,Alex,Alex Stalock,Stalock,12.977778116862,9,7200,ARI@MIN,MIN,ARI,,,
,,,,,,,,,,,,,40554-8412:Jonathan Quick,40554-8412,G,Jonathan,Jonathan Quick,Quick,9.38181790438565,11,7200,DET@LA,LA,DET,,,
,,,,,,,,,,,,,40554-58926:Brayden Point,40554-58926,C,Brayden,Brayden Point,Point,12.841667175293,12,7200,NYR@TB,TB,NYR,,,
,,,,,,,,,,,,,40554-8780:Jonathan Bernier,40554-8780,G,Jonathan,Jonathan Bernier,Bernier,12.4000002543132,12,7200,DET@LA,DET,LA,,,
,,,,,,,,,,,,,40554-9052:James Reimer,40554-9052,G,James,James Reimer,Reimer,12.7999997820173,7,7200,CAR@BUF,CAR,BUF,,,
,,,,,,,,,,,,,40554-15271:Laurent Brossoit,40554-15271,G,Laurent,Laurent Brossoit,Brossoit,8,5,7200,WPG@FLA,WPG,FLA,,,
,,,,,,,,,,,,,40554-14565:Mika Zibanejad,40554-14565,C,Mika,Mika Zibanejad,Zibanejad,18.0888892279731,9,7100,NYR@TB,NYR,TB,O,Upper body,
,,,,,,,,,,,,,40554-79857:Brock Boeser,40554-79857,W,Brock,Brock Boeser,Boeser,14.6105266370271,19,7100,DAL@VAN,VAN,DAL,,,
,,,,,,,,,,,,,40554-43033:Antoine Bibeau,40554-43033,G,Antoine,Antoine Bibeau,Bibeau,0,0,7000,COL@EDM,COL,EDM,,,
,,,,,,,,,,,,,40554-66599:Zane McIntyre,40554-66599,G,Zane,Zane McIntyre,McIntyre,0,0,7000,DAL@VAN,VAN,DAL,,,
,,,,,,,,,,,,,40554-12439:Jeff Skinner,40554-12439,W,Jeff,Jeff Skinner,Skinner,12.6529415355009,17,7000,CAR@BUF,BUF,CAR,,,
,,,,,,,,,,,,,40554-8353:Jimmy Howard,40554-8353,G,Jimmy,Jimmy Howard,Howard,10.4,10,7000,DET@LA,DET,LA,,,
,,,,,,,,,,,,,40554-73946:Sebastian Aho,40554-73946,C,Sebastian,Sebastian Aho,Aho,13.2555558946398,18,7000,CAR@BUF,CAR,BUF,,,
,,,,,,,,,,,,,40554-38243:Anthony Stolarz,40554-38243,G,Anthony,Anthony Stolarz,Stolarz,12.1333329942491,18,7000,SJ@ANH,ANH,SJ,,,
,,,,,,,,,,,,,40554-14697:Gabriel Landeskog,40554-14697,W,Gabriel,Gabriel Landeskog,Landeskog,10.9272724498402,11,7000,COL@EDM,COL,EDM,IR,Lower body,
,,,,,,,,,,,,,40554-12654:Calvin Pickard,40554-12654,G,Calvin,Calvin Pickard,Pickard,7.81176488539752,17,7000,DET@LA,DET,LA,,,
,,,,,,,,,,,,,40554-59226:Alex Nedeljkovic,40554-59226,G,Alex,Alex Nedeljkovic,Nedeljkovic,23.2000007629395,1,7000,CAR@BUF,CAR,BUF,,,
,,,,,,,,,,,,,40554-21546:Alexander Radulov,40554-21546,W,Alexander,Alexander Radulov,Radulov,10.5368419446443,19,6800,DAL@VAN,DAL,VAN,,,
,,,,,,,,,,,,,40554-40036:Tomas Hertl,40554-40036,C,Tomas,Tomas Hertl,Hertl,14.5789473684211,19,6800,SJ@ANH,SJ,ANH,,,
,,,,,,,,,,,,,40554-43134:Anthony Mantha,40554-43134,W,Anthony,Anthony Mantha,Mantha,16.6699996948242,20,6700,DET@LA,DET,LA,,,
,,,,,,,,,,,,,40554-62788:Dylan Larkin,40554-62788,C,Dylan,Dylan Larkin,Larkin,13.3300003051758,20,6700,DET@LA,DET,LA,,,
,,,,,,,,,,,,,40554-8182:Blake Wheeler,40554-8182,W,Blake,Blake Wheeler,Wheeler,10.9578945762233,19,6700,WPG@FLA,WPG,FLA,,,
,,,,,,,,,,,,,40554-9269:Logan Couture,40554-9269,C,Logan,Logan Couture,Couture,12.2473682604338,19,6600,SJ@ANH,SJ,ANH,,,
,,,,,,,,,,,,,40554-8682:Phil Kessel,40554-8682,W,Phil,Phil Kessel,Kessel,9.57894736842105,19,6600,ARI@MIN,ARI,MIN,,,
,,,,,,,,,,,,,40554-15356:Dougie Hamilton,40554-15356,D,Dougie,Dougie Hamilton,Hamilton,17.727778116862,18,6600,CAR@BUF,CAR,BUF,,,
,,,,,,,,,,,,,40554-70125:Kyle Connor,40554-70125,W,Kyle,Kyle Connor,Connor,12.8789472078022,19,6500,WPG@FLA,WPG,FLA,,,
,,,,,,,,,,,,,40554-8551:Erik Karlsson,40554-8551,D,Erik,Erik Karlsson,Karlsson,11.5333336724175,18,6400,SJ@ANH,SJ,ANH,,,
,,,,,,,,,,,,,40554-8234:Eric Staal,40554-8234,C,Eric,Eric Staal,Staal,11.2833336724175,18,6300,ARI@MIN,MIN,ARI,,,
,,,,,,,,,,,,,40554-14473:Jakob Silfverberg,40554-14473,W,Jakob,Jakob Silfverberg,Silfverberg,12.2526317395662,19,6300,SJ@ANH,ANH,SJ,,,
,,,,,,,,,,,,,40554-43178:Teuvo Teravainen,40554-43178,W,Teuvo,Teuvo Teravainen,Teravainen,12.6000001695421,18,6300,CAR@BUF,CAR,BUF,,,
,,,,,,,,,,,,,40554-8875:Evgenii Dadonov,40554-8875,W,Evgenii,Evgenii Dadonov,Dadonov,13.4722222222222,18,6300,WPG@FLA,FLA,WPG,,,
,,,,,,,,,,,,,40554-8669:Victor Hedman,40554-8669,D,Victor,Victor Hedman,Hedman,13.0538459190956,13,6200,NYR@TB,TB,NYR,,,
,,,,,,,,,,,,,40554-8986:Jamie Benn,40554-8986,W,Jamie,Jamie Benn,Benn,7.5052634791324,19,6200,DAL@VAN,DAL,VAN,,,
,,,,,,,,,,,,,40554-8134:Ryan Getzlaf,40554-8134,C,Ryan,Ryan Getzlaf,Getzlaf,12.3052633185136,19,6200,SJ@ANH,ANH,SJ,,,
,,,,,,,,,,,,,40554-14563:Ryan Nugent-Hopkins,40554-14563,C,Ryan,Ryan Nugent-Hopkins,Nugent-Hopkins,11.2550003051758,20,6100,COL@EDM,EDM,COL,,,
,,,,,,,,,,,,,40554-85470:Andrei Svechnikov,40554-85470,W,Andrei,Andrei Svechnikov,Svechnikov,14.727778116862,18,6100,CAR@BUF,CAR,BUF,,,
,,,,,,,,,,,,,40554-8615:Joe Pavelski,40554-8615,W,Joe,Joe Pavelski,Pavelski,9.32631562885485,19,6000,DAL@VAN,DAL,VAN,,,
,,,,,,,,,,,,,40554-15360:J.T. Miller,40554-15360,W,J.T.,J.T. Miller,Miller,14.5842108475535,19,5900,DAL@VAN,VAN,DAL,,,
,,,,,,,,,,,,,40554-55375:Sam Reinhart,40554-55375,W,Sam,Sam Reinhart,Reinhart,13.3235294117647,17,5800,CAR@BUF,BUF,CAR,,,
,,,,,,,,,,,,,40554-8406:Drew Doughty,40554-8406,D,Drew,Drew Doughty,Doughty,13.1777776082357,18,5800,DET@LA,LA,DET,,,
,,,,,,,,,,,,,40554-80286:Roope Hintz,40554-80286,C,Roope,Roope Hintz,Hintz,11.7687501907349,16,5800,DAL@VAN,DAL,VAN,IR,Lower body,
,,,,,,,,,,,,,40554-15283:Vincent Trocheck,40554-15283,C,Vincent,Vincent Trocheck,Trocheck,11.0636360862038,11,5800,WPG@FLA,FLA,WPG,,,
,,,,,,,,,,,,,40554-12253:Mats Zuccarello,40554-12253,W,Mats,Mats Zuccarello,Zuccarello,7.55714307512556,14,5800,ARI@MIN,MIN,ARI,,,
,,,,,,,,,,,,,40554-83057:Victor Olofsson,40554-83057,W,Victor,Victor Olofsson,Olofsson,11.5764707677505,17,5700,CAR@BUF,BUF,CAR,,,
,,,,,,,,,,,,,40554-42478:Bo Horvat,40554-42478,C,Bo,Bo Horvat,Horvat,13.4315787867496,19,5700,DAL@VAN,VAN,DAL,,,
,,,,,,,,,,,,,40554-12843:Adam Henrique,40554-12843,C,Adam,Adam Henrique,Henrique,11.7894736842105,19,5700,SJ@ANH,ANH,SJ,,,
,,,,,,,,,,,,,40554-9259:Mike Hoffman,40554-9259,W,Mike,Mike Hoffman,Hoffman,12.1222220526801,18,5600,WPG@FLA,FLA,WPG,,,
,,,,,,,,,,,,,40554-66690:Timo Meier,40554-66690,W,Timo,Timo Meier,Meier,11.3526314183285,19,5600,SJ@ANH,SJ,ANH,,,
,,,,,,,,,,,,,40554-8402:Dustin Brown,40554-8402,W,Dustin,Dustin Brown,Brown,10.0722223917643,18,5600,DET@LA,LA,DET,,,
,,,,,,,,,,,,,40554-8478:Zach Parise,40554-8478,W,Zach,Zach Parise,Parise,7.40555572509766,18,5600,ARI@MIN,MIN,ARI,,,
,,,,,,,,,,,,,40554-9079:Keith Yandle,40554-9079,D,Keith,Keith Yandle,Yandle,11.3333333333333,18,5600,WPG@FLA,FLA,WPG,,,
,,,,,,,,,,,,,40554-15269:Rickard Rakell,40554-15269,W,Rickard,Rickard Rakell,Rakell,11.1368424265008,19,5600,SJ@ANH,ANH,SJ,,,
,,,,,,,,,,,,,40554-11365:Kevin Shattenkirk,40554-11365,D,Kevin,Kevin Shattenkirk,Shattenkirk,14.0733337402344,15,5500,NYR@TB,TB,NYR,,,
,,,,,,,,,,,,,40554-85132:Rasmus Dahlin,40554-85132,D,Rasmus,Rasmus Dahlin,Dahlin,9.38235294117647,17,5500,CAR@BUF,BUF,CAR,,,
,,,,,,,,,,,,,40554-70513:Pavel Buchnevich,40554-70513,W,Pavel,Pavel Buchnevich,Buchnevich,10.625,16,5500,NYR@TB,NYR,TB,,,
,,,,,,,,,,,,,40554-15386:Ryan Strome,40554-15386,C,Ryan,Ryan Strome,Strome,12.40625,16,5400,NYR@TB,NYR,TB,,,
,,,,,,,,,,,,,40554-8319:James Neal,40554-8319,W,James,James Neal,Neal,12.7599998474121,20,5400,COL@EDM,EDM,COL,,,
,,,,,,,,,,,,,40554-21686:Jason Zucker,40554-21686,W,Jason,Jason Zucker,Zucker,9.84444427490234,18,5400,ARI@MIN,MIN,ARI,,,
,,,,,,,,,,,,,40554-70905:Clayton Keller,40554-70905,W,Clayton,Clayton Keller,Keller,10.8842106869346,19,5400,ARI@MIN,ARI,MIN,,,
,,,,,,,,,,,,,40554-8709:Alexander Edler,40554-8709,D,Alexander,Alexander Edler,Edler,13.9578953793174,19,5400,DAL@VAN,VAN,DAL,,,
,,,,,,,,,,,,,40554-15315:Ondrej Palat,40554-15315,W,Ondrej,Ondrej Palat,Palat,10.7866668701172,15,5400,NYR@TB,TB,NYR,,,
,,,,,,,,,,,,,40554-39269:Erik Haula,40554-39269,C,Erik,Erik Haula,Haula,12.8642861502511,14,5300,CAR@BUF,CAR,BUF,,,
,,,,,,,,,,,,,40554-21927:Chris Kreider,40554-21927,W,Chris,Chris Kreider,Kreider,10.2937498092651,16,5300,NYR@TB,NYR,TB,,,
,,,,,,,,,,,,,40554-42912:Oscar Klefbom,40554-42912,D,Oscar,Oscar Klefbom,Klefbom,13.0699996948242,20,5300,COL@EDM,EDM,COL,,,
,,,,,,,,,,,,,40554-43135:Tyler Bertuzzi,40554-43135,W,Tyler,Tyler Bertuzzi,Bertuzzi,12.2050003051758,20,5200,DET@LA,DET,LA,,,
,,,,,,,,,,,,,40554-12728:Nino Niederreiter,40554-12728,W,Nino,Nino Niederreiter,Niederreiter,7.25555589463976,18,5200,CAR@BUF,CAR,BUF,,,
,,,,,,,,,,,,,40554-12812:Jared Spurgeon,40554-12812,D,Jared,Jared Spurgeon,Spurgeon,10.6611107720269,18,5200,ARI@MIN,MIN,ARI,,,
,,,,,,,,,,,,,40554-8741:Nazem Kadri,40554-8741,C,Nazem,Nazem Kadri,Kadri,10.9833331637912,18,5200,COL@EDM,COL,EDM,,,
,,,,,,,,,,,,,40554-111471:Kaapo Kakko,40554-111471,W,Kaapo,Kaapo Kakko,Kakko,8.625,16,5200,NYR@TB,NYR,TB,,,
,,,,,,,,,,,,,40554-12244:Oliver Ekman-Larsson,40554-12244,D,Oliver,Oliver Ekman-Larsson,Ekman-Larsson,9.37368453176398,19,5100,ARI@MIN,ARI,MIN,,,
,,,,,,,,,,,,,40554-103523:Cale Makar,40554-103523,D,Cale,Cale Makar,Makar,14.1333329942491,18,5000,COL@EDM,COL,EDM,,,
,,,,,,,,,,,,,40554-73889:Nick Schmaltz,40554-73889,W,Nick,Nick Schmaltz,Schmaltz,10.1842105263158,19,5000,ARI@MIN,ARI,MIN,,,
,,,,,,,,,,,,,40554-14457:John Klingberg,40554-14457,D,John,John Klingberg,Klingberg,7.25882361916935,17,4900,DAL@VAN,DAL,VAN,IR,Lower body,
,,,,,,,,,,,,,40554-66680:Jaccob Slavin,40554-66680,D,Jaccob,Jaccob Slavin,Slavin,12.0888892279731,18,4900,CAR@BUF,CAR,BUF,,,
,,,,,,,,,,,,,40554-12460:Cam Fowler,40554-12460,D,Cam,Cam Fowler,Fowler,9.23157862613076,19,4900,SJ@ANH,ANH,SJ,,,
,,,,,,,,,,,,,40554-62783:Joonas Donskoi,40554-62783,W,Joonas,Joonas Donskoi,Donskoi,11.8888888888889,18,4900,COL@EDM,COL,EDM,,,
,,,,,,,,,,,,,40554-8596:Jordan Staal,40554-8596,C,Jordan,Jordan Staal,Staal,5.98333316379123,18,4900,CAR@BUF,CAR,BUF,,,
,,,,,,,,,,,,,40554-58907:Nikolaj Ehlers,40554-58907,W,Nikolaj,Nikolaj Ehlers,Ehlers,13.2315786261308,19,4900,WPG@FLA,WPG,FLA,,,
,,,,,,,,,,,,,40554-58928:Tony DeAngelo,40554-58928,D,Tony,Tony DeAngelo,DeAngelo,12.7375001907349,16,4900,NYR@TB,NYR,TB,,,
,,,,,,,,,,,,,40554-43139:Andreas Athanasiou,40554-43139,W,Andreas,Andreas Athanasiou,Athanasiou,9.5499996609158,18,4800,DET@LA,DET,LA,,,
,,,,,,,,,,,,,40554-8414:Mikko Koivu,40554-8414,C,Mikko,Mikko Koivu,Koivu,8.08333333333333,18,4800,ARI@MIN,MIN,ARI,,,
,,,,,,,,,,,,,40554-70907:Mikhail Sergachev,40554-70907,D,Mikhail,Mikhail Sergachev,Sergachev,9.24000040690104,15,4800,NYR@TB,TB,NYR,,,
,,,,,,,,,,,,,40554-8466:Ryan Suter,40554-8466,D,Ryan,Ryan Suter,Suter,8.55555555555556,18,4800,ARI@MIN,MIN,ARI,,,
,,,,,,,,,,,,,40554-13612:Tyler Johnson,40554-13612,C,Tyler,Tyler Johnson,Johnson,9.24000040690104,15,4800,NYR@TB,TB,NYR,,,
,,,,,,,,,,,,,40554-8555:Jeff Carter,40554-8555,W,Jeff,Jeff Carter,Carter,10.4444444444444,18,4800,DET@LA,LA,DET,,,
,,,,,,,,,,,,,40554-8162:Bryan Little,40554-8162,C,Bryan,Bryan Little,Little,10.514285496303,7,4800,WPG@FLA,WPG,FLA,IR,Ear,
,,,,,,,,,,,,,40554-54503:Ryan Dzingel,40554-54503,W,Ryan,Ryan Dzingel,Dzingel,10.1888885498047,18,4700,CAR@BUF,CAR,BUF,,,
,,,,,,,,,,,,,40554-82174:Miro Heiskanen,40554-82174,D,Miro,Miro Heiskanen,Heiskanen,11.2263159500925,19,4700,DAL@VAN,DAL,VAN,,,
,,,,,,,,,,,,,40554-55607:Aaron Ekblad,40554-55607,D,Aaron,Aaron Ekblad,Ekblad,11.4117647058824,17,4700,WPG@FLA,FLA,WPG,,,
,,,,,,,,,,,,,40554-12624:Tyler Toffoli,40554-12624,W,Tyler,Tyler Toffoli,Toffoli,9.41176470588235,17,4700,DET@LA,LA,DET,,,
,,,,,,,,,,,,,40554-70279:J.T. Compher,40554-70279,W,J.T.,J.T. Compher,Compher,8.91333312988281,15,4700,COL@EDM,COL,EDM,,,
,,,,,,,,,,,,,40554-12220:Marcus Johansson,40554-12220,C,Marcus,Marcus Johansson,Johansson,7.74705864401425,17,4700,CAR@BUF,BUF,CAR,O,Upper body,
,,,,,,,,,,,,,40554-42981:Josh Morrissey,40554-42981,D,Josh,Josh Morrissey,Morrissey,10.9529409969554,17,4700,WPG@FLA,WPG,FLA,,,
,,,,,,,,,,,,,40554-12448:Derek Stepan,40554-12448,C,Derek,Derek Stepan,Stepan,7.21052631578947,19,4600,ARI@MIN,ARI,MIN,,,
,,,,,,,,,,,,,40554-11152:Zack Kassian,40554-11152,W,Zack,Zack Kassian,Kassian,9.44000015258789,20,4600,COL@EDM,EDM,COL,,,
,,,,,,,,,,,,,40554-39870:Tanner Pearson,40554-39870,W,Tanner,Tanner Pearson,Pearson,10.436842265882,19,4600,DAL@VAN,VAN,DAL,,,
,,,,,,,,,,,,,40554-42993:Rasmus Ristolainen,40554-42993,D,Rasmus,Rasmus Ristolainen,Ristolainen,8.97058823529412,17,4600,CAR@BUF,BUF,CAR,,,
,,,,,,,,,,,,,40554-66713:Anthony Cirelli,40554-66713,C,Anthony,Anthony Cirelli,Cirelli,7.67142868041992,14,4500,NYR@TB,TB,NYR,,,
,,,,,,,,,,,,,40554-39245:Jacob Trouba,40554-39245,D,Jacob,Jacob Trouba,Trouba,12.5687503814697,16,4500,NYR@TB,NYR,TB,,,
,,,,,,,,,,,,,40554-58877:Conor Sheary,40554-58877,W,Conor,Conor Sheary,Sheary,6.53846153846154,13,4500,CAR@BUF,BUF,CAR,,,
,,,,,,,,,,,,,40554-58891:Kevin Labanc,40554-58891,W,Kevin,Kevin Labanc,Labanc,8.68421052631579,19,4500,SJ@ANH,SJ,ANH,,,
,,,,,,,,,,,,,40554-15255:Josh Leivo,40554-15255,W,Josh,Josh Leivo,Leivo,7.94210494192023,19,4500,DAL@VAN,VAN,DAL,,,
,,,,,,,,,,,,,40554-82087:Filip Chytil,40554-82087,C,Filip,Filip Chytil,Chytil,11.8857138497489,7,4400,NYR@TB,NYR,TB,,,
,,,,,,,,,,,,,40554-39145:Danny DeKeyser,40554-39145,D,Danny,Danny DeKeyser,DeKeyser,10,8,4400,DET@LA,DET,LA,IR,Undisclosed,
,,,,,,,,,,,,,40554-70928:Sam Steel,40554-70928,C,Sam,Sam Steel,Steel,6.28666687011719,15,4400,SJ@ANH,ANH,SJ,,,
,,,,,,,,,,,,,40554-8619:Patrick Marleau,40554-8619,W,Patrick,Patrick Marleau,Marleau,9.52666625976562,15,4400,SJ@ANH,SJ,ANH,,,
,,,,,,,,,,,,,40554-42833:Andre Burakovsky,40554-42833,W,Andre,Andre Burakovsky,Burakovsky,10.4666663275825,18,4400,COL@EDM,COL,EDM,,,
,,,,,,,,,,,,,40554-8158:Ilya Kovalchuk,40554-8158,W,Ilya,Ilya Kovalchuk,Kovalchuk,9.17058787626379,17,4400,DET@LA,LA,DET,,,
,,,,,,,,,,,,,40554-21523:Alex Killorn,40554-21523,W,Alex,Alex Killorn,Killorn,8.36666666666667,15,4300,NYR@TB,TB,NYR,,,
,,,,,,,,,,,,,40554-12411:Ryan McDonagh,40554-12411,D,Ryan,Ryan McDonagh,McDonagh,7.94666646321615,15,4300,NYR@TB,TB,NYR,,,
,,,,,,,,,,,,,40554-8611:Alex Goligoski,40554-8611,D,Alex,Alex Goligoski,Goligoski,10.4210526315789,19,4300,ARI@MIN,ARI,MIN,,,
,,,,,,,,,,,,,40554-39464:Hampus Lindholm,40554-39464,D,Hampus,Hampus Lindholm,Lindholm,9.47333374023438,15,4300,SJ@ANH,ANH,SJ,IR,Undisclosed,
,,,,,,,,,,,,,40554-59208:Kevin Fiala,40554-59208,W,Kevin,Kevin Fiala,Fiala,7.81538449800932,13,4300,ARI@MIN,MIN,ARI,,,
,,,,,,,,,,,,,40554-62294:Brady Skjei,40554-62294,D,Brady,Brady Skjei,Skjei,9.27999979654948,15,4300,NYR@TB,NYR,TB,,,
,,,,,,,,,,,,,40554-70511:Denis Gurianov,40554-70511,W,Denis,Denis Gurianov,Gurianov,9.59333292643229,15,4300,DAL@VAN,DAL,VAN,,,
,,,,,,,,,,,,,40554-80005:Neal Pionk,40554-80005,D,Neal,Neal Pionk,Pionk,9.95789457622327,19,4200,WPG@FLA,WPG,FLA,,,
,,,,,,,,,,,,,40554-73909:Samuel Girard,40554-73909,D,Samuel,Samuel Girard,Girard,7.77222188313802,18,4200,COL@EDM,COL,EDM,,,
,,,,,,,,,,,,,40554-74016:Filip Hronek,40554-74016,D,Filip,Filip Hronek,Hronek,10.3949996948242,20,4200,DET@LA,DET,LA,DTD,Undisclosed,
,,,,,,,,,,,,,40554-54575:Esa Lindell,40554-54575,D,Esa,Esa Lindell,Lindell,7.33684178402549,19,4200,DAL@VAN,DAL,VAN,,,
,,,,,,,,,,,,,40554-53606:Yanni Gourde,40554-53606,W,Yanni,Yanni Gourde,Gourde,9.24000040690104,15,4200,NYR@TB,TB,NYR,,,
,,,,,,,,,,,,,40554-101277:Quinn Hughes,40554-101277,D,Quinn,Quinn Hughes,Hughes,9.0499996609158,18,4200,DAL@VAN,VAN,DAL,,,
,,,,,,,,,,,,,40554-15272:Micheal Ferland,40554-15272,W,Micheal,Micheal Ferland,Ferland,5.53333346048991,12,4200,DAL@VAN,VAN,DAL,IR,Concussion,
,,,,,,,,,,,,,40554-43042:MacKenzie Weegar,40554-43042,D,MacKenzie,MacKenzie Weegar,Weegar,9.64705882352941,17,4100,WPG@FLA,FLA,WPG,O,Face,
,,,,,,,,,,,,,40554-61859:Brandon Montour,40554-61859,D,Brandon,Brandon Montour,Montour,9.06666692097982,3,4100,CAR@BUF,BUF,CAR,,,
,,,,,,,,,,,,,40554-23225:Matt Dumba,40554-23225,D,Matt,Matt Dumba,Dumba,9.72777811686198,18,4100,ARI@MIN,MIN,ARI,,,
,,,,,,,,,,,,,40554-59120:Christian Dvorak,40554-59120,C,Christian,Christian Dvorak,Dvorak,9.08947352359169,19,4100,ARI@MIN,ARI,MIN,,,
,,,,,,,,,,,,,40554-8237:Brandon Sutter,40554-8237,C,Brandon,Brandon Sutter,Sutter,8.63157894736842,19,4000,DAL@VAN,VAN,DAL,IR,Groin,
,,,,,,,,,,,,,40554-12449:Brett Connolly,40554-12449,W,Brett,Brett Connolly,Connolly,9.36111111111111,18,4000,WPG@FLA,FLA,WPG,,,
,,,,,,,,,,,,,40554-42910:Darnell Nurse,40554-42910,D,Darnell,Darnell Nurse,Nurse,9.625,20,4000,COL@EDM,EDM,COL,,,
,,,,,,,,,,,,,40554-8211:Tyler Myers,40554-8211,D,Tyler,Tyler Myers,Myers,6.98947384482936,19,3900,DAL@VAN,VAN,DAL,,,
,,,,,,,,,,,,,40554-79935:Alex Iafallo,40554-79935,W,Alex,Alex Iafallo,Iafallo,7.92222256130642,18,3900,DET@LA,LA,DET,,,
,,,,,,,,,,,,,40554-66622:Conor Garland,40554-66622,W,Conor,Conor Garland,Garland,11.1105266370271,19,3900,ARI@MIN,ARI,MIN,,,
,,,,,,,,,,,,,40554-82029:Sean Walker,40554-82029,D,Sean,Sean Walker,Walker,9.6000001695421,18,3900,DET@LA,LA,DET,,,
,,,,,,,,,,,,,40554-70914:Jakob Chychrun,40554-70914,D,Jakob,Jakob Chychrun,Chychrun,9.48421036569696,19,3900,ARI@MIN,ARI,MIN,,,
,,,,,,,,,,,,,40554-23928:Radek Faksa,40554-23928,C,Radek,Radek Faksa,Faksa,8.06842121325041,19,3900,DAL@VAN,DAL,VAN,,,
,,,,,,,,,,,,,40554-8746:Matt Calvert,40554-8746,W,Matt,Matt Calvert,Calvert,9.88888888888889,18,3900,COL@EDM,COL,EDM,,,
,,,,,,,,,,,,,40554-12952:Jake Gardiner,40554-12952,D,Jake,Jake Gardiner,Gardiner,6.32222239176432,18,3900,CAR@BUF,CAR,BUF,,,
,,,,,,,,,,,,,40554-82850:Casey Mittelstadt,40554-82850,C,Casey,Casey Mittelstadt,Mittelstadt,5.94117647058824,17,3900,CAR@BUF,BUF,CAR,,,
,,,,,,,,,,,,,40554-8336:Valtteri Filppula,40554-8336,C,Valtteri,Valtteri Filppula,Filppula,5.86500015258789,20,3800,DET@LA,DET,LA,,,
,,,,,,,,,,,,,40554-54481:Jake McCabe,40554-54481,D,Jake,Jake McCabe,McCabe,7.95294099695542,17,3800,CAR@BUF,BUF,CAR,,,
,,,,,,,,,,,,,40554-70908:Tyson Jost,40554-70908,W,Tyson,Tyson Jost,Jost,8.20555538601345,18,3800,COL@EDM,COL,EDM,,,
,,,,,,,,,,,,,40554-8502:Kyle Okposo,40554-8502,W,Kyle,Kyle Okposo,Okposo,4.56470579259536,17,3800,CAR@BUF,BUF,CAR,,,
,,,,,,,,,,,,,40554-39234:Matt Nieto,40554-39234,W,Matt,Matt Nieto,Nieto,7.93333350287543,18,3800,COL@EDM,COL,EDM,,,
,,,,,,,,,,,,,40554-39295:Carl Soderberg,40554-39295,C,Carl,Carl Soderberg,Soderberg,8.28947368421053,19,3800,ARI@MIN,ARI,MIN,,,
,,,,,,,,,,,,,40554-8614:Joe Thornton,40554-8614,C,Joe,Joe Thornton,Thornton,4.74210518284848,19,3800,SJ@ANH,SJ,ANH,,,
,,,,,,,,,,,,,40554-8628:Marc-Edouard Vlasic,40554-8628,D,Marc-Edouard,Marc-Edouard Vlasic,Vlasic,6.08421044600637,19,3800,SJ@ANH,SJ,ANH,,,
,,,,,,,,,,,,,40554-59117:Nick Ritchie,40554-59117,W,Nick,Nick Ritchie,Ritchie,8.15294153550092,17,3800,SJ@ANH,ANH,SJ,,,
,,,,,,,,,,,,,40554-8967:Alec Martinez,40554-8967,D,Alec,Alec Martinez,Martinez,8.29444461398655,18,3800,DET@LA,LA,DET,,,
,,,,,,,,,,,,,40554-42908:Brad Hunt,40554-42908,D,Brad,Brad Hunt,Hunt,9.27777777777778,18,3800,ARI@MIN,MIN,ARI,,,
,,,,,,,,,,,,,40554-62429:Adrian Kempe,40554-62429,C,Adrian,Adrian Kempe,Kempe,5.34705891328699,17,3800,DET@LA,LA,DET,,,
,,,,,,,,,,,,,40554-42994:Nikita Zadorov,40554-42994,D,Nikita,Nikita Zadorov,Zadorov,6.34666646321615,15,3800,COL@EDM,COL,EDM,IR,Jaw,
,,,,,,,,,,,,,40554-12291:Christopher Tanev,40554-12291,D,Christopher,Christopher Tanev,Tanev,7.72631595009252,19,3700,DAL@VAN,VAN,DAL,,,
,,,,,,,,,,,,,40554-9270:Jason Demers,40554-9270,D,Jason,Jason Demers,Demers,5.38823520436007,17,3700,ARI@MIN,ARI,MIN,,,
,,,,,,,,,,,,,40554-66635:Ethan Bear,40554-66635,D,Ethan,Ethan Bear,Bear,7.2,20,3700,COL@EDM,EDM,COL,,,
,,,,,,,,,,,,,40554-66643:Erik Cernak,40554-66643,D,Erik,Erik Cernak,Cernak,6.57142857142857,14,3700,NYR@TB,TB,NYR,,,
,,,,,,,,,,,,,40554-61549:Frank Vatrano,40554-61549,W,Frank,Frank Vatrano,Vatrano,11.4277776082357,18,3700,WPG@FLA,FLA,WPG,,,
,,,,,,,,,,,,,40554-73949:Joel Eriksson Ek,40554-73949,C,Joel,Joel Eriksson Ek,Eriksson Ek,7.52000020345052,15,3700,ARI@MIN,MIN,ARI,,,
,,,,,,,,,,,,,40554-21755:Alex Chiasson,40554-21755,W,Alex,Alex Chiasson,Chiasson,5.72352959127987,17,3700,COL@EDM,EDM,COL,,,
,,,,,,,,,,,,,40554-8517:Brian Boyle,40554-8517,C,Brian,Brian Boyle,Boyle,10,10,3700,WPG@FLA,FLA,WPG,,,
,,,,,,,,,,,,,40554-8531:Michael Del Zotto,40554-8531,D,Michael,Michael Del Zotto,Del Zotto,5.54285703386579,14,3700,SJ@ANH,ANH,SJ,,,
,,,,,,,,,,,,,40554-62861:Noel Acciari,40554-62861,C,Noel,Noel Acciari,Acciari,8.21333312988281,15,3700,WPG@FLA,FLA,WPG,,,
,,,,,,,,,,,,,40554-103940:Adam Fox,40554-103940,D,Adam,Adam Fox,Fox,9.11250019073486,16,3700,NYR@TB,NYR,TB,,,
,,,,,,,,,,,,,40554-23053:Jesper Fast,40554-23053,W,Jesper,Jesper Fast,Fast,7.57333323160807,15,3700,NYR@TB,NYR,TB,,,
,,,,,,,,,,,,,40554-8726:Mike Green,40554-8726,D,Mike,Mike Green,Green,8.29411764705882,17,3700,DET@LA,DET,LA,,,
,,,,,,,,,,,,,40554-70169:Troy Stecher,40554-70169,D,Troy,Troy Stecher,Stecher,5.43157878674959,19,3700,DAL@VAN,VAN,DAL,,,
,,,,,,,,,,,,,40554-62195:Brett Pesce,40554-62195,D,Brett,Brett Pesce,Pesce,9.06666649712457,18,3700,CAR@BUF,CAR,BUF,,,
,,,,,,,,,,,,,40554-8142:Corey Perry,40554-8142,W,Corey,Corey Perry,Perry,6.17499987284343,12,3700,DAL@VAN,DAL,VAN,,,
,,,,,,,,,,,,,40554-15380:Jordie Benn,40554-15380,D,Jordie,Jordie Benn,Benn,4.46315805535567,19,3600,DAL@VAN,VAN,DAL,,,
,,,,,,,,,,,,,40554-59413:Jake Virtanen,40554-59413,W,Jake,Jake Virtanen,Virtanen,8.46315805535567,19,3600,DAL@VAN,VAN,DAL,,,
,,,,,,,,,,,,,40554-8310:Kris Russell,40554-8310,D,Kris,Kris Russell,Russell,6.07999992370606,20,3600,COL@EDM,EDM,COL,,,
,,,,,,,,,,,,,40554-82045:Martin Necas,40554-82045,W,Martin,Martin Necas,Necas,9.21111128065321,18,3600,CAR@BUF,CAR,BUF,,,
,,,,,,,,,,,,,40554-66716:Mathieu Joseph,40554-66716,W,Mathieu,Mathieu Joseph,Joseph,6.82666676839193,15,3600,NYR@TB,TB,NYR,,,
,,,,,,,,,,,,,40554-43176:Ryan Hartman,40554-43176,W,Ryan,Ryan Hartman,Hartman,5.2444445292155,18,3600,ARI@MIN,MIN,ARI,,,
,,,,,,,,,,,,,40554-54457:Jordan Oesterle,40554-54457,D,Jordan,Jordan Oesterle,Oesterle,7.17272741144354,11,3600,ARI@MIN,ARI,MIN,,,
,,,,,,,,,,,,,40554-62723:Ondrej Kase,40554-62723,W,Ondrej,Ondrej Kase,Kase,8.05714307512556,14,3600,SJ@ANH,ANH,SJ,,,
,,,,,,,,,,,,,40554-70918:Dennis Cholowski,40554-70918,D,Dennis,Dennis Cholowski,Cholowski,7.64705882352941,17,3600,DET@LA,DET,LA,,,
,,,,,,,,,,,,,40554-70925:Brett Howden,40554-70925,C,Brett,Brett Howden,Howden,6.02500009536743,16,3600,NYR@TB,NYR,TB,,,
,,,,,,,,,,,,,40554-13629:Taylor Fedun,40554-13629,D,Taylor,Taylor Fedun,Fedun,6.59999990463257,16,3600,DAL@VAN,DAL,VAN,,,
,,,,,,,,,,,,,40554-74079:Josh Mahura,40554-74079,D,Josh,Josh Mahura,Mahura,10.7199996948242,5,3600,SJ@ANH,ANH,SJ,,,
,,,,,,,,,,,,,40554-8647:Erik Johnson,40554-8647,D,Erik,Erik Johnson,Johnson,7.24444410536024,18,3600,COL@EDM,COL,EDM,,,
,,,,,,,,,,,,,40554-8745:Vladimir Sobotka,40554-8745,W,Vladimir,Vladimir Sobotka,Sobotka,4.75,16,3600,CAR@BUF,BUF,CAR,IR,Knee,
,,,,,,,,,,,,,40554-80444:Radim Simek,40554-80444,D,Radim,Radim Simek,Simek,13,4,3600,SJ@ANH,SJ,ANH,,,
,,,,,,,,,,,,,40554-62032:Vinnie Hinostroza,40554-62032,W,Vinnie,Vinnie Hinostroza,Hinostroza,6.06315773411801,19,3600,ARI@MIN,ARI,MIN,,,
,,,,,,,,,,,,,40554-8878:Dmitry Kulikov,40554-8878,D,Dmitry,Dmitry Kulikov,Kulikov,5.82222239176432,18,3600,WPG@FLA,WPG,FLA,,,
,,,,,,,,,,,,,40554-8903:Marco Scandella,40554-8903,D,Marco,Marco Scandella,Scandella,7.56363608620384,11,3600,CAR@BUF,BUF,CAR,,,
,,,,,,,,,,,,,40554-62157:Andrew Copp,40554-62157,W,Andrew,Andrew Copp,Copp,6.86315757349918,19,3600,WPG@FLA,WPG,FLA,,,
,,,,,,,,,,,,,40554-8918:Anton Stralman,40554-8918,D,Anton,Anton Stralman,Stralman,7.04444461398655,18,3600,WPG@FLA,FLA,WPG,,,
,,,,,,,,,,,,,40554-14217:Patrik Nemeth,40554-14217,D,Patrik,Patrik Nemeth,Nemeth,6.69473668148643,19,3600,DET@LA,DET,LA,IR,Illness,
,,,,,,,,,,,,,40554-42924:Colin Miller,40554-42924,D,Colin,Colin Miller,Miller,6.0176472383387,17,3600,CAR@BUF,BUF,CAR,,,
,,,,,,,,,,,,,40554-54194:Josh Manson,40554-54194,D,Josh,Josh Manson,Manson,6.25454573197798,11,3600,SJ@ANH,ANH,SJ,IR,Knee,
,,,,,,,,,,,,,40554-15293:Jamie Oleksiak,40554-15293,D,Jamie,Jamie Oleksiak,Oleksiak,4.71578939337479,19,3600,DAL@VAN,DAL,VAN,,,
,,,,,,,,,,,,,40554-15340:Joel Edmundson,40554-15340,D,Joel,Joel Edmundson,Edmundson,6.44444444444444,18,3600,CAR@BUF,CAR,BUF,,,
,,,,,,,,,,,,,40554-79881:Tucker Poolman,40554-79881,D,Tucker,Tucker Poolman,Poolman,5.03529402788948,17,3500,WPG@FLA,WPG,FLA,,,
,,,,,,,,,,,,,40554-82953:Louie Belpedio,40554-82953,D,Louie,Louie Belpedio,Belpedio,3.20000004768372,2,3500,ARI@MIN,MIN,ARI,,,
,,,,,,,,,,,,,40554-68624:Casey Nelson,40554-68624,D,Casey,Casey Nelson,Nelson,4.44210534346731,38,3500,CAR@BUF,BUF,CAR,,,
,,,,,,,,,,,,,40554-66581:Brendan Guhle,40554-66581,D,Brendan,Brendan Guhle,Guhle,7.19999980926514,8,3500,SJ@ANH,ANH,SJ,,,
,,,,,,,,,,,,,40554-68630:Nick Seeler,40554-68630,D,Nick,Nick Seeler,Seeler,3.20000004768372,4,3500,ARI@MIN,MIN,ARI,,,
,,,,,,,,,,,,,40554-43041:Josh Brown,40554-43041,D,Josh,Josh Brown,Brown,3.68000005086263,15,3500,WPG@FLA,FLA,WPG,,,
,,,,,,,,,,,,,40554-39972:Kurtis MacDermid,40554-39972,D,Kurtis,Kurtis MacDermid,MacDermid,6.48888905843099,9,3500,DET@LA,LA,DET,,,
,,,,,,,,,,,,,40554-15398:Brandon Manning,40554-15398,D,Brandon,Brandon Manning,Manning,3.82222239176432,9,3500,COL@EDM,EDM,COL,IR,Hand,
,,,,,,,,,,,,,40554-79924:Carson Soucy,40554-79924,D,Carson,Carson Soucy,Soucy,2.77333323160807,15,3500,ARI@MIN,MIN,ARI,,,
,,,,,,,,,,,,,40554-66615:Kyle Capobianco,40554-66615,D,Kyle,Kyle Capobianco,Capobianco,5.14285714285714,7,3500,ARI@MIN,ARI,MIN,,,
,,,,,,,,,,,,,40554-8264:Dustin Byfuglien,40554-8264,D,Dustin,Dustin Byfuglien,Byfuglien,12.7999994187128,42,3500,WPG@FLA,WPG,FLA,O,Suspension,
,,,,,,,,,,,,,40554-66636:Caleb Jones,40554-66636,D,Caleb,Caleb Jones,Jones,6.75882361916935,17,3500,COL@EDM,EDM,COL,,,
,,,,,,,,,,,,,40554-8270:Niklas Hjalmarsson,40554-8270,D,Niklas,Niklas Hjalmarsson,Hjalmarsson,6.19999980926514,4,3500,ARI@MIN,ARI,MIN,IR,Lower leg,
,,,,,,,,,,,,,40554-81999:Henri Jokiharju,40554-81999,D,Henri,Henri Jokiharju,Jokiharju,6.72941185446347,17,3500,CAR@BUF,BUF,CAR,,,
,,,,,,,,,,,,,40554-13406:Brenden Dillon,40554-13406,D,Brenden,Brenden Dillon,Dillon,4.56842121325041,19,3500,SJ@ANH,SJ,ANH,,,
,,,,,,,,,,,,,40554-43122:Ryan Graves,40554-43122,D,Ryan,Ryan Graves,Graves,9.24705864401425,17,3500,COL@EDM,COL,EDM,,,
,,,,,,,,,,,,,40554-43123:Trevor Carrick,40554-43123,D,Trevor,Trevor Carrick,Carrick,0.533333341280619,3,3500,SJ@ANH,SJ,ANH,,,
,,,,,,,,,,,,,40554-43133:Luke Glendening,40554-43133,W,Luke,Luke Glendening,Glendening,7.68000030517578,10,3500,DET@LA,DET,LA,IR,Wrist,
,,,,,,,,,,,,,40554-43140:Barclay Goodrow,40554-43140,W,Barclay,Barclay Goodrow,Goodrow,8.31578947368421,19,3500,SJ@ANH,SJ,ANH,,,
,,,,,,,,,,,,,40554-8327:Trevor Daley,40554-8327,D,Trevor,Trevor Daley,Daley,2.90909090909091,11,3500,DET@LA,DET,LA,IR,Undisclosed,
,,,,,,,,,,,,,40554-103573:Jacob Bryson,40554-103573,D,Jacob,Jacob Bryson,Bryson,0,0,3500,CAR@BUF,BUF,CAR,,,
,,,,,,,,,,,,,40554-66710:Joel Hanley,40554-66710,D,Joel,Joel Hanley,Hanley,4.40000009536743,8,3500,DAL@VAN,DAL,VAN,,,
,,,,,,,,,,,,,40554-82076:Jacob MacDonald,40554-82076,D,Jacob,Jacob MacDonald,MacDonald,7.59999990463257,2,3500,COL@EDM,COL,EDM,,,
,,,,,,,,,,,,,40554-8350:Jonathan Ericsson,40554-8350,D,Jonathan,Jonathan Ericsson,Ericsson,4.1999998826247,52,3500,DET@LA,DET,LA,,,
,,,,,,,,,,,,,40554-12447:Erik Gudbranson,40554-12447,D,Erik,Erik Gudbranson,Gudbranson,4.10666656494141,15,3500,SJ@ANH,ANH,SJ,,,
,,,,,,,,,,,,,40554-61602:Ashton Sautner,40554-61602,D,Ashton,Ashton Sautner,Sautner,1.60000002384186,1,3500,DAL@VAN,VAN,DAL,,,
,,,,,,,,,,,,,40554-80036:Oscar Fantenberg,40554-80036,D,Oscar,Oscar Fantenberg,Fantenberg,4.43278678518827,61,3500,DAL@VAN,VAN,DAL,,,
,,,,,,,,,,,,,40554-116900:Thomas Harley,40554-116900,D,Thomas,Thomas Harley,Harley,0,0,3500,DAL@VAN,DAL,VAN,,,
,,,,,,,,,,,,,40554-21687:Greg Pateryn,40554-21687,D,Greg,Greg Pateryn,Pateryn,5.10999984741211,80,3500,ARI@MIN,MIN,ARI,IR,Groin,
,,,,,,,,,,,,,40554-21688:Cameron Schilling,40554-21688,D,Cameron,Cameron Schilling,Schilling,4.80000019073486,4,3500,WPG@FLA,WPG,FLA,,,
,,,,,,,,,,,,,40554-21690:Chris Wideman,40554-21690,D,Chris,Chris Wideman,Wideman,5.97200012207031,25,3500,SJ@ANH,ANH,SJ,,,
,,,,,,,,,,,,,40554-54482:Stephen Johns,40554-54482,D,Stephen,Stephen Johns,Johns,0,0,3500,DAL@VAN,DAL,VAN,IR,Head,
,,,,,,,,,,,,,40554-104674:Jesper Sellgren,40554-104674,D,Jesper,Jesper Sellgren,Sellgren,0,0,3500,CAR@BUF,CAR,BUF,,,
,,,,,,,,,,,,,40554-14564:Adam Larsson,40554-14564,D,Adam,Adam Larsson,Larsson,8,1,3500,COL@EDM,EDM,COL,IR,Lower leg,
,,,,,,,,,,,,,40554-21732:Anthony Bitetto,40554-21732,D,Anthony,Anthony Bitetto,Bitetto,4.7999997820173,14,3500,WPG@FLA,WPG,FLA,,,
,,,,,,,,,,,,,40554-66798:Guillaume Brisebois,40554-66798,D,Guillaume,Guillaume Brisebois,Brisebois,2.40000009536743,8,3500,DAL@VAN,VAN,DAL,,,
,,,,,,,,,,,,,40554-73981:Denis Malgin,40554-73981,C,Denis,Denis Malgin,Malgin,9.00625038146973,16,3500,WPG@FLA,FLA,WPG,,,
,,,,,,,,,,,,,40554-60674:Gustav Forsling,40554-60674,D,Gustav,Gustav Forsling,Forsling,5.48837209302326,43,3500,CAR@BUF,CAR,BUF,,,
,,,,,,,,,,,,,40554-73987:Riley Stillman,40554-73987,D,Riley,Riley Stillman,Stillman,5.86666679382324,3,3500,WPG@FLA,FLA,WPG,,,
,,,,,,,,,,,,,40554-82189:Conor Timmins,40554-82189,D,Conor,Conor Timmins,Timmins,0.800000011920929,2,3500,COL@EDM,COL,EDM,,,
,,,,,,,,,,,,,40554-60686:Mattias Janmark,40554-60686,W,Mattias,Mattias Janmark,Janmark,5.82222239176432,18,3500,DAL@VAN,DAL,VAN,O,Lower body,
,,,,,,,,,,,,,40554-117017:Jack Sadek,40554-117017,D,Jack,Jack Sadek,Sadek,0,0,3500,ARI@MIN,MIN,ARI,,,
,,,,,,,,,,,,,40554-117016:Nicholas Boka,40554-117016,D,Nicholas,Nicholas Boka,Boka,0,0,3500,ARI@MIN,MIN,ARI,,,
,,,,,,,,,,,,,40554-117020:Alex Breton,40554-117020,D,Alex,Alex Breton,Breton,0,0,3500,ARI@MIN,MIN,ARI,,,
,,,,,,,,,,,,,40554-117031:Alec McCrea,40554-117031,D,Alec,Alec McCrea,McCrea,0,0,3500,DET@LA,DET,LA,,,
,,,,,,,,,,,,,40554-117032:Charle-Edouard D'Astous,40554-117032,D,Charle-Edouard,Charle-Edouard D'Astous,D'Astous,0,0,3500,DET@LA,DET,LA,,,
,,,,,,,,,,,,,40554-74031:John Gilmour,40554-74031,D,John,John Gilmour,Gilmour,3.73333326975505,3,3500,CAR@BUF,BUF,CAR,,,
,,,,,,,,,,,,,40554-117038:Matthew Robertson,40554-117038,D,Matthew,Matthew Robertson,Robertson,0,0,3500,NYR@TB,NYR,TB,,,
,,,,,,,,,,,,,40554-8497:Frans Nielsen,40554-8497,C,Frans,Frans Nielsen,Nielsen,3.09999990463257,16,3500,DET@LA,DET,LA,,,
,,,,,,,,,,,,,40554-12601:Dalton Prout,40554-12601,D,Dalton,Dalton Prout,Prout,3.20000004768372,1,3500,SJ@ANH,SJ,ANH,,,
,,,,,,,,,,,,,40554-74047:Jack Roslovic,40554-74047,W,Jack,Jack Roslovic,Roslovic,6.83157910798725,19,3500,WPG@FLA,WPG,FLA,,,
,,,,,,,,,,,,,40554-84289:Lawrence Pilut,40554-84289,D,Lawrence,Lawrence Pilut,Pilut,4.96969696969697,33,3500,CAR@BUF,BUF,CAR,,,
,,,,,,,,,,,,,40554-103753:Mikey Anderson,40554-103753,D,Mikey,Mikey Anderson,Anderson,0,0,3500,DET@LA,LA,DET,,,
,,,,,,,,,,,,,40554-117064:Derek Sheppard,40554-117064,D,Derek,Derek Sheppard,Sheppard,0,0,3500,CAR@BUF,CAR,BUF,,,
,,,,,,,,,,,,,40554-117066:Sasha Larocque,40554-117066,D,Sasha,Sasha Larocque,Larocque,0,0,3500,COL@EDM,COL,EDM,,,
,,,,,,,,,,,,,40554-117069:Peter Tischke,40554-117069,D,Peter,Peter Tischke,Tischke,0,0,3500,COL@EDM,COL,EDM,,,
,,,,,,,,,,,,,40554-8526:Dan Girardi,40554-8526,D,Dan,Dan Girardi,Girardi,7.07741915795111,62,3500,NYR@TB,TB,NYR,,,
,,,,,,,,,,,,,40554-8528:Marc Staal,40554-8528,D,Marc,Marc Staal,Staal,7.05454531582919,11,3500,NYR@TB,NYR,TB,O,Infection,
,,,,,,,,,,,,,40554-39264:Derek Forbort,40554-39264,D,Derek,Derek Forbort,Forbort,5.7086418999566,81,3500,DET@LA,LA,DET,O,Back,
,,,,,,,,,,,,,40554-117095:Max Gottlieb,40554-117095,D,Max,Max Gottlieb,Gottlieb,0,0,3500,DET@LA,LA,DET,,,
,,,,,,,,,,,,,40554-8567:Braydon Coburn,40554-8567,D,Braydon,Braydon Coburn,Coburn,4.73333326975505,12,3500,NYR@TB,TB,NYR,,,
,,,,,,,,,,,,,40554-22905:Fredrik Claesson,40554-22905,D,Fredrik,Fredrik Claesson,Claesson,4.89729721481736,37,3500,CAR@BUF,CAR,BUF,,,
,,,,,,,,,,,,,40554-74109:Keaton Middleton,40554-74109,D,Keaton,Keaton Middleton,Middleton,0,0,3500,SJ@ANH,SJ,ANH,,,
,,,,,,,,,,,,,40554-84362:Joel Persson,40554-84362,D,Joel,Joel Persson,Persson,4.95999984741211,10,3500,COL@EDM,EDM,COL,,,
,,,,,,,,,,,,,40554-74127:Matt Benning,40554-74127,D,Matt,Matt Benning,Benning,4.55999984741211,20,3500,COL@EDM,EDM,COL,,,
,,,,,,,,,,,,,40554-61860:Ben Hutton,40554-61860,D,Ben,Ben Hutton,Hutton,7.24444410536024,18,3500,DET@LA,LA,DET,,,
,,,,,,,,,,,,,40554-74148:Libor Hajek,40554-74148,D,Libor,Libor Hajek,Hajek,5.5,16,3500,NYR@TB,NYR,TB,,,
,,,,,,,,,,,,,40554-12715:Brian Lashoff,40554-12715,D,Brian,Brian Lashoff,Lashoff,4.40000009536743,4,3500,DET@LA,DET,LA,,,
,,,,,,,,,,,,,40554-84404:Ilya Lyubushkin,40554-84404,D,Ilya,Ilya Lyubushkin,Lyubushkin,4,10,3500,ARI@MIN,ARI,MIN,,,
,,,,,,,,,,,,,40554-117184:Zack Hayes,40554-117184,D,Zack,Zack Hayes,Hayes,0,0,3500,SJ@ANH,ANH,SJ,,,
,,,,,,,,,,,,,40554-117187:Steven Ruggiero,40554-117187,D,Steven,Steven Ruggiero,Ruggiero,0,0,3500,SJ@ANH,ANH,SJ,,,
,,,,,,,,,,,,,40554-117186:Conor Riley,40554-117186,D,Conor,Conor Riley,Riley,0,0,3500,SJ@ANH,ANH,SJ,,,
,,,,,,,,,,,,,40554-13767:Aaron Ness,40554-13767,D,Aaron,Aaron Ness,Ness,3.20000004768372,8,3500,ARI@MIN,ARI,MIN,,,
,,,,,,,,,,,,,40554-12744:Mark Pysyk,40554-12744,D,Mark,Mark Pysyk,Pysyk,4.20000012715658,12,3500,WPG@FLA,FLA,WPG,,,
,,,,,,,,,,,,,40554-8650:Roman Polak,40554-8650,D,Roman,Roman Polak,Polak,3.20000004768372,1,3500,DAL@VAN,DAL,VAN,,,
,,,,,,,,,,,,,40554-12756:Dylan McIlrath,40554-12756,D,Dylan,Dylan McIlrath,McIlrath,2,4,3500,DET@LA,DET,LA,,,
,,,,,,,,,,,,,40554-8688:Luke Schenn,40554-8688,D,Luke,Luke Schenn,Schenn,2.66666666666667,3,3500,NYR@TB,TB,NYR,,,
,,,,,,,,,,,,,40554-80379:Sami Niku,40554-80379,D,Sami,Sami Niku,Niku,6.40000009536743,1,3500,WPG@FLA,WPG,FLA,,,
,,,,,,,,,,,,,40554-103936:Mario Ferraro,40554-103936,D,Mario,Mario Ferraro,Ferraro,3.78823538387523,17,3500,SJ@ANH,SJ,ANH,O,Undisclosed,
,,,,,,,,,,,,,40554-58883:Robby Fabbri,40554-58883,W,Robby,Robby Fabbri,Fabbri,6.15000025431315,12,3500,DET@LA,DET,LA,,,
,,,,,,,,,,,,,40554-80398:Calle Rosen,40554-80398,D,Calle,Calle Rosen,Rosen,5.80000019073486,4,3500,COL@EDM,COL,EDM,,,
,,,,,,,,,,,,,40554-23060:Tim Heed,40554-23060,D,Tim,Tim Heed,Heed,3.4461537874662,13,3500,SJ@ANH,SJ,ANH,,,
,,,,,,,,,,,,,40554-117268:Yegor Rykov,40554-117268,D,Yegor,Yegor Rykov,Rykov,0,0,3500,NYR@TB,NYR,TB,,,
,,,,,,,,,,,,,40554-70170:Carl Dahlstrom,40554-70170,D,Carl,Carl Dahlstrom,Dahlstrom,2.56000003814697,10,3500,WPG@FLA,WPG,FLA,,,
,,,,,,,,,,,,,40554-58908:Nelson Nogier,40554-58908,D,Nelson,Nelson Nogier,Nogier,3.20000004768372,1,3500,WPG@FLA,WPG,FLA,,,
,,,,,,,,,,,,,40554-54822:Jason Dickinson,40554-54822,C,Jason,Jason Dickinson,Dickinson,4.63999989827474,15,3500,DAL@VAN,DAL,VAN,,,
,,,,,,,,,,,,,40554-58974:Julius Honka,40554-58974,D,Julius,Julius Honka,Honka,4.91034461712015,29,3500,DAL@VAN,DAL,VAN,O,Contract dispute,
,,,,,,,,,,,,,40554-58998:Daniel Walcott,40554-58998,D,Daniel,Daniel Walcott,Walcott,0,0,3500,NYR@TB,TB,NYR,,,
,,,,,,,,,,,,,40554-113273:Tobias Bjornfot,40554-113273,D,Tobias,Tobias Bjornfot,Bjornfot,0,3,3500,DET@LA,LA,DET,,,
,,,,,,,,,,,,,40554-113288:Ville Heinola,40554-113288,D,Ville,Ville Heinola,Heinola,8.5625,8,3500,WPG@FLA,WPG,FLA,,,
,,,,,,,,,,,,,40554-103079:Brady Keeper,40554-103079,D,Brady,Brady Keeper,Keeper,3.20000004768372,1,3500,WPG@FLA,FLA,WPG,,,
,,,,,,,,,,,,,40554-80561:Jan Rutta,40554-80561,D,Jan,Jan Rutta,Rutta,5.86666679382324,3,3500,NYR@TB,TB,NYR,,,
,,,,,,,,,,,,,40554-70325:Paul LaDue,40554-70325,D,Paul,Paul LaDue,LaDue,4.26666675914418,33,3500,DET@LA,LA,DET,,,
,,,,,,,,,,,,,40554-62158:Joakim Ryan,40554-62158,D,Joakim,Joakim Ryan,Ryan,4.34285708836147,7,3500,DET@LA,LA,DET,,,
,,,,,,,,,,,,,40554-108240:Tarmo Reunanen,40554-108240,D,Tarmo,Tarmo Reunanen,Reunanen,0,0,3500,NYR@TB,NYR,TB,,,
,,,,,,,,,,,,,40554-8966:Trevor Lewis,40554-8966,W,Trevor,Trevor Lewis,Lewis,5.05000019073486,16,3500,DET@LA,LA,DET,IR,Lower body,
,,,,,,,,,,,,,40554-59142:Michael Amadio,40554-59142,C,Michael,Michael Amadio,Amadio,7.58125019073486,16,3500,DET@LA,LA,DET,,,
,,,,,,,,,,,,,40554-59144:Roland McKeown,40554-59144,D,Roland,Roland McKeown,McKeown,0,0,3500,CAR@BUF,CAR,BUF,,,
,,,,,,,,,,,,,40554-9011:Andrej Sekera,40554-9011,D,Andrej,Andrej Sekera,Sekera,5.33333333333333,15,3500,DAL@VAN,DAL,VAN,,,
,,,,,,,,,,,,,40554-12094:Kevin Connauton,40554-12094,D,Kevin,Kevin Connauton,Connauton,6.24,50,3500,COL@EDM,COL,EDM,,,
,,,,,,,,,,,,,40554-82755:Ryan Lindgren,40554-82755,D,Ryan,Ryan Lindgren,Lindgren,6.26666641235352,6,3500,NYR@TB,NYR,TB,,,
,,,,,,,,,,,,,40554-62277:Mike Matheson,40554-62277,D,Mike,Mike Matheson,Matheson,5.82307668832632,13,3500,WPG@FLA,FLA,WPG,,,
,,,,,,,,,,,,,40554-59220:Haydn Fleury,40554-59220,D,Haydn,Haydn Fleury,Fleury,7.06666692097982,12,3500,CAR@BUF,CAR,BUF,,,
,,,,,,,,,,,,,40554-12120:Matt Bartkowski,40554-12120,D,Matt,Matt Bartkowski,Bartkowski,8.39999961853027,2,3500,ARI@MIN,MIN,ARI,,,
,,,,,,,,,,,,,40554-42842:Madison Bowey,40554-42842,D,Madison,Madison Bowey,Bowey,6.45333353678385,15,3500,DET@LA,DET,LA,,,
,,,,,,,,,,,,,40554-59239:Joe Hicketts,40554-59239,D,Joe,Joe Hicketts,Hicketts,7.19999980926514,4,3500,DET@LA,DET,LA,,,
,,,,,,,,,,,,,40554-97129:Evan Bouchard,40554-97129,D,Evan,Evan Bouchard,Bouchard,5.89999989100865,7,3500,COL@EDM,EDM,COL,,,
,,,,,,,,,,,,,40554-9066:Luca Sbisa,40554-9066,D,Luca,Luca Sbisa,Sbisa,3.42857142857143,7,3500,WPG@FLA,WPG,FLA,,,
,,,,,,,,,,,,,40554-54126:Trevor van Riemsdyk,40554-54126,D,Trevor,Trevor van Riemsdyk,van Riemsdyk,4.97777769300673,9,3500,CAR@BUF,CAR,BUF,,,
,,,,,,,,,,,,,40554-23438:Jonas Brodin,40554-23438,D,Jonas,Jonas Brodin,Brodin,5.77777777777778,18,3500,ARI@MIN,MIN,ARI,,,
,,,,,,,,,,,,,40554-15247:Victor Rask,40554-15247,C,Victor,Victor Rask,Rask,3.46666675143772,9,3500,ARI@MIN,MIN,ARI,,,
,,,,,,,,,,,,,40554-70552:Marcus Sorensen,40554-70552,W,Marcus,Marcus Sorensen,Sorensen,6.15000009536743,16,3500,SJ@ANH,SJ,ANH,,,
,,,,,,,,,,,,,40554-82851:Jordan Greenway,40554-82851,W,Jordan,Jordan Greenway,Greenway,5.23124980926514,16,3500,ARI@MIN,MIN,ARI,,,
,,,,,,,,,,,,,40554-70565:Jacob Larsson,40554-70565,D,Jacob,Jacob Larsson,Larsson,4.13333341810438,18,3500,SJ@ANH,ANH,SJ,,,
,,,,,,,,,,,,,40554-70582:Anton Lindholm,40554-70582,D,Anton,Anton Lindholm,Lindholm,0.800000011920929,2,3500,COL@EDM,COL,EDM,,,
,,,,,,,,,,,,,40554-15302:Nathan Beaulieu,40554-15302,D,Nathan,Nathan Beaulieu,Beaulieu,1.20000004768372,4,3500,WPG@FLA,WPG,FLA,,,
,,,,,,,,,,,,,40554-79822:Gavin Bayreuther,40554-79822,D,Gavin,Gavin Bayreuther,Bayreuther,6.28421060662521,19,3500,DAL@VAN,DAL,VAN,,,
,,,,,,,,,,,,,40554-12249:Alex Biega,40554-12249,D,Alex,Alex Biega,Biega,3.20000012715658,6,3500,DET@LA,DET,LA,,,
,,,,,,,,,,,,,40554-12259:Brendan Smith,40554-12259,D,Brendan,Brendan Smith,Smith,5.09999990463257,16,3500,NYR@TB,NYR,TB,,,
,,,,,,,,,,,,,40554-8169:Zach Bogosian,40554-8169,D,Zach,Zach Bogosian,Bogosian,7.70615375225361,65,3500,CAR@BUF,BUF,CAR,O,Hip,
,,,,,,,,,,,,,40554-12265:Mark Barberio,40554-12265,D,Mark,Mark Barberio,Barberio,4.34285708836147,7,3500,COL@EDM,COL,EDM,,,
,,,,,,,,,,,,,40554-12266:Korbinian Holzer,40554-12266,D,Korbinian,Korbinian Holzer,Holzer,5.82499980926514,16,3500,SJ@ANH,ANH,SJ,,,
,,,,,,,,,,,,,40554-82927:Daniel Brickley,40554-82927,D,Daniel,Daniel Brickley,Brickley,4.40000009536743,4,3500,DET@LA,LA,DET,,,
,,,,,,,,,,,,,40554-11254:Ian Cole,40554-11254,D,Ian,Ian Cole,Cole,8.49230780968299,13,3500,COL@EDM,COL,EDM,,,
,,,,,,,,,,,,,40554-79865:Matt Roy,40554-79865,D,Matt,Matt Roy,Roy,6.88888888888889,18,3500,DET@LA,LA,DET,,,
,,,,,,,,,,,,,40554-8191:Matt Hunwick,40554-8191,D,Matt,Matt Hunwick,Hunwick,3.31428582327706,14,3500,CAR@BUF,BUF,CAR,O,Neck,
,,,,,,,,,,,,,40554-8340:Darren Helm,40554-8340,W,Darren,Darren Helm,Helm,6.48000030517578,20,3400,DET@LA,DET,LA,,,
,,,,,,,,,,,,,40554-66791:Carter Rowney,40554-66791,W,Carter,Carter Rowney,Rowney,5.49473692241468,19,3400,SJ@ANH,ANH,SJ,,,
,,,,,,,,,,,,,40554-70924:Tage Thompson,40554-70924,W,Tage,Tage Thompson,Thompson,4.7953848031851,65,3400,CAR@BUF,BUF,CAR,,,
,,,,,,,,,,,,,40554-8503:Blake Comeau,40554-8503,W,Blake,Blake Comeau,Comeau,2.87999992370605,5,3400,DAL@VAN,DAL,VAN,,,
,,,,,,,,,,,,,40554-74076:Warren Foegele,40554-74076,W,Warren,Warren Foegele,Foegele,6.22222222222222,18,3400,CAR@BUF,CAR,BUF,,,
,,,,,,,,,,,,,40554-54951:Pierre-Edouard Bellemare,40554-54951,C,Pierre-Edouard,Pierre-Edouard Bellemare,Bellemare,6.75294135598575,17,3400,COL@EDM,COL,EDM,DTD,Concussion,
,,,,,,,,,,,,,40554-103276:Blake Lizotte,40554-103276,C,Blake,Blake Lizotte,Lizotte,5.22777769300673,18,3400,DET@LA,LA,DET,,,
,,,,,,,,,,,,,40554-11150:Marcus Foligno,40554-11150,W,Marcus,Marcus Foligno,Foligno,6.80000019073486,16,3400,ARI@MIN,MIN,ARI,O,Lower body,
,,,,,,,,,,,,,40554-15346:Adam Lowry,40554-15346,C,Adam,Adam Lowry,Lowry,4.09411755730124,17,3400,WPG@FLA,WPG,FLA,,,
,,,,,,,,,,,,,40554-9305:Mathieu Perreault,40554-9305,W,Mathieu,Mathieu Perreault,Perreault,6.8473687422903,19,3300,WPG@FLA,WPG,FLA,,,
,,,,,,,,,,,,,40554-73826:Jimmy Vesey,40554-73826,W,Jimmy,Jimmy Vesey,Vesey,3.88571439470564,14,3300,CAR@BUF,BUF,CAR,,,
,,,,,,,,,,,,,40554-70913:Luke Kunin,40554-70913,W,Luke,Luke Kunin,Kunin,8.70588235294118,17,3300,ARI@MIN,MIN,ARI,,,
,,,,,,,,,,,,,40554-82180:Dominic Toninato,40554-82180,C,Dominic,Dominic Toninato,Toninato,6.66666666666667,3,3300,WPG@FLA,FLA,WPG,,,
,,,,,,,,,,,,,40554-8464:Colin Wilson,40554-8464,W,Colin,Colin Wilson,Wilson,6.04444461398655,9,3300,COL@EDM,COL,EDM,IR,Lower body,
,,,,,,,,,,,,,40554-58678:Brendan Lemieux,40554-58678,W,Brendan,Brendan Lemieux,Lemieux,8.33333333333333,15,3300,NYR@TB,NYR,TB,,,
,,,,,,,,,,,,,40554-39252:Brock McGinn,40554-39252,W,Brock,Brock McGinn,McGinn,4.77777777777778,18,3300,CAR@BUF,CAR,BUF,,,
,,,,,,,,,,,,,40554-13657:Derek Grant,40554-13657,C,Derek,Derek Grant,Grant,5.64210510253906,19,3300,SJ@ANH,ANH,SJ,,,
,,,,,,,,,,,,,40554-62920:Lucas Wallmark,40554-62920,C,Lucas,Lucas Wallmark,Wallmark,5.98333316379123,18,3300,CAR@BUF,CAR,BUF,,,
,,,,,,,,,,,,,40554-82849:Adam Gaudette,40554-82849,W,Adam,Adam Gaudette,Gaudette,9.58888922797309,9,3300,DAL@VAN,VAN,DAL,,,
,,,,,,,,,,,,,40554-66611:Lawson Crouse,40554-66611,W,Lawson,Lawson Crouse,Crouse,4.71111128065321,18,3200,ARI@MIN,ARI,MIN,,,
,,,,,,,,,,,,,40554-68667:Tyler Motte,40554-68667,W,Tyler,Tyler Motte,Motte,4.26666673024495,6,3200,DAL@VAN,VAN,DAL,IR,Lower body,
,,,,,,,,,,,,,40554-9275:Kyle Clifford,40554-9275,W,Kyle,Kyle Clifford,Clifford,5.33333333333333,18,3200,DET@LA,LA,DET,,,
,,,,,,,,,,,,,40554-14462:Johan Larsson,40554-14462,C,Johan,Johan Larsson,Larsson,4.18823511460248,17,3200,CAR@BUF,BUF,CAR,,,
,,,,,,,,,,,,,40554-82083:Lias Andersson,40554-82083,C,Lias,Lias Andersson,Andersson,2.4533332824707,15,3200,NYR@TB,NYR,TB,,,
,,,,,,,,,,,,,40554-8397:Brad Richardson,40554-8397,C,Brad,Brad Richardson,Richardson,4.53333346048991,12,3200,ARI@MIN,ARI,MIN,,,
,,,,,,,,,,,,,40554-82156:Max Comtois,40554-82156,W,Max,Max Comtois,Comtois,5.94615408090445,13,3200,SJ@ANH,ANH,SJ,,,
,,,,,,,,,,,,,40554-21921:Riley Sheahan,40554-21921,C,Riley,Riley Sheahan,Sheahan,1.91999994913737,15,3200,COL@EDM,EDM,COL,,,
,,,,,,,,,,,,,40554-58890:Nikolay Goldobin,40554-58890,W,Nikolay,Nikolay Goldobin,Goldobin,7.17619057307168,63,3200,DAL@VAN,VAN,DAL,,,
,,,,,,,,,,,,,40554-102997:Taro Hirose,40554-102997,W,Taro,Taro Hirose,Hirose,4.19411782657399,17,3200,DET@LA,DET,LA,,,
,,,,,,,,,,,,,40554-39676:Cedric Paquette,40554-39676,C,Cedric,Cedric Paquette,Paquette,8.7999997820173,7,3200,NYR@TB,TB,NYR,,,
,,,,,,,,,,,,,40554-82834:Kiefer Sherwood,40554-82834,W,Kiefer,Kiefer Sherwood,Sherwood,4.92799987792969,50,3200,SJ@ANH,ANH,SJ,,,
,,,,,,,,,,,,,40554-62445:Evan Rodrigues,40554-62445,W,Evan,Evan Rodrigues,Rodrigues,3.79999995231628,8,3200,CAR@BUF,BUF,CAR,,,
,,,,,,,,,,,,,40554-79866:Vinni Lettieri,40554-79866,W,Vinni,Vinni Lettieri,Lettieri,4.09629623978226,27,3200,NYR@TB,NYR,TB,,,
,,,,,,,,,,,,,40554-82949:Lukas Radil,40554-82949,W,Lukas,Lukas Radil,Radil,1.6,10,3100,SJ@ANH,SJ,ANH,,,
,,,,,,,,,,,,,40554-66620:Christian Fischer,40554-66620,W,Christian,Christian Fischer,Fischer,4.22222222222222,18,3100,ARI@MIN,ARI,MIN,,,
,,,,,,,,,,,,,40554-79965:Carl Grundstrom,40554-79965,W,Carl,Carl Grundstrom,Grundstrom,6.40000025431315,6,3100,DET@LA,LA,DET,,,
,,,,,,,,,,,,,40554-11401:Gabriel Bourque,40554-11401,W,Gabriel,Gabriel Bourque,Bourque,4.84999990463257,16,3100,WPG@FLA,WPG,FLA,IR,Lower body,
,,,,,,,,,,,,,40554-8341:Justin Abdelkader,40554-8341,W,Justin,Justin Abdelkader,Abdelkader,4,16,3100,DET@LA,DET,LA,IR,Undisclosed,
,,,,,,,,,,,,,40554-8357:Andrew Cogliano,40554-8357,W,Andrew,Andrew Cogliano,Cogliano,2.69473688225997,19,3100,DAL@VAN,DAL,VAN,DTD,Lower body,
,,,,,,,,,,,,,40554-70922:Max Jones,40554-70922,W,Max,Max Jones,Jones,4.32000020345052,15,3100,SJ@ANH,ANH,SJ,,,
,,,,,,,,,,,,,40554-39242:Tim Schaller,40554-39242,W,Tim,Tim Schaller,Schaller,5.7473682604338,19,3100,DAL@VAN,VAN,DAL,,,
,,,,,,,,,,,,,40554-12672:Greg McKegg,40554-12672,C,Greg,Greg McKegg,McKegg,3.15555551317003,9,3100,NYR@TB,NYR,TB,,,
,,,,,,,,,,,,,40554-41392:Valeri Nichushkin,40554-41392,W,Valeri,Valeri Nichushkin,Nichushkin,3.54285703386579,14,3100,COL@EDM,COL,EDM,,,
,,,,,,,,,,,,,40554-80391:Mario Kempe,40554-80391,W,Mario,Mario Kempe,Kempe,4.36923071054312,52,3100,DET@LA,LA,DET,,,
,,,,,,,,,,,,,40554-96780:Joel L'Esperance,40554-96780,W,Joel,Joel L'Esperance,L'Esperance,5.59999974568685,3,3100,DAL@VAN,DAL,VAN,,,
,,,,,,,,,,,,,40554-54867:Melker Karlsson,40554-54867,W,Melker,Melker Karlsson,Karlsson,3.62352932200712,17,3100,SJ@ANH,SJ,ANH,,,
,,,,,,,,,,,,,40554-8810:Michael Grabner,40554-8810,W,Michael,Michael Grabner,Grabner,7.68421052631579,19,3100,ARI@MIN,ARI,MIN,,,
,,,,,,,,,,,,,40554-23222:Zemgus Girgensons,40554-23222,W,Zemgus,Zemgus Girgensons,Girgensons,4.09411755730124,17,3100,CAR@BUF,BUF,CAR,,,
,,,,,,,,,,,,,40554-59118:Brendan Perlini,40554-59118,W,Brendan,Brendan Perlini,Perlini,3.59999990463257,8,3100,DET@LA,DET,LA,,,
,,,,,,,,,,,,,40554-8992:Colton Sceviour,40554-8992,W,Colton,Colton Sceviour,Sceviour,5.37777794731988,18,3100,WPG@FLA,FLA,WPG,,,
,,,,,,,,,,,,,40554-42786:Justin Dowling,40554-42786,W,Justin,Justin Dowling,Dowling,3.48571423121861,14,3100,DAL@VAN,DAL,VAN,,,
,,,,,,,,,,,,,40554-9014:Jay Beagle,40554-9014,C,Jay,Jay Beagle,Beagle,4.53333324856228,18,3100,DAL@VAN,VAN,DAL,O,Undisclosed,
,,,,,,,,,,,,,40554-61245:Devin Shore,40554-61245,W,Devin,Devin Shore,Shore,4.15999984741211,10,3100,SJ@ANH,ANH,SJ,,,
,,,,,,,,,,,,,40554-82812:Ryan Donato,40554-82812,W,Ryan,Ryan Donato,Donato,3.65000009536743,16,3100,ARI@MIN,MIN,ARI,,,
,,,,,,,,,,,,,40554-42906:Jujhar Khaira,40554-42906,W,Jujhar,Jujhar Khaira,Khaira,2.83999996185303,20,3100,COL@EDM,EDM,COL,,,
,,,,,,,,,,,,,40554-82909:Dylan Gambrell,40554-82909,W,Dylan,Dylan Gambrell,Gambrell,4.03333333333333,15,3100,SJ@ANH,SJ,ANH,,,
,,,,,,,,,,,,,40554-82912:Troy Terry,40554-82912,W,Troy,Troy Terry,Terry,4.29473676179585,19,3100,SJ@ANH,ANH,SJ,,,
,,,,,,,,,,,,,40554-68603:Dryden Hunt,40554-68603,W,Dryden,Dryden Hunt,Hunt,5.15555572509766,18,3100,WPG@FLA,FLA,WPG,,,
,,,,,,,,,,,,,40554-43008:Jordan Martinook,40554-43008,W,Jordan,Jordan Martinook,Martinook,4,4,3000,CAR@BUF,CAR,BUF,IR,Abdomen,
,,,,,,,,,,,,,40554-66561:Evgeny Svechnikov,40554-66561,W,Evgeny,Evgeny Svechnikov,Svechnikov,3.20000004768372,4,3000,DET@LA,DET,LA,,,
,,,,,,,,,,,,,40554-79875:Joseph Gambardella,40554-79875,W,Joseph,Joseph Gambardella,Gambardella,2.88000005086263,15,3000,COL@EDM,EDM,COL,,,
,,,,,,,,,,,,,40554-15363:Tomas Jurco,40554-15363,W,Tomas,Tomas Jurco,Jurco,2.66666666666667,12,3000,COL@EDM,EDM,COL,,,
,,,,,,,,,,,,,40554-37894:Jayson Megna,40554-37894,W,Jayson,Jayson Megna,Megna,1.6,5,3000,COL@EDM,COL,EDM,,,
,,,,,,,,,,,,,40554-79879:Justin Kloos,40554-79879,W,Justin,Justin Kloos,Kloos,3.20000004768372,1,3000,SJ@ANH,ANH,SJ,,,
,,,,,,,,,,,,,40554-79880:C.J. Smith,40554-79880,W,C.J.,C.J. Smith,Smith,4.94545468417081,11,3000,CAR@BUF,BUF,CAR,O,Knee,
,,,,,,,,,,,,,40554-8203:Drew Stafford,40554-8203,W,Drew,Drew Stafford,Stafford,4.88771940532484,57,3000,ARI@MIN,MIN,ARI,,,
,,,,,,,,,,,,,40554-43028:Carter Verhaeghe,40554-43028,W,Carter,Carter Verhaeghe,Verhaeghe,2.72000007629395,10,3000,NYR@TB,TB,NYR,,,
,,,,,,,,,,,,,40554-68634:Boo Nieves,40554-68634,C,Boo,Boo Nieves,Nieves,4.167441789494,43,3000,NYR@TB,NYR,TB,,,
,,,,,,,,,,,,,40554-68639:Steven Fogarty,40554-68639,W,Steven,Steven Fogarty,Fogarty,1.92000007629395,10,3000,NYR@TB,NYR,TB,,,
,,,,,,,,,,,,,40554-79910:Nick Caamano,40554-79910,W,Nick,Nick Caamano,Caamano,3.64444435967339,9,3000,DAL@VAN,DAL,VAN,,,
,,,,,,,,,,,,,40554-66617:Michael Bunting,40554-66617,W,Michael,Michael Bunting,Bunting,4.32000007629395,5,3000,ARI@MIN,ARI,MIN,,,
,,,,,,,,,,,,,40554-79938:Christoffer Ehn,40554-79938,C,Christoffer,Christoffer Ehn,Ehn,1.59999994131235,13,3000,DET@LA,DET,LA,,,
,,,,,,,,,,,,,40554-8263:Marian Hossa,40554-8263,W,Marian,Marian Hossa,Hossa,0,0,3000,ARI@MIN,ARI,MIN,O,Illness,
,,,,,,,,,,,,,40554-66642:Austin Wagner,40554-66642,W,Austin,Austin Wagner,Wagner,6.39999989100865,14,3000,DET@LA,LA,DET,,,
,,,,,,,,,,,,,40554-82026:Jaret Anderson-Dolan,40554-82026,C,Jaret,Jaret Anderson-Dolan,Anderson-Dolan,4.15999984741211,5,3000,DET@LA,LA,DET,,,
,,,,,,,,,,,,,40554-9325:Patrick Eaves,40554-9325,W,Patrick,Patrick Eaves,Eaves,1.59999997275216,7,3000,SJ@ANH,ANH,SJ,O,Undisclosed,
,,,,,,,,,,,,,40554-61551:Danick Martel,40554-61551,W,Danick,Danick Martel,Martel,4.80000008477105,9,3000,NYR@TB,TB,NYR,,,
,,,,,,,,,,,,,40554-66675:Daniel Sprong,40554-66675,W,Daniel,Daniel Sprong,Sprong,7.37936498248388,63,3000,SJ@ANH,ANH,SJ,,,
,,,,,,,,,,,,,40554-43132:Martin Frk,40554-43132,W,Martin,Martin Frk,Frk,3.45666656494141,30,3000,DET@LA,LA,DET,,,
,,,,,,,,,,,,,40554-82049:Owen Tippett,40554-82049,W,Owen,Owen Tippett,Tippett,0,0,3000,WPG@FLA,FLA,WPG,,,
,,,,,,,,,,,,,40554-8322:Loui Eriksson,40554-8322,W,Loui,Loui Eriksson,Eriksson,2.31111102634006,9,3000,DAL@VAN,VAN,DAL,,,
,,,,,,,,,,,,,40554-82051:Michael Rasmussen,40554-82051,W,Michael,Michael Rasmussen,Rasmussen,5.50322600333921,62,3000,DET@LA,DET,LA,,,
,,,,,,,,,,,,,40554-104581:Joakim Nygard,40554-104581,W,Joakim,Joakim Nygard,Nygard,5.82857131958008,7,3000,COL@EDM,EDM,COL,,,
,,,,,,,,,,,,,40554-9354:Pat Maroon,40554-9354,W,Pat,Pat Maroon,Maroon,7.85384603647085,13,3000,NYR@TB,TB,NYR,,,
,,,,,,,,,,,,,40554-14480:Nicolas Deslauriers,40554-14480,W,Nicolas,Nicolas Deslauriers,Deslauriers,2.59999990463257,8,3000,SJ@ANH,ANH,SJ,,,
,,,,,,,,,,,,,40554-82072:Alexander Volkov,40554-82072,W,Alexander,Alexander Volkov,Volkov,1.60000002384186,4,3000,NYR@TB,TB,NYR,,,
,,,,,,,,,,,,,40554-116891:Diego Cuglietta,40554-116891,W,Diego,Diego Cuglietta,Cuglietta,0,0,3000,DAL@VAN,DAL,VAN,,,
,,,,,,,,,,,,,40554-116893:Parker MacKay,40554-116893,W,Parker,Parker MacKay,MacKay,0,0,3000,DAL@VAN,DAL,VAN,,,
,,,,,,,,,,,,,40554-116895:Brad McClure,40554-116895,W,Brad,Brad McClure,McClure,0,0,3000,DAL@VAN,DAL,VAN,,,
,,,,,,,,,,,,,40554-116896:Anthony Nellis,40554-116896,C,Anthony,Anthony Nellis,Nellis,0,0,3000,DAL@VAN,DAL,VAN,,,
,,,,,,,,,,,,,40554-8356:Sam Gagner,40554-8356,W,Sam,Sam Gagner,Gagner,7.09999990463257,8,3000,COL@EDM,EDM,COL,,,
,,,,,,,,,,,,,40554-82120:Kailer Yamamoto,40554-82120,W,Kailer,Kailer Yamamoto,Yamamoto,3.46470597211052,17,3000,COL@EDM,EDM,COL,,,
,,,,,,,,,,,,,40554-103624:Brandon Duhaime,40554-103624,W,Brandon,Brandon Duhaime,Duhaime,0,0,3000,ARI@MIN,MIN,ARI,,,
,,,,,,,,,,,,,40554-82123:Gerald Mayhew,40554-82123,W,Gerald,Gerald Mayhew,Mayhew,6.66666666666667,6,3000,ARI@MIN,MIN,ARI,,,
,,,,,,,,,,,,,40554-82122:Mason Shaw,40554-82122,C,Mason,Mason Shaw,Shaw,0,0,3000,ARI@MIN,MIN,ARI,O,Knee,
,,,,,,,,,,,,,40554-43212:Adam Erne,40554-43212,W,Adam,Adam Erne,Erne,2.88000005086263,15,3000,DET@LA,DET,LA,,,
,,,,,,,,,,,,,40554-21710:J.T. Brown,40554-21710,W,J.T.,J.T. Brown,Brown,3.41428565979004,56,3000,ARI@MIN,MIN,ARI,,,
,,,,,,,,,,,,,40554-116947:Nolan Foote,40554-116947,W,Nolan,Nolan Foote,Foote,0,0,3000,NYR@TB,TB,NYR,,,
,,,,,,,,,,,,,40554-116949:David Gustafsson,40554-116949,C,David,David Gustafsson,Gustafsson,0.933333317438761,12,3000,WPG@FLA,WPG,FLA,,,
,,,,,,,,,,,,,40554-116950:Joona Luoto,40554-116950,W,Joona,Joona Luoto,Luoto,1.06666668256124,3,3000,WPG@FLA,WPG,FLA,,,
,,,,,,,,,,,,,40554-8417:Kyle Brodziak,40554-8417,C,Kyle,Kyle Brodziak,Brodziak,4.14285714285714,70,3000,COL@EDM,EDM,COL,,,
,,,,,,,,,,,,,40554-104675:Lean Bergmann,40554-104675,W,Lean,Lean Bergmann,Bergmann,3.59999990463257,8,3000,SJ@ANH,SJ,ANH,,,
,,,,,,,,,,,,,40554-73963:A.J. Greer,40554-73963,W,A.J.,A.J. Greer,Greer,2.82666676839193,15,3000,COL@EDM,COL,EDM,,,
,,,,,,,,,,,,,40554-82155:Mason Appleton,40554-82155,W,Mason,Mason Appleton,Appleton,2.31111102634006,9,3000,WPG@FLA,WPG,FLA,IR,Foot,
,,,,,,,,,,,,,40554-73972:Noah Gregor,40554-73972,W,Noah,Noah Gregor,Gregor,1.11999998092651,10,3000,SJ@ANH,SJ,ANH,,,
,,,,,,,,,,,,,40554-82167:Sheldon Dries,40554-82167,C,Sheldon,Sheldon Dries,Dries,4.10999984741211,40,3000,COL@EDM,COL,EDM,,,
,,,,,,,,,,,,,40554-70902:Jesse Puljujarvi,40554-70902,W,Jesse,Jesse Puljujarvi,Puljujarvi,4.67173899774966,46,3000,COL@EDM,EDM,COL,,,
,,,,,,,,,,,,,40554-82170:Jason Robertson,40554-82170,W,Jason,Jason Robertson,Robertson,0,0,3000,DAL@VAN,DAL,VAN,,,
,,,,,,,,,,,,,40554-73983:Anthony Greco,40554-73983,W,Anthony,Anthony Greco,Greco,3.20000004768372,1,3000,WPG@FLA,FLA,WPG,,,
,,,,,,,,,,,,,40554-54527:Connor Brickley,40554-54527,W,Connor,Connor Brickley,Brickley,5.31428582327707,14,3000,NYR@TB,NYR,TB,,,
,,,,,,,,,,,,,40554-73990:Zack MacEwen,40554-73990,W,Zack,Zack MacEwen,MacEwen,3.20000004768372,4,3000,DAL@VAN,VAN,DAL,,,
,,,,,,,,,,,,,40554-70921:Henrik Borgstrom,40554-70921,C,Henrik,Henrik Borgstrom,Borgstrom,1.20000004768372,4,3000,WPG@FLA,FLA,WPG,,,
,,,,,,,,,,,,,40554-83218:Ville Meskanen,40554-83218,W,Ville,Ville Meskanen,Meskanen,0,0,3000,NYR@TB,NYR,TB,,,
,,,,,,,,,,,,,40554-117012:Tyler Sheehy,40554-117012,C,Tyler,Tyler Sheehy,Sheehy,0,0,3000,ARI@MIN,MIN,ARI,,,
,,,,,,,,,,,,,40554-74008:Givani Smith,40554-74008,W,Givani,Givani Smith,Smith,1.60000002384186,4,3000,DET@LA,DET,LA,,,
,,,,,,,,,,,,,40554-117025:Troy Loggins,40554-117025,W,Troy,Troy Loggins,Loggins,0,0,3000,DET@LA,DET,LA,,,
,,,,,,,,,,,,,40554-117024:Josh Kestner,40554-117024,W,Josh,Josh Kestner,Kestner,0,0,3000,DET@LA,DET,LA,,,
,,,,,,,,,,,,,40554-117026:Jarid Lukosevicius,40554-117026,W,Jarid,Jarid Lukosevicius,Lukosevicius,0,0,3000,DET@LA,DET,LA,,,
,,,,,,,,,,,,,40554-117028:Tyler Spezia,40554-117028,W,Tyler,Tyler Spezia,Spezia,0,0,3000,DET@LA,DET,LA,,,
,,,,,,,,,,,,,40554-117042:Peter Abbandonato,40554-117042,C,Peter,Peter Abbandonato,Abbandonato,0,0,3000,NYR@TB,TB,NYR,,,
,,,,,,,,,,,,,40554-117044:Mikhail Shalagin,40554-117044,W,Mikhail,Mikhail Shalagin,Shalagin,0,0,3000,NYR@TB,TB,NYR,,,
,,,,,,,,,,,,,40554-58679:Jack Rodewald,40554-58679,W,Jack,Jack Rodewald,Rodewald,1.33333333333333,6,3000,WPG@FLA,FLA,WPG,,,
,,,,,,,,,,,,,40554-82232:Chase Pearson,40554-82232,W,Chase,Chase Pearson,Pearson,0,0,3000,DET@LA,DET,LA,,,
,,,,,,,,,,,,,40554-58685:Josh Archibald,40554-58685,W,Josh,Josh Archibald,Archibald,1.89090902155096,11,3000,COL@EDM,EDM,COL,,,
,,,,,,,,,,,,,40554-39240:Luke Witkowski,40554-39240,W,Luke,Luke Witkowski,Witkowski,4.06666660308838,12,3000,NYR@TB,TB,NYR,,,
,,,,,,,,,,,,,40554-117068:Luka Burzan,40554-117068,W,Luka,Luka Burzan,Burzan,0,0,3000,COL@EDM,COL,EDM,,,
,,,,,,,,,,,,,40554-117071:Sasha Mutala,40554-117071,W,Sasha,Sasha Mutala,Mutala,0,0,3000,COL@EDM,COL,EDM,,,
,,,,,,,,,,,,,40554-117070:Alex Beaucage,40554-117070,W,Alex,Alex Beaucage,Beaucage,0,0,3000,COL@EDM,COL,EDM,,,
,,,,,,,,,,,,,40554-117075:Keeghan Howdeshell,40554-117075,W,Keeghan,Keeghan Howdeshell,Howdeshell,0,0,3000,ARI@MIN,ARI,MIN,,,
,,,,,,,,,,,,,40554-12630:Michael Chaput,40554-12630,C,Michael,Michael Chaput,Chaput,3.65000009536743,32,3000,ARI@MIN,ARI,MIN,,,
,,,,,,,,,,,,,40554-117089:Liam Pecararo,40554-117089,W,Liam,Liam Pecararo,Pecararo,0,0,3000,WPG@FLA,FLA,WPG,,,
,,,,,,,,,,,,,40554-62817:Blake Pietila,40554-62817,W,Blake,Blake Pietila,Pietila,2.94736842105263,19,3000,SJ@ANH,ANH,SJ,,,
,,,,,,,,,,,,,40554-117091:Mason Bergh,40554-117091,W,Mason,Mason Bergh,Bergh,0,0,3000,DET@LA,LA,DET,,,
,,,,,,,,,,,,,40554-74099:Matt Luff,40554-74099,W,Matt,Matt Luff,Luff,3.20000004768372,1,3000,DET@LA,LA,DET,,,
,,,,,,,,,,,,,40554-103805:Danil Yurtaykin,40554-103805,W,Danil,Danil Yurtaykin,Yurtaykin,1.60000002384186,4,3000,SJ@ANH,SJ,ANH,,,
,,,,,,,,,,,,,40554-12670:Sam Carrick,40554-12670,W,Sam,Sam Carrick,Carrick,3.20000012715658,6,3000,SJ@ANH,ANH,SJ,,,
,,,,,,,,,,,,,40554-8575:Martin Hanzal,40554-8575,C,Martin,Martin Hanzal,Hanzal,7.04285703386579,7,3000,DAL@VAN,DAL,VAN,IR,Back,
,,,,,,,,,,,,,40554-117118:Cole Maier,40554-117118,C,Cole,Cole Maier,Maier,0,0,3000,WPG@FLA,WPG,FLA,,,
,,,,,,,,,,,,,40554-8579:Scottie Upshall,40554-8579,W,Scottie,Scottie Upshall,Upshall,0,0,3000,DAL@VAN,DAL,VAN,,,
,,,,,,,,,,,,,40554-117125:Artem Ivanyuzhenkov,40554-117125,W,Artem,Artem Ivanyuzhenkov,Ivanyuzhenkov,0,0,3000,SJ@ANH,SJ,ANH,,,
,,,,,,,,,,,,,40554-117124:Dillon Hamaliuk,40554-117124,W,Dillon,Dillon Hamaliuk,Hamaliuk,0,0,3000,SJ@ANH,SJ,ANH,,,
,,,,,,,,,,,,,40554-117127:Tristin Langan,40554-117127,C,Tristin,Tristin Langan,Langan,0,0,3000,SJ@ANH,SJ,ANH,,,
,,,,,,,,,,,,,40554-84361:Saku Maenalanen,40554-84361,W,Saku,Saku Maenalanen,Maenalanen,4.5176472383387,34,3000,CAR@BUF,CAR,BUF,,,
,,,,,,,,,,,,,40554-74128:Josh Currie,40554-74128,W,Josh,Josh Currie,Currie,5.02857135591053,21,3000,COL@EDM,EDM,COL,,,
,,,,,,,,,,,,,40554-39356:Markus Granlund,40554-39356,W,Markus,Markus Granlund,Granlund,2.70000004768372,16,3000,COL@EDM,EDM,COL,,,
,,,,,,,,,,,,,40554-117181:Johno May,40554-117181,W,Johno,Johno May,May,0,0,3000,SJ@ANH,ANH,SJ,,,
,,,,,,,,,,,,,40554-117180:Brent Gates,40554-117180,C,Brent,Brent Gates,Gates,0,0,3000,SJ@ANH,ANH,SJ,,,
,,,,,,,,,,,,,40554-117182:Brayden Tracey,40554-117182,W,Brayden,Brayden Tracey,Tracey,0,0,3000,SJ@ANH,ANH,SJ,,,
,,,,,,,,,,,,,40554-107990:Joel Kiviranta,40554-107990,W,Joel,Joel Kiviranta,Kiviranta,0,0,3000,DAL@VAN,DAL,VAN,,,
,,,,,,,,,,,,,40554-107995:Andrei Chibisov,40554-107995,W,Andrei,Andrei Chibisov,Chibisov,0,0,3000,WPG@FLA,WPG,FLA,,,
,,,,,,,,,,,,,40554-107994:Eetu Luostarinen,40554-107994,W,Eetu,Eetu Luostarinen,Luostarinen,5.86666679382324,3,3000,CAR@BUF,CAR,BUF,,,
,,,,,,,,,,,,,40554-39395:Logan Shaw,40554-39395,W,Logan,Logan Shaw,Shaw,1.92000007629395,5,3000,WPG@FLA,WPG,FLA,,,
,,,,,,,,,,,,,40554-117230:Anton Burdasov,40554-117230,W,Anton,Anton Burdasov,Burdasov,0,0,3000,COL@EDM,EDM,COL,,,
,,,,,,,,,,,,,40554-84473:Antti Suomela,40554-84473,C,Antti,Antti Suomela,Suomela,5.95555566858362,27,3000,SJ@ANH,SJ,ANH,,,
,,,,,,,,,,,,,40554-8702:Ryan Kesler,40554-8702,C,Ryan,Ryan Kesler,Kesler,5.21166687011719,60,3000,SJ@ANH,ANH,SJ,O,Hip,
,,,,,,,,,,,,,40554-58879:Scott Wilson,40554-58879,C,Scott,Scott Wilson,Wilson,4.47999979654948,15,3000,CAR@BUF,BUF,CAR,,,
,,,,,,,,,,,,,40554-58906:Chase De Leo,40554-58906,W,Chase,Chase De Leo,De Leo,6.40000009536743,1,3000,SJ@ANH,ANH,SJ,,,
,,,,,,,,,,,,,40554-54816:Max McCormick,40554-54816,W,Max,Max McCormick,McCormick,2.91428565979004,14,3000,CAR@BUF,CAR,BUF,,,
,,,,,,,,,,,,,40554-10797:Mark Letestu,40554-10797,C,Mark,Mark Letestu,Letestu,2.28571428571429,7,3000,WPG@FLA,WPG,FLA,IR,Illness,
,,,,,,,,,,,,,40554-54850:Gemel Smith,40554-54850,W,Gemel,Gemel Smith,Smith,5.59999974568685,3,3000,NYR@TB,TB,NYR,,,
,,,,,,,,,,,,,40554-85571:Filip Zadina,40554-85571,W,Filip,Filip Zadina,Zadina,6.95555538601345,9,3000,DET@LA,DET,LA,,,
,,,,,,,,,,,,,40554-104016:Vitali Kravtsov,40554-104016,W,Vitali,Vitali Kravtsov,Kravtsov,0,0,3000,NYR@TB,NYR,TB,,,
,,,,,,,,,,,,,40554-102995:Ryan Kuffner,40554-102995,W,Ryan,Ryan Kuffner,Kuffner,2.07999992370605,10,3000,DET@LA,DET,LA,,,
,,,,,,,,,,,,,40554-58972:Remi Elie,40554-58972,W,Remi,Remi Elie,Elie,1.70000004768372,16,3000,CAR@BUF,BUF,CAR,,,
,,,,,,,,,,,,,40554-113271:Gaetan Haas,40554-113271,C,Gaetan,Gaetan Haas,Haas,4.66666666666667,12,3000,COL@EDM,EDM,COL,,,
,,,,,,,,,,,,,40554-113279:Dylan Cozens,40554-113279,C,Dylan,Dylan Cozens,Cozens,0,0,3000,CAR@BUF,BUF,CAR,,,
,,,,,,,,,,,,,40554-59012:Jayce Hawryluk,40554-59012,W,Jayce,Jayce Hawryluk,Hawryluk,5.5,8,3000,WPG@FLA,FLA,WPG,O,Upper body,
,,,,,,,,,,,,,40554-8868:Erik Condra,40554-8868,W,Erik,Erik Condra,Condra,4.93333339691162,6,3000,COL@EDM,COL,EDM,,,
,,,,,,,,,,,,,40554-10929:Anthony Peluso,40554-10929,W,Anthony,Anthony Peluso,Peluso,0.400000005960465,4,3000,COL@EDM,EDM,COL,,,
,,,,,,,,,,,,,40554-70327:Luke Johnson,40554-70327,C,Luke,Luke Johnson,Johnson,3.5533332824707,15,3000,ARI@MIN,MIN,ARI,,,
,,,,,,,,,,,,,40554-103095:Rhett Gardner,40554-103095,W,Rhett,Rhett Gardner,Gardner,2.05714280264718,7,3000,DAL@VAN,DAL,VAN,,,
,,,,,,,,,,,,,40554-104184:Arttu Ruotsalainen,40554-104184,C,Arttu,Arttu Ruotsalainen,Ruotsalainen,0,0,3000,CAR@BUF,BUF,CAR,,,
,,,,,,,,,,,,,40554-62254:Kyle Rau,40554-62254,W,Kyle,Kyle Rau,Rau,3.46666653951009,6,3000,ARI@MIN,MIN,ARI,,,
,,,,,,,,,,,,,40554-97096:Isac Lundestrom,40554-97096,C,Isac,Isac Lundestrom,Lundestrom,2.13333336512248,3,3000,SJ@ANH,ANH,SJ,,,
,,,,,,,,,,,,,40554-14158:Brian Gibbons,40554-14158,W,Brian,Brian Gibbons,Gibbons,2.23999996185303,10,3000,CAR@BUF,CAR,BUF,,,
,,,,,,,,,,,,,40554-97108:Barrett Hayton,40554-97108,W,Barrett,Barrett Hayton,Hayton,6.31111102634006,9,3000,ARI@MIN,ARI,MIN,,,
,,,,,,,,,,,,,40554-59222:Clark Bishop,40554-59222,W,Clark,Clark Bishop,Bishop,3.07999992370605,20,3000,CAR@BUF,CAR,BUF,,,
,,,,,,,,,,,,,40554-70487:Patrick Russell,40554-70487,W,Patrick,Patrick Russell,Russell,4.79999991024242,17,3000,COL@EDM,EDM,COL,,,
,,,,,,,,,,,,,40554-62295:Jonny Brodzinski,40554-62295,W,Jonny,Jonny Brodzinski,Brodzinski,5.33333333333333,3,3000,SJ@ANH,SJ,ANH,,,
,,,,,,,,,,,,,40554-12122:Gabriel Dumont,40554-12122,W,Gabriel,Gabriel Dumont,Dumont,2.66666666666667,3,3000,ARI@MIN,MIN,ARI,,,
,,,,,,,,,,,,,40554-103262:Nico Sturm,40554-103262,C,Nico,Nico Sturm,Sturm,7.19999980926514,2,3000,ARI@MIN,MIN,ARI,,,
,,,,,,,,,,,,,40554-14177:Brad Malone,40554-14177,C,Brad,Brad Malone,Malone,1.79999995231628,16,3000,COL@EDM,EDM,COL,,,
,,,,,,,,,,,,,40554-59234:Dominic Turgeon,40554-59234,C,Dominic,Dominic Turgeon,Turgeon,2,4,3000,DET@LA,DET,LA,,,
,,,,,,,,,,,,,40554-66404:Vladislav Kamenev,40554-66404,C,Vladislav,Vladislav Kamenev,Kamenev,5.32857131958008,7,3000,COL@EDM,COL,EDM,,,
,,,,,,,,,,,,,40554-62310:Tanner Kero,40554-62310,C,Tanner,Tanner Kero,Kero,0,0,3000,DAL@VAN,DAL,VAN,,,
,,,,,,,,,,,,,40554-42860:Curtis Lazar,40554-42860,W,Curtis,Curtis Lazar,Lazar,1.60000002384186,1,3000,CAR@BUF,BUF,CAR,,,
,,,,,,,,,,,,,40554-42865:Jean-Sebastien Dea,40554-42865,W,Jean-Sebastien,Jean-Sebastien Dea,Dea,5.6347828740659,23,3000,CAR@BUF,BUF,CAR,,,
,,,,,,,,,,,,,40554-15270:Sven Baertschi,40554-15270,W,Sven,Sven Baertschi,Baertschi,4.96666653951009,3,3000,DAL@VAN,VAN,DAL,,,
,,,,,,,,,,,,,40554-62374:Colby Cave,40554-62374,C,Colby,Colby Cave,Cave,3.03999996185303,5,3000,COL@EDM,EDM,COL,,,
,,,,,,,,,,,,,40554-54193:Phillip Di Giuseppe,40554-54193,W,Phillip,Phillip Di Giuseppe,Di Giuseppe,4.16666666666667,24,3000,NYR@TB,NYR,TB,,,
,,,,,,,,,,,,,40554-97206:Kristian Vesalainen,40554-97206,W,Kristian,Kristian Vesalainen,Vesalainen,2.23999996185303,5,3000,WPG@FLA,WPG,FLA,,,
,,,,,,,,,,,,,40554-15289:Matt Puempel,40554-15289,W,Matt,Matt Puempel,Puempel,4.5625,8,3000,DET@LA,DET,LA,,,
,,,,,,,,,,,,,40554-15298:Tyler Graovac,40554-15298,C,Tyler,Tyler Graovac,Graovac,0,0,3000,DAL@VAN,VAN,DAL,,,
,,,,,,,,,,,,,40554-42973:JC Lipon,40554-42973,W,JC,JC Lipon,Lipon,0,0,3000,WPG@FLA,WPG,FLA,,,
,,,,,,,,,,,,,40554-15333:Antoine Roussel,40554-15333,W,Antoine,Antoine Roussel,Roussel,7.66769221379207,65,3000,DAL@VAN,VAN,DAL,O,Knee,
,,,,,,,,,,,,,40554-104423:Nikolai Prokhorkin,40554-104423,C,Nikolai,Nikolai Prokhorkin,Prokhorkin,2.66666666666667,3,3000,DET@LA,LA,DET,,,
,,,,,,,,,,,,,40554-42984:Justin Bailey,40554-42984,W,Justin,Justin Bailey,Bailey,2.18181818181818,11,3000,DAL@VAN,VAN,DAL,,,
,,,,,,,,,,,,,40554-9194:Micheal Haley,40554-9194,W,Micheal,Micheal Haley,Haley,3.5,8,3000,NYR@TB,NYR,TB,,,
,,,,,,,,,,,,,40554-15341:Ty Rattie,40554-15341,W,Ty,Ty Rattie,Rattie,5.00200012207031,50,3000,COL@EDM,EDM,COL,,,
,,,,,,,,,,,,,40554-68602:Aleksi Saarela,40554-68602,W,Aleksi,Aleksi Saarela,Saarela,0,0,3000,WPG@FLA,FLA,WPG,,,
