name,team,nameSite,number,pos,height,weight,birthday,experience,college
DeAndre' Bembry,ATL,https://www.basketball-reference.com/players/b/bembrde01.html,95,SG,6-5,210,July 4, 1994,3,Saint Joseph's
Charlie Brown,ATL,https://www.basketball-reference.com/players/b/brownch02.html,4,SG,6-6,199,February 2, 1997,0,Saint Joseph's
Vince Carter,ATL,https://www.basketball-reference.com/players/c/cartevi01.html,15,PF,6-6,220,January 26, 1977,21,UNC
John Collins,ATL,https://www.basketball-reference.com/players/c/collijo01.html,20,PF,6-9,235,September 23, 1997,2,Wake Forest
Allen Crabbe,ATL,https://www.basketball-reference.com/players/c/crabbal01.html,33,SG,6-5,212,April 9, 1992,6,California
Dewayne Dedmon,ATL,https://www.basketball-reference.com/players/d/dedmode01.html,14,C,7-0,245,August 12, 1989,6,USC
Bruno Fernando,ATL,https://www.basketball-reference.com/players/f/fernabr01.html,24,C,6-9,240,August 15, 1998,0,Maryland
Brandon Goodwin,ATL,https://www.basketball-reference.com/players/g/goodwbr01.html,0,PG,6-0,180,October 2, 1995,1,Central Florida: Florida Gulf Coast
Treveon Graham,ATL,https://www.basketball-reference.com/players/g/grahatr01.html,2,SF,6-5,219,October 28, 1993,3,VCU
Kevin Huerter,ATL,https://www.basketball-reference.com/players/h/huertke01.html,3,SG,6-7,190,August 27, 1998,1,Maryland
De'Andre Hunter,ATL,https://www.basketball-reference.com/players/h/huntede01.html,12,SF,6-8,225,December 2, 1997,0,Virginia
Damian Jones,ATL,https://www.basketball-reference.com/players/j/jonesda03.html,30,C,6-11,245,June 30, 1995,3,Vanderbilt
Alex Len,ATL,https://www.basketball-reference.com/players/l/lenal01.html,25,C,7-0,250,June 16, 1993,6,Maryland
Jabari Parker,ATL,https://www.basketball-reference.com/players/p/parkeja01.html,5,PF,6-8,245,March 15, 1995,5,Duke
Chandler Parsons,ATL,https://www.basketball-reference.com/players/p/parsoch01.html,31,PF,6-9,230,October 25, 1988,8,Florida
Cam Reddish,ATL,https://www.basketball-reference.com/players/r/reddica01.html,22,SF,6-8,218,September 1, 1999,0,Duke
Jeff Teague,ATL,https://www.basketball-reference.com/players/t/teaguje01.html,00,PG,6-3,195,June 10, 1988,10,Wake Forest
Evan Turner,ATL,https://www.basketball-reference.com/players/t/turneev01.html,1,SG,6-6,220,October 27, 1988,9,Ohio State
Tyrone Wallace,ATL,https://www.basketball-reference.com/players/w/wallaty01.html,8,SG,6-5,198,June 10, 1994,2,California
Paul Watson,ATL,https://www.basketball-reference.com/players/w/watsopa01.html,2,SF,6-6,210,December 30, 1994,0,Fresno State
Trae Young,ATL,https://www.basketball-reference.com/players/y/youngtr01.html,11,PG,6-1,180,September 19, 1998,1,Oklahoma
Jaylen Brown,BOS,https://www.basketball-reference.com/players/b/brownja02.html,7,SG,6-6,223,October 24, 1996,3,California
Carsen Edwards,BOS,https://www.basketball-reference.com/players/e/edwarca01.html,4,SG,5-11,200,March 12, 1998,0,Purdue
Tacko Fall,BOS,https://www.basketball-reference.com/players/f/fallta01.html,99,C,7-5,311,December 10, 1995,0,Central Florida
Javonte Green,BOS,https://www.basketball-reference.com/players/g/greenja02.html,43,SG,6-4,205,July 23, 1993,0,Radford
Gordon Hayward,BOS,https://www.basketball-reference.com/players/h/haywago01.html,20,SF,6-7,225,March 23, 1990,9,Butler
Enes Kanter,BOS,https://www.basketball-reference.com/players/k/kanteen01.html,11,C,6-10,250,May 20, 1992,8,
Romeo Langford,BOS,https://www.basketball-reference.com/players/l/langfro01.html,45,SG,6-4,216,October 25, 1999,0,Indiana
Semi Ojeleye,BOS,https://www.basketball-reference.com/players/o/ojelese01.html,37,PF,6-6,240,December 5, 1994,2,Duke: SMU
Vincent Poirier,BOS,https://www.basketball-reference.com/players/p/poirivi01.html,77,C,7-0,235,October 17, 1993,0,
Marcus Smart,BOS,https://www.basketball-reference.com/players/s/smartma01.html,36,SG,6-3,220,March 6, 1994,5,Oklahoma State
Jayson Tatum,BOS,https://www.basketball-reference.com/players/t/tatumja01.html,0,PF,6-8,210,March 3, 1998,2,Duke
Daniel Theis,BOS,https://www.basketball-reference.com/players/t/theisda01.html,27,C,6-8,245,April 4, 1992,2,
Kemba Walker,BOS,https://www.basketball-reference.com/players/w/walkeke02.html,8,PG,6-0,184,May 8, 1990,8,UConn
Brad Wanamaker,BOS,https://www.basketball-reference.com/players/w/wanambr01.html,9,PG,6-3,210,July 25, 1989,1,Pitt
Tremont Waters,BOS,https://www.basketball-reference.com/players/w/watertr01.html,51,PG,5-10,175,January 10, 1998,0,LSU
Grant Williams,BOS,https://www.basketball-reference.com/players/w/willigr01.html,12,PF,6-6,236,November 30, 1998,0,Tennessee
Robert Williams,BOS,https://www.basketball-reference.com/players/w/williro04.html,44,C,6-8,237,October 17, 1997,1,Texas A&M
Jarrett Allen,BRK,https://www.basketball-reference.com/players/a/allenja01.html,31,C,6-11,243,April 21, 1998,2,Texas
Justin Anderson,BRK,https://www.basketball-reference.com/players/a/anderju01.html,10,SG,6-6,230,November 19, 1993,4,Virginia
Wilson Chandler,BRK,https://www.basketball-reference.com/players/c/chandwi01.html,21,PF,6-8,235,May 10, 1987,11,DePaul
Chris Chiozza,BRK,https://www.basketball-reference.com/players/c/chiozch01.html,4,PG,5-11,175,November 21, 1995,1,Florida
Nicolas Claxton,BRK,https://www.basketball-reference.com/players/c/claxtni01.html,33,C,6-11,215,April 17, 1999,0,Georgia
Jamal Crawford,BRK,https://www.basketball-reference.com/players/c/crawfja01.html,1,SG,6-5,185,March 20, 1980,19,Michigan
Spencer Dinwiddie,BRK,https://www.basketball-reference.com/players/d/dinwisp01.html,8, 26,PG,6-5,215,April 6, 1993,5,Colorado
Henry Ellenson,BRK,https://www.basketball-reference.com/players/e/ellenhe01.html,4,C,6-10,240,January 13, 1997,3,Marquette
Donta Hall,BRK,https://www.basketball-reference.com/players/h/halldo01.html,45,C,6-9,232,August 7, 1997,0,Alabama
Joe Harris,BRK,https://www.basketball-reference.com/players/h/harrijo01.html,12,SF,6-6,220,September 6, 1991,5,Virginia
Kyrie Irving,BRK,https://www.basketball-reference.com/players/i/irvinky01.html,11,PG,6-2,195,March 23, 1992,8,Duke
Tyler Johnson,BRK,https://www.basketball-reference.com/players/j/johnsty01.html,8,SG,6-3,186,May 7, 1992,5,Fresno State
DeAndre Jordan,BRK,https://www.basketball-reference.com/players/j/jordade01.html,6,C,6-11,265,July 21, 1988,11,Texas A&M
Rodions Kurucs,BRK,https://www.basketball-reference.com/players/k/kurucro01.html,00,PF,6-9,228,February 5, 1998,1,
Caris LeVert,BRK,https://www.basketball-reference.com/players/l/leverca01.html,22,SG,6-6,205,August 25, 1994,3,Michigan
Timothé Luwawu-Cabarrot,BRK,https://www.basketball-reference.com/players/l/luwawti01.html,9,SF,6-7,220,May 9, 1995,3,
Jeremiah Martin,BRK,https://www.basketball-reference.com/players/m/martije02.html,0,PG,6-3,185,June 19, 1996,0,Memphis
Džanan Musa,BRK,https://www.basketball-reference.com/players/m/musadz01.html,13,SF,6-9,217,May 8, 1999,1,
David Nwaba,BRK,https://www.basketball-reference.com/players/n/nwabada01.html,0,SF,6-5,219,January 14, 1993,3,Cal Poly
Theo Pinson,BRK,https://www.basketball-reference.com/players/p/pinsoth01.html,1,SG,6-5,212,November 5, 1995,1,UNC
Taurean Prince,BRK,https://www.basketball-reference.com/players/p/princta02.html,2,PF,6-7,218,March 22, 1994,3,Baylor
Iman Shumpert,BRK,https://www.basketball-reference.com/players/s/shumpim01.html,10,SF,6-5,215,June 26, 1990,8,Georgia Tech
Garrett Temple,BRK,https://www.basketball-reference.com/players/t/templga01.html,17,SG,6-5,195,May 8, 1986,9,LSU
Lance Thomas,BRK,https://www.basketball-reference.com/players/t/thomala01.html,42,PF,6-8,240,April 24, 1988,8,Duke
Dwayne Bacon,CHO,https://www.basketball-reference.com/players/b/bacondw01.html,7,SG,6-6,221,August 30, 1995,2,Florida State
Nicolas Batum,CHO,https://www.basketball-reference.com/players/b/batumni01.html,5,SF,6-8,230,December 14, 1988,11,
Bismack Biyombo,CHO,https://www.basketball-reference.com/players/b/biyombi01.html,8,C,6-8,255,August 28, 1992,8,
Miles Bridges,CHO,https://www.basketball-reference.com/players/b/bridgmi02.html,0,SF,6-6,225,March 21, 1998,1,Michigan State
Joe Chealey,CHO,https://www.basketball-reference.com/players/c/chealjo01.html,31,PG,6-3,190,November 1, 1995,1,College of Charleston
Devonte' Graham,CHO,https://www.basketball-reference.com/players/g/grahade01.html,4,PG,6-1,195,February 22, 1995,1,Kansas
Willy Hernangómez,CHO,https://www.basketball-reference.com/players/h/hernawi01.html,9,C,6-11,250,May 27, 1994,3,
Michael Kidd-Gilchrist,CHO,https://www.basketball-reference.com/players/k/kiddgmi01.html,14,PF,6-6,232,September 26, 1993,7,Kentucky
Caleb Martin,CHO,https://www.basketball-reference.com/players/m/martica02.html,10,SF,6-5,205,September 28, 1995,0,NC State: Nevada
Cody Martin,CHO,https://www.basketball-reference.com/players/m/martico01.html,11,SF,6-5,205,September 28, 1995,0,NC State: Nevada
Jalen McDaniels,CHO,https://www.basketball-reference.com/players/m/mcdanja01.html,6,SF,6-9,205,January 31, 1998,0,San Diego State
Malik Monk,CHO,https://www.basketball-reference.com/players/m/monkma01.html,1,SG,6-3,200,February 4, 1998,2,Kentucky
Terry Rozier,CHO,https://www.basketball-reference.com/players/r/roziete01.html,3,PG,6-1,190,March 17, 1994,4,Louisville
P.J. Washington,CHO,https://www.basketball-reference.com/players/w/washipj01.html,25,PF,6-7,230,August 23, 1998,0,Kentucky
Marvin Williams,CHO,https://www.basketball-reference.com/players/w/willima02.html,2,PF,6-8,237,June 19, 1986,14,UNC
Cody Zeller,CHO,https://www.basketball-reference.com/players/z/zelleco01.html,40,C,6-11,240,October 5, 1992,6,Indiana
Ryan Arcidiacono,CHI,https://www.basketball-reference.com/players/a/arcidry01.html,51,PG,6-3,195,March 26, 1994,2,Villanova
Wendell Carter,CHI,https://www.basketball-reference.com/players/c/cartewe01.html,34,C,6-10,270,April 16, 1999,1,Duke
Kris Dunn,CHI,https://www.basketball-reference.com/players/d/dunnkr01.html,32,PG,6-3,205,March 18, 1994,3,Providence
Cristiano Felício,CHI,https://www.basketball-reference.com/players/f/feliccr01.html,6,C,6-11,270,July 7, 1992,4,
Daniel Gafford,CHI,https://www.basketball-reference.com/players/g/gaffoda01.html,12,C,6-10,234,October 1, 1998,0,Arkansas
Shaquille Harrison,CHI,https://www.basketball-reference.com/players/h/harrish01.html,3,SG,6-7,190,October 6, 1993,2,Tulsa
Chandler Hutchison,CHI,https://www.basketball-reference.com/players/h/hutchch01.html,15,SF,6-6,210,April 26, 1996,1,Boise State
Luke Kornet,CHI,https://www.basketball-reference.com/players/k/kornelu01.html,2,C,7-2,250,July 15, 1995,2,Vanderbilt
Zach LaVine,CHI,https://www.basketball-reference.com/players/l/lavinza01.html,8,SG,6-5,200,March 10, 1995,5,UCLA
Lauri Markkanen,CHI,https://www.basketball-reference.com/players/m/markkla01.html,24,PF,7-0,240,May 22, 1997,2,Arizona
Adam Mokoka,CHI,https://www.basketball-reference.com/players/m/mokokad01.html,20,SF,6-4,190,July 18, 1998,0,
Otto Porter,CHI,https://www.basketball-reference.com/players/p/porteot01.html,22,SF,6-8,198,June 3, 1993,6,Georgetown
Tomáš Satoranský,CHI,https://www.basketball-reference.com/players/s/satorto01.html,31,SG,6-7,210,October 30, 1991,3,
Max Strus,CHI,https://www.basketball-reference.com/players/s/strusma01.html,28,SF,6-5,215,March 28, 1996,0,Lewis (IL): DePaul
Denzel Valentine,CHI,https://www.basketball-reference.com/players/v/valende01.html,45,SF,6-4,220,November 16, 1993,2,Michigan State
Coby White,CHI,https://www.basketball-reference.com/players/w/whiteco01.html,0,PG,6-5,195,February 16, 2000,0,UNC
Thaddeus Young,CHI,https://www.basketball-reference.com/players/y/youngth01.html,21,PF,6-8,235,June 21, 1988,12,Georgia Tech
Marques Bolden,CLE,https://www.basketball-reference.com/players/b/boldema01.html,5,C,6-10,249,April 17, 1998,0,Duke
Jordan Clarkson,CLE,https://www.basketball-reference.com/players/c/clarkjo01.html,8,SG,6-4,194,June 7, 1992,5,Tulsa: Missouri
Tyler Cook,CLE,https://www.basketball-reference.com/players/c/cookty01.html,21,PF,6-8,255,September 23, 1997,0,Iowa
Matthew Dellavedova,CLE,https://www.basketball-reference.com/players/d/dellama01.html,18,PG,6-3,200,September 8, 1990,6,Saint Mary's
Andre Drummond,CLE,https://www.basketball-reference.com/players/d/drumman01.html,3,C,6-10,279,August 10, 1993,7,UConn
Dante Exum,CLE,https://www.basketball-reference.com/players/e/exumda01.html,1,SG,6-5,214,July 13, 1995,4,
Darius Garland,CLE,https://www.basketball-reference.com/players/g/garlada01.html,10,SG,6-1,192,January 26, 2000,0,Vanderbilt
John Henson,CLE,https://www.basketball-reference.com/players/h/hensojo01.html,31,C,6-9,219,December 28, 1990,7,UNC
Brandon Knight,CLE,https://www.basketball-reference.com/players/k/knighbr03.html,20,SG,6-2,182,December 2, 1991,7,Kentucky
Kevin Love,CLE,https://www.basketball-reference.com/players/l/loveke01.html,0,PF,6-8,251,September 7, 1988,11,UCLA
J.P. Macura,CLE,https://www.basketball-reference.com/players/m/macurjp01.html,55,SG,6-5,203,June 5, 1995,1,Xavier
Alfonzo McKinnie,CLE,https://www.basketball-reference.com/players/m/mckinal01.html,28,SF,6-7,215,September 17, 1992,2,Green Bay
Matt Mooney,CLE,https://www.basketball-reference.com/players/m/moonema01.html,31,SG,6-3,199,February 7, 1997,0,Air Force: South Dakota: Texas Tech
Larry Nance,CLE,https://www.basketball-reference.com/players/n/nancela02.html,22,PF,6-7,245,January 1, 1993,4,Wyoming
Malik Newman,CLE,https://www.basketball-reference.com/players/n/newmama01.html,14,SG,6-3,190,February 21, 1997,0,Mississippi State: Kansas
Cedi Osman,CLE,https://www.basketball-reference.com/players/o/osmande01.html,16,SF,6-7,230,April 8, 1995,2,
Kevin Porter,CLE,https://www.basketball-reference.com/players/p/porteke02.html,4,SF,6-4,203,May 4, 2000,0,USC
Collin Sexton,CLE,https://www.basketball-reference.com/players/s/sextoco01.html,2,PG,6-1,190,January 4, 1999,1,Alabama
Tristan Thompson,CLE,https://www.basketball-reference.com/players/t/thomptr01.html,13,PF,6-9,254,March 13, 1991,8,Texas
Dean Wade,CLE,https://www.basketball-reference.com/players/w/wadede01.html,32,PF,6-9,228,November 20, 1996,0,Kansas State
Ante Žižić,CLE,https://www.basketball-reference.com/players/z/zizican01.html,41,C,6-10,266,January 4, 1997,2,
J.J. Barea,DAL,https://www.basketball-reference.com/players/b/bareajo01.html,5,PG,5-10,180,June 26, 1984,13,Northeastern University
Ryan Broekhoff,DAL,https://www.basketball-reference.com/players/b/broekry01.html,45,SF,6-6,215,August 23, 1990,1,Valparaiso
Jalen Brunson,DAL,https://www.basketball-reference.com/players/b/brunsja01.html,13,PG,6-1,190,August 31, 1996,1,Villanova
Trey Burke,DAL,https://www.basketball-reference.com/players/b/burketr01.html,32,PG,6-0,185,November 12, 1992,6,Michigan
Willie Cauley-Stein,DAL,https://www.basketball-reference.com/players/c/caulewi01.html,33,C,7-0,240,August 18, 1993,4,Kentucky
Antonius Cleveland,DAL,https://www.basketball-reference.com/players/c/clevean01.html,3,SG,6-5,195,February 2, 1994,1,SE Missouri State
Seth Curry,DAL,https://www.basketball-reference.com/players/c/curryse01.html,30,SG,6-2,185,August 23, 1990,5,Liberty: Duke
Luka Dončić,DAL,https://www.basketball-reference.com/players/d/doncilu01.html,77,PG,6-7,230,February 28, 1999,1,
Dorian Finney-Smith,DAL,https://www.basketball-reference.com/players/f/finnedo01.html,10,PF,6-7,220,May 4, 1993,3,Florida
Tim Hardaway,DAL,https://www.basketball-reference.com/players/h/hardati02.html,11,SG,6-5,205,March 16, 1992,6,Michigan
Justin Jackson,DAL,https://www.basketball-reference.com/players/j/jacksju01.html,44,PF,6-8,220,March 28, 1995,2,UNC
Michael Kidd-Gilchrist,DAL,https://www.basketball-reference.com/players/k/kiddgmi01.html,9,PF,6-6,232,September 26, 1993,7,Kentucky
Maxi Kleber,DAL,https://www.basketball-reference.com/players/k/klebima01.html,42,PF,6-10,240,January 29, 1992,2,
Courtney Lee,DAL,https://www.basketball-reference.com/players/l/leeco01.html,1,SG,6-5,215,October 3, 1985,11,Western Kentucky
Boban Marjanović,DAL,https://www.basketball-reference.com/players/m/marjabo01.html,51,C,7-4,290,August 15, 1988,4,
Kristaps Porziņģis,DAL,https://www.basketball-reference.com/players/p/porzikr01.html,6,C,7-3,240,August 2, 1995,3,
Dwight Powell,DAL,https://www.basketball-reference.com/players/p/poweldw01.html,7,C,6-10,240,July 20, 1991,5,Stanford
Josh Reaves,DAL,https://www.basketball-reference.com/players/r/reavejo02.html,23,SF,6-4,214,June 4, 1997,0,Penn State
Delon Wright,DAL,https://www.basketball-reference.com/players/w/wrighde01.html,55,PG,6-5,185,April 26, 1992,4,Utah
Will Barton,DEN,https://www.basketball-reference.com/players/b/bartowi01.html,5,SF,6-6,181,January 6, 1991,7,Memphis
Keita Bates-Diop,DEN,https://www.basketball-reference.com/players/b/bateske01.html,6,SF,6-8,229,January 23, 1996,1,Ohio State
Malik Beasley,DEN,https://www.basketball-reference.com/players/b/beaslma01.html,25,SG,6-4,187,November 26, 1996,3,Florida State
Bol Bol,DEN,https://www.basketball-reference.com/players/b/bolbo01.html,10,PF,7-2,220,November 16, 1999,0,Oregon
Vlatko Čančar,DEN,https://www.basketball-reference.com/players/c/cancavl01.html,31,PF,6-8,236,April 10, 1997,0,
Tyler Cook,DEN,https://www.basketball-reference.com/players/c/cookty01.html,25,SF,6-8,255,September 23, 1997,0,Iowa
Torrey Craig,DEN,https://www.basketball-reference.com/players/c/craigto01.html,3,SF,6-7,221,December 19, 1990,2,USC Upstate
Troy Daniels,DEN,https://www.basketball-reference.com/players/d/danietr01.html,30,SG,6-4,200,July 15, 1991,6,VCU
PJ Dozier,DEN,https://www.basketball-reference.com/players/d/doziepj01.html,35,SG,6-6,205,October 25, 1996,2,South Carolina
Jerami Grant,DEN,https://www.basketball-reference.com/players/g/grantje01.html,9,PF,6-8,210,March 12, 1994,5,Syracuse
Gary Harris,DEN,https://www.basketball-reference.com/players/h/harriga01.html,14,SG,6-4,210,September 14, 1994,5,Michigan State
Juan Hernangómez,DEN,https://www.basketball-reference.com/players/h/hernaju01.html,41,PF,6-9,214,September 28, 1995,3,
Nikola Jokić,DEN,https://www.basketball-reference.com/players/j/jokicni01.html,15,C,6-11,284,February 19, 1995,4,
Jordan McRae,DEN,https://www.basketball-reference.com/players/m/mcraejo01.html,52,SG,6-5,179,March 28, 1991,3,Tennessee
Paul Millsap,DEN,https://www.basketball-reference.com/players/m/millspa01.html,4,PF,6-7,257,February 10, 1985,13,Louisiana Tech
Monte Morris,DEN,https://www.basketball-reference.com/players/m/morrimo01.html,11,PG,6-2,183,June 27, 1995,2,Iowa State
Jamal Murray,DEN,https://www.basketball-reference.com/players/m/murraja01.html,27,PG,6-3,215,February 23, 1997,3,Kentucky
Mason Plumlee,DEN,https://www.basketball-reference.com/players/p/plumlma01.html,7, 24,C,6-11,254,March 5, 1990,6,Duke
Michael Porter,DEN,https://www.basketball-reference.com/players/p/portemi01.html,1,SF,6-10,218,June 29, 1998,0,Missouri
Jarred Vanderbilt,DEN,https://www.basketball-reference.com/players/v/vandeja01.html,6,PF,6-9,214,April 3, 1999,1,Kentucky
Noah Vonleh,DEN,https://www.basketball-reference.com/players/v/vonleno01.html,32,C,6-10,257,August 24, 1995,5,Indiana
Jordan Bone,DET,https://www.basketball-reference.com/players/b/bonejo01.html,18,PG,6-2,180,November 5, 1997,0,Tennessee
Bruce Brown,DET,https://www.basketball-reference.com/players/b/brownbr01.html,6,PG,6-4,202,August 15, 1996,1,Miami (FL)
Sekou Doumbouya,DET,https://www.basketball-reference.com/players/d/doumbse01.html,45,PF,6-8,230,December 23, 2000,0,
Andre Drummond,DET,https://www.basketball-reference.com/players/d/drumman01.html,0,C,6-10,279,August 10, 1993,7,UConn
Tim Frazier,DET,https://www.basketball-reference.com/players/f/fraziti01.html,12,PG,6-0,170,November 1, 1990,5,Penn State
Langston Galloway,DET,https://www.basketball-reference.com/players/g/gallola01.html,9,SG,6-1,200,December 9, 1991,5,Saint Joseph's
Blake Griffin,DET,https://www.basketball-reference.com/players/g/griffbl01.html,23,PF,6-9,250,March 16, 1989,9,Oklahoma
Donta Hall,DET,https://www.basketball-reference.com/players/h/halldo01.html,42,PF,6-9,232,August 7, 1997,0,Alabama
John Henson,DET,https://www.basketball-reference.com/players/h/hensojo01.html,31,C,6-9,219,December 28, 1990,7,UNC
Reggie Jackson,DET,https://www.basketball-reference.com/players/j/jacksre01.html,1,PG,6-2,208,April 16, 1990,8,Boston College
Luke Kennard,DET,https://www.basketball-reference.com/players/k/kennalu01.html,5,SG,6-5,206,June 24, 1996,2,Duke
Louis King,DET,https://www.basketball-reference.com/players/k/kinglo02.html,14,SF,6-7,205,April 6, 1999,0,Oregon
Brandon Knight,DET,https://www.basketball-reference.com/players/k/knighbr03.html,20,PG,6-2,182,December 2, 1991,7,Kentucky
Thon Maker,DET,https://www.basketball-reference.com/players/m/makerth01.html,7,C,7-0,221,February 25, 1997,3,
Jordan McRae,DET,https://www.basketball-reference.com/players/m/mcraejo01.html,52,SG,6-5,179,March 28, 1991,3,Tennessee
Markieff Morris,DET,https://www.basketball-reference.com/players/m/morrima02.html,8, 88,PF,6-9,245,September 2, 1989,8,Kansas
Sviatoslav Mykhailiuk,DET,https://www.basketball-reference.com/players/m/mykhasv01.html,19,SF,6-7,205,June 10, 1997,1,Kansas
Derrick Rose,DET,https://www.basketball-reference.com/players/r/rosede01.html,25,PG,6-2,200,October 4, 1988,10,Memphis
Tony Snell,DET,https://www.basketball-reference.com/players/s/snellto01.html,17,SF,6-6,213,November 10, 1991,6,New Mexico
Khyri Thomas,DET,https://www.basketball-reference.com/players/t/thomakh01.html,13,SG,6-3,210,May 8, 1996,1,Creighton
Derrick Walton,DET,https://www.basketball-reference.com/players/w/waltode01.html,12,PG,6-0,189,April 3, 1995,1,Michigan
Christian Wood,DET,https://www.basketball-reference.com/players/w/woodch01.html,35,PF,6-10,214,September 27, 1995,3,UNLV
Dragan Bender,GSW,https://www.basketball-reference.com/players/b/bendedr01.html,10,PF,7-0,225,November 17, 1997,3,
Ky Bowman,GSW,https://www.basketball-reference.com/players/b/bowmaky01.html,12,PG,6-1,187,June 16, 1997,0,Boston College
Alec Burks,GSW,https://www.basketball-reference.com/players/b/burksal01.html,8, 20,SF,6-6,214,July 20, 1991,8,Colorado
Willie Cauley-Stein,GSW,https://www.basketball-reference.com/players/c/caulewi01.html,2,C,7-0,240,August 18, 1993,4,Kentucky
Marquese Chriss,GSW,https://www.basketball-reference.com/players/c/chrisma01.html,32,PF,6-9,240,July 2, 1997,3,Washington
Stephen Curry,GSW,https://www.basketball-reference.com/players/c/curryst01.html,30,PG,6-3,185,March 14, 1988,10,Davidson
Jacob Evans,GSW,https://www.basketball-reference.com/players/e/evansja02.html,10,SG,6-4,210,June 18, 1997,1,Cincinnati
Draymond Green,GSW,https://www.basketball-reference.com/players/g/greendr01.html,23,PF,6-6,230,March 4, 1990,7,Michigan State
Damion Lee,GSW,https://www.basketball-reference.com/players/l/leeda03.html,1,SG,6-5,210,October 21, 1992,2,Drexel: Louisville
Kevon Looney,GSW,https://www.basketball-reference.com/players/l/looneke01.html,5,C,6-9,222,February 6, 1996,4,UCLA
Mychal Mulder,GSW,https://www.basketball-reference.com/players/m/muldemy01.html,15,SF,6-3,184,June 12, 1994,0,Vincennes: Kentucky
Zach Norvell,GSW,https://www.basketball-reference.com/players/n/norveza01.html,21,SG,6-5,206,December 9, 1997,0,Gonzaga
Jeremy Pargo,GSW,https://www.basketball-reference.com/players/p/pargoje01.html,20,PG,6-2,219,March 17, 1986,2,Gonzaga
Eric Paschall,GSW,https://www.basketball-reference.com/players/p/pascher01.html,7,PF,6-6,255,November 4, 1996,0,Fordham: Villanova
Jordan Poole,GSW,https://www.basketball-reference.com/players/p/poolejo01.html,3,SG,6-4,194,June 19, 1999,0,Michigan
Chasson Randle,GSW,https://www.basketball-reference.com/players/r/randlch01.html,25,PG,6-2,185,February 5, 1993,2,Stanford
Glenn Robinson,GSW,https://www.basketball-reference.com/players/r/robingl02.html,22,SF,6-6,222,January 8, 1994,5,Michigan
D'Angelo Russell,GSW,https://www.basketball-reference.com/players/r/russeda01.html,0,PG,6-4,193,February 23, 1996,4,Ohio State
Alen Smailagić,GSW,https://www.basketball-reference.com/players/s/smailal01.html,6,C,6-10,215,August 18, 2000,0,
Omari Spellman,GSW,https://www.basketball-reference.com/players/s/spellom01.html,4,C,6-8,245,July 21, 1997,1,Villanova
Juan Toscano-Anderson,GSW,https://www.basketball-reference.com/players/t/toscaju01.html,95,SG,6-6,209,April 10, 1993,0,Marquette
Andrew Wiggins,GSW,https://www.basketball-reference.com/players/w/wiggian01.html,22,SF,6-7,197,February 23, 1995,5,Kansas
Ryan Anderson,HOU,https://www.basketball-reference.com/players/a/anderry01.html,33,C,6-9,240,May 6, 1988,11,California
Bruno Caboclo,HOU,https://www.basketball-reference.com/players/c/cabocbr01.html,5,C,6-9,218,September 21, 1995,5,
Clint Capela,HOU,https://www.basketball-reference.com/players/c/capelca01.html,15,C,6-10,240,May 18, 1994,5,
DeMarre Carroll,HOU,https://www.basketball-reference.com/players/c/carrode01.html,9,C,6-6,215,July 27, 1986,10,Vanderbilt: Missouri
Tyson Chandler,HOU,https://www.basketball-reference.com/players/c/chandty01.html,19,C,7-0,235,October 2, 1982,18,
Gary Clark,HOU,https://www.basketball-reference.com/players/c/clarkga01.html,6,PF,6-6,225,November 16, 1994,1,Cincinnati
Chris Clemons,HOU,https://www.basketball-reference.com/players/c/clemoch01.html,3,SG,5-9,180,July 23, 1997,0,Campbell
Robert Covington,HOU,https://www.basketball-reference.com/players/c/covinro01.html,33,C,6-7,209,December 14, 1990,6,Tennessee State
Michael Frazier,HOU,https://www.basketball-reference.com/players/f/frazimi01.html,21,SG,6-3,200,March 8, 1994,0,Florida
Eric Gordon,HOU,https://www.basketball-reference.com/players/g/gordoer01.html,10,SF,6-3,215,December 25, 1988,11,Indiana
Jeff Green,HOU,https://www.basketball-reference.com/players/g/greenje02.html,32,C,6-8,235,August 28, 1986,11,Georgetown
James Harden,HOU,https://www.basketball-reference.com/players/h/hardeja01.html,13,SG,6-5,220,August 26, 1989,10,Arizona State
Isaiah Hartenstein,HOU,https://www.basketball-reference.com/players/h/harteis01.html,55,C,7-0,250,May 5, 1998,1,
Danuel House,HOU,https://www.basketball-reference.com/players/h/houseda01.html,4,SF,6-6,220,June 7, 1993,3,Texas A&M
William Howard,HOU,https://www.basketball-reference.com/players/h/howarwi01.html,52,PF,6-8,207,October 25, 1993,0,
Luc Mbah a Moute,HOU,https://www.basketball-reference.com/players/m/mbahalu01.html,12,PF,6-8,230,September 9, 1986,11,UCLA
Ben McLemore,HOU,https://www.basketball-reference.com/players/m/mclembe01.html,16,SF,6-3,195,February 11, 1993,6,Kansas
Austin Rivers,HOU,https://www.basketball-reference.com/players/r/riverau01.html,25,SG,6-4,200,August 1, 1992,7,Duke
Thabo Sefolosha,HOU,https://www.basketball-reference.com/players/s/sefolth01.html,18,PF,6-6,215,May 2, 1984,13,
P.J. Tucker,HOU,https://www.basketball-reference.com/players/t/tuckepj01.html,17,PF,6-5,245,May 5, 1985,8,Texas
Russell Westbrook,HOU,https://www.basketball-reference.com/players/w/westbru01.html,0,PG,6-3,200,November 12, 1988,11,UCLA
Goga Bitadze,IND,https://www.basketball-reference.com/players/b/bitadgo01.html,88,C,6-11,250,July 20, 1999,0,
Brian Bowen,IND,https://www.basketball-reference.com/players/b/bowenbr02.html,10,SF,6-6,190,October 2, 1998,0,
Malcolm Brogdon,IND,https://www.basketball-reference.com/players/b/brogdma01.html,7,PG,6-5,229,December 11, 1992,3,Virginia
Aaron Holiday,IND,https://www.basketball-reference.com/players/h/holidaa01.html,3,PG,6-0,185,September 30, 1996,1,UCLA
Justin Holiday,IND,https://www.basketball-reference.com/players/h/holidju01.html,8,SF,6-6,180,April 5, 1989,6,Washington
Alize Johnson,IND,https://www.basketball-reference.com/players/j/johnsal02.html,24,PF,6-7,212,April 22, 1996,1,Missouri State
Jeremy Lamb,IND,https://www.basketball-reference.com/players/l/lambje01.html,26,SG,6-5,180,May 30, 1992,7,UConn
T.J. Leaf,IND,https://www.basketball-reference.com/players/l/leaftj01.html,22,PF,6-10,222,April 30, 1997,2,UCLA
T.J. McConnell,IND,https://www.basketball-reference.com/players/m/mccontj01.html,9,PG,6-1,190,March 25, 1992,4,Duquesne: Arizona
Doug McDermott,IND,https://www.basketball-reference.com/players/m/mcderdo01.html,20,PF,6-7,225,January 3, 1992,5,Creighton
Naz Mitrou-Long,IND,https://www.basketball-reference.com/players/m/mitrona01.html,15,SG,6-3,218,August 3, 1993,2,Iowa State
Victor Oladipo,IND,https://www.basketball-reference.com/players/o/oladivi01.html,4,SG,6-4,213,May 4, 1992,6,Indiana
Domantas Sabonis,IND,https://www.basketball-reference.com/players/s/sabondo01.html,11,PF,6-11,240,May 3, 1996,3,Gonzaga
JaKarr Sampson,IND,https://www.basketball-reference.com/players/s/sampsja02.html,14,PF,6-7,214,March 20, 1993,4,St. John's
Edmond Sumner,IND,https://www.basketball-reference.com/players/s/sumneed01.html,5,SG,6-4,196,December 31, 1995,2,Xavier
Myles Turner,IND,https://www.basketball-reference.com/players/t/turnemy01.html,33,C,6-11,250,March 24, 1996,4,Texas
T.J. Warren,IND,https://www.basketball-reference.com/players/w/warretj01.html,1,SF,6-8,220,September 5, 1993,5,NC State
Patrick Beverley,LAC,https://www.basketball-reference.com/players/b/beverpa01.html,21,PG,6-1,180,July 12, 1988,7,Arkansas
Amir Coffey,LAC,https://www.basketball-reference.com/players/c/coffeam01.html,7,SG,6-7,210,June 17, 1997,0,Minnesota
Paul George,LAC,https://www.basketball-reference.com/players/g/georgpa01.html,13,SF,6-8,220,May 2, 1990,9,Fresno State
JaMychal Green,LAC,https://www.basketball-reference.com/players/g/greenja01.html,4,PF,6-8,227,June 21, 1990,5,Alabama
Maurice Harkless,LAC,https://www.basketball-reference.com/players/h/harklma01.html,8, 11,PF,6-7,220,May 11, 1993,7,St. John's
Montrezl Harrell,LAC,https://www.basketball-reference.com/players/h/harremo01.html,5,C,6-7,240,January 26, 1994,4,Louisville
Reggie Jackson,LAC,https://www.basketball-reference.com/players/j/jacksre01.html,1,SG,6-2,208,April 16, 1990,8,Boston College
Mfiondu Kabengele,LAC,https://www.basketball-reference.com/players/k/kabenmf01.html,25,C,6-9,250,August 14, 1997,0,Florida State
Kawhi Leonard,LAC,https://www.basketball-reference.com/players/l/leonaka01.html,2,SF,6-7,225,June 29, 1991,8,San Diego State
Terance Mann,LAC,https://www.basketball-reference.com/players/m/mannte01.html,14,SF,6-5,215,October 18, 1996,0,Florida State
Rodney McGruder,LAC,https://www.basketball-reference.com/players/m/mcgruro01.html,19,SG,6-4,205,July 29, 1991,3,Kansas State
Marcus Morris,LAC,https://www.basketball-reference.com/players/m/morrima03.html,31,PF,6-8,218,September 2, 1989,8,Kansas
Johnathan Motley,LAC,https://www.basketball-reference.com/players/m/motlejo01.html,15,PF,6-8,230,May 4, 1995,2,Baylor
Joakim Noah,LAC,https://www.basketball-reference.com/players/n/noahjo01.html,55,C,6-11,230,February 25, 1985,12,Florida
Patrick Patterson,LAC,https://www.basketball-reference.com/players/p/pattepa01.html,54,PF,6-8,235,March 14, 1989,9,Kentucky
Jerome Robinson,LAC,https://www.basketball-reference.com/players/r/robinje01.html,1,SG,6-4,190,February 22, 1997,1,Boston College
Landry Shamet,LAC,https://www.basketball-reference.com/players/s/shamela01.html,20,SG,6-4,190,March 13, 1997,1,Wichita State
Derrick Walton,LAC,https://www.basketball-reference.com/players/w/waltode01.html,10,PG,6-0,189,April 3, 1995,1,Michigan
Lou Williams,LAC,https://www.basketball-reference.com/players/w/willilo02.html,23,PG,6-1,175,October 27, 1986,14,
Ivica Zubac,LAC,https://www.basketball-reference.com/players/z/zubaciv01.html,40,C,7-0,240,March 18, 1997,3,
Kostas Antetokounmpo,LAL,https://www.basketball-reference.com/players/a/antetko01.html,37,PF,6-10,200,November 20, 1997,1,Dayton
Avery Bradley,LAL,https://www.basketball-reference.com/players/b/bradlav01.html,11,SG,6-3,180,November 26, 1990,9,Texas
Devontae Cacok,LAL,https://www.basketball-reference.com/players/c/cacokde01.html,12,C,6-7,240,October 8, 1996,0,UNC Wilmington
Kentavious Caldwell-Pope,LAL,https://www.basketball-reference.com/players/c/caldwke01.html,1,SG,6-5,204,February 18, 1993,6,Georgia
Alex Caruso,LAL,https://www.basketball-reference.com/players/c/carusal01.html,4,PG,6-4,186,February 28, 1994,2,Texas A&M
Quinn Cook,LAL,https://www.basketball-reference.com/players/c/cookqu01.html,2, 28,PG,6-1,180,March 23, 1993,3,Duke
Troy Daniels,LAL,https://www.basketball-reference.com/players/d/danietr01.html,30,SG,6-4,200,July 15, 1991,6,VCU
Anthony Davis,LAL,https://www.basketball-reference.com/players/d/davisan02.html,3,PF,6-10,253,March 11, 1993,7,Kentucky
Jared Dudley,LAL,https://www.basketball-reference.com/players/d/dudleja01.html,10,PF,6-6,237,July 10, 1985,12,Boston College
Danny Green,LAL,https://www.basketball-reference.com/players/g/greenda02.html,14,SG,6-6,215,June 22, 1987,10,UNC
Talen Horton-Tucker,LAL,https://www.basketball-reference.com/players/h/hortota01.html,5,SG,6-4,234,November 25, 2000,0,Iowa State
Dwight Howard,LAL,https://www.basketball-reference.com/players/h/howardw01.html,39,C,6-10,265,December 8, 1985,15,
LeBron James,LAL,https://www.basketball-reference.com/players/j/jamesle01.html,23,PG,6-9,250,December 30, 1984,16,
Kyle Kuzma,LAL,https://www.basketball-reference.com/players/k/kuzmaky01.html,0,PF,6-10,221,July 24, 1995,2,Utah
JaVale McGee,LAL,https://www.basketball-reference.com/players/m/mcgeeja01.html,7,C,7-0,270,January 19, 1988,11,Nevada
Markieff Morris,LAL,https://www.basketball-reference.com/players/m/morrima02.html,88,PF,6-9,245,September 2, 1989,8,Kansas
Zach Norvell,LAL,https://www.basketball-reference.com/players/n/norveza01.html,21,SG,6-5,206,December 9, 1997,0,Gonzaga
Rajon Rondo,LAL,https://www.basketball-reference.com/players/r/rondora01.html,9,PG,6-1,180,February 22, 1986,13,Kentucky
J.R. Smith,LAL,https://www.basketball-reference.com/players/s/smithjr01.html,21,SG,6-6,225,September 9, 1985,15,
Dion Waiters,LAL,https://www.basketball-reference.com/players/w/waitedi01.html,18,SG,6-3,215,December 10, 1991,7,Syracuse
Grayson Allen,MEM,https://www.basketball-reference.com/players/a/allengr01.html,3,SG,6-4,198,October 8, 1995,1,Duke
Kyle Anderson,MEM,https://www.basketball-reference.com/players/a/anderky01.html,1,SF,6-9,230,September 20, 1993,5,UCLA
Jordan Bell,MEM,https://www.basketball-reference.com/players/b/belljo01.html,2,C,6-8,216,January 7, 1995,2,Oregon
Dillon Brooks,MEM,https://www.basketball-reference.com/players/b/brookdi01.html,24,SG,6-7,225,January 22, 1996,2,Oregon
Bruno Caboclo,MEM,https://www.basketball-reference.com/players/c/cabocbr01.html,5,C,6-9,218,September 21, 1995,5,
Brandon Clarke,MEM,https://www.basketball-reference.com/players/c/clarkbr01.html,15,PF,6-8,215,September 19, 1996,0,San Jose State: Gonzaga
Jae Crowder,MEM,https://www.basketball-reference.com/players/c/crowdja01.html,99,SF,6-6,235,July 6, 1990,7,Marquette
Gorgui Dieng,MEM,https://www.basketball-reference.com/players/d/dienggo01.html,14,C,6-10,252,January 18, 1990,6,Louisville
Marko Guduric,MEM,https://www.basketball-reference.com/players/g/gudurma01.html,23,SG,6-6,201,March 8, 1995,0,
Dusty Hannahs,MEM,https://www.basketball-reference.com/players/h/hannadu01.html,5,SG,6-3,210,September 2, 1993,1,Texas Tech: Arkansas
Solomon Hill,MEM,https://www.basketball-reference.com/players/h/hillso01.html,44,PF,6-6,226,March 18, 1991,6,Arizona
Jaren Jackson,MEM,https://www.basketball-reference.com/players/j/jacksja02.html,13,C,6-11,242,September 15, 1999,1,Michigan State
Josh Jackson,MEM,https://www.basketball-reference.com/players/j/jacksjo02.html,20,SF,6-8,207,February 10, 1997,2,Kansas
Tyus Jones,MEM,https://www.basketball-reference.com/players/j/jonesty01.html,21,PG,6-0,196,May 10, 1996,4,Duke
John Konchar,MEM,https://www.basketball-reference.com/players/k/konchjo01.html,46,SG,6-5,210,March 22, 1996,0,Purdue-Fort Wayne
De'Anthony Melton,MEM,https://www.basketball-reference.com/players/m/meltode01.html,0,PG,6-2,200,May 28, 1998,1,USC
Ja Morant,MEM,https://www.basketball-reference.com/players/m/moranja01.html,12,PG,6-3,174,August 10, 1999,0,Murray State
Anthony Tolliver,MEM,https://www.basketball-reference.com/players/t/tollian01.html,44,PF,6-8,240,June 1, 1985,11,Creighton
Jarrod Uthoff,MEM,https://www.basketball-reference.com/players/u/uthofja01.html,19,PF,6-9,221,May 19, 1993,1,Iowa
Jonas Valančiūnas,MEM,https://www.basketball-reference.com/players/v/valanjo01.html,17,C,6-11,265,May 6, 1992,7,
Yuta Watanabe,MEM,https://www.basketball-reference.com/players/w/watanyu01.html,18,SF,6-9,215,October 13, 1994,1,George Washington
Bam Adebayo,MIA,https://www.basketball-reference.com/players/a/adebaba01.html,13,PF,6-9,255,July 18, 1997,2,Kentucky
Kyle Alexander,MIA,https://www.basketball-reference.com/players/a/alexaky01.html,17,C,6-11,220,October 21, 1996,0,Tennessee
Jimmy Butler,MIA,https://www.basketball-reference.com/players/b/butleji01.html,22,SF,6-7,230,September 14, 1989,8,Marquette
Jae Crowder,MIA,https://www.basketball-reference.com/players/c/crowdja01.html,99,PF,6-6,235,July 6, 1990,7,Marquette
Goran Dragić,MIA,https://www.basketball-reference.com/players/d/dragigo01.html,7,PG,6-3,190,May 6, 1986,11,
Udonis Haslem,MIA,https://www.basketball-reference.com/players/h/hasleud01.html,40,C,6-8,235,June 9, 1980,16,Florida
Tyler Herro,MIA,https://www.basketball-reference.com/players/h/herroty01.html,14,SG,6-5,195,January 20, 2000,0,Kentucky
Solomon Hill,MIA,https://www.basketball-reference.com/players/h/hillso01.html,44,PF,6-6,226,March 18, 1991,6,Arizona
Andre Iguodala,MIA,https://www.basketball-reference.com/players/i/iguodan01.html,28,SF,6-6,215,January 28, 1984,15,Arizona
James Johnson,MIA,https://www.basketball-reference.com/players/j/johnsja01.html,16,PF,6-7,240,February 20, 1987,10,Wake Forest
Derrick Jones,MIA,https://www.basketball-reference.com/players/j/jonesde02.html,5,SF,6-5,210,February 15, 1997,3,UNLV
Meyers Leonard,MIA,https://www.basketball-reference.com/players/l/leoname01.html,0,C,7-0,260,February 27, 1992,7,Illinois
Daryl Macon,MIA,https://www.basketball-reference.com/players/m/maconda01.html,15,PG,6-2,185,November 29, 1995,1,Arkansas
Kendrick Nunn,MIA,https://www.basketball-reference.com/players/n/nunnke01.html,25,PG,6-2,190,August 3, 1995,0,Illinois: Oakland
KZ Okpala,MIA,https://www.basketball-reference.com/players/o/okpalkz01.html,4,PF,6-8,215,April 28, 1999,0,Stanford
Kelly Olynyk,MIA,https://www.basketball-reference.com/players/o/olynyke01.html,9,C,6-11,240,April 19, 1991,6,Gonzaga
Duncan Robinson,MIA,https://www.basketball-reference.com/players/r/robindu01.html,55,SG,6-7,215,April 22, 1994,1,Williams: Michigan
Chris Silva,MIA,https://www.basketball-reference.com/players/s/silvach01.html,30,PF,6-8,234,September 19, 1996,0,South Carolina
Gabe Vincent,MIA,https://www.basketball-reference.com/players/v/vincega01.html,2,PG,6-3,200,June 14, 1996,0,UC Santa Barbara
Dion Waiters,MIA,https://www.basketball-reference.com/players/w/waitedi01.html,11,SG,6-3,215,December 10, 1991,7,Syracuse
Justise Winslow,MIA,https://www.basketball-reference.com/players/w/winslju01.html,20,SG,6-6,222,March 26, 1996,4,Duke
Giannis Antetokounmpo,MIL,https://www.basketball-reference.com/players/a/antetgi01.html,34,PF,6-11,242,December 6, 1994,6,
Thanasis Antetokounmpo,MIL,https://www.basketball-reference.com/players/a/antetth01.html,43,SF,6-6,219,July 18, 1992,1,
Dragan Bender,MIL,https://www.basketball-reference.com/players/b/bendedr01.html,17,C,7-0,225,November 17, 1997,3,
Eric Bledsoe,MIL,https://www.basketball-reference.com/players/b/bledser01.html,6,PG,6-1,214,December 9, 1989,9,Kentucky
Sterling Brown,MIL,https://www.basketball-reference.com/players/b/brownst02.html,23,SF,6-5,219,February 10, 1995,2,SMU
Pat Connaughton,MIL,https://www.basketball-reference.com/players/c/connapa01.html,24,SG,6-5,209,January 6, 1993,4,Notre Dame
Donte DiVincenzo,MIL,https://www.basketball-reference.com/players/d/divindo01.html,0,SG,6-4,203,January 31, 1997,1,Villanova
George Hill,MIL,https://www.basketball-reference.com/players/h/hillge01.html,3,PG,6-4,188,May 4, 1986,11,IUPUI
Ersan İlyasova,MIL,https://www.basketball-reference.com/players/i/ilyaser01.html,7,PF,6-9,235,May 15, 1987,11,
Kyle Korver,MIL,https://www.basketball-reference.com/players/k/korveky01.html,26,SF,6-7,212,March 17, 1981,16,Creighton
Brook Lopez,MIL,https://www.basketball-reference.com/players/l/lopezbr01.html,11,C,7-0,282,April 1, 1988,11,Stanford
Robin Lopez,MIL,https://www.basketball-reference.com/players/l/lopezro01.html,42,C,7-0,281,April 1, 1988,11,Stanford
Frank Mason,MIL,https://www.basketball-reference.com/players/m/masonfr01.html,15,PG,5-11,190,April 3, 1994,2,Kansas
Wesley Matthews,MIL,https://www.basketball-reference.com/players/m/matthwe02.html,9,SG,6-4,220,October 14, 1986,10,Marquette
Khris Middleton,MIL,https://www.basketball-reference.com/players/m/middlkh01.html,22,SF,6-7,222,August 12, 1991,7,Texas A&M
Marvin Williams,MIL,https://www.basketball-reference.com/players/w/willima02.html,20,PF,6-8,237,June 19, 1986,14,UNC
D.J. Wilson,MIL,https://www.basketball-reference.com/players/w/wilsodj01.html,5,PF,6-10,231,February 19, 1996,2,Michigan
Keita Bates-Diop,MIN,https://www.basketball-reference.com/players/b/bateske01.html,31,PF,6-8,229,January 23, 1996,1,Ohio State
Malik Beasley,MIN,https://www.basketball-reference.com/players/b/beaslma01.html,5,SG,6-4,187,November 26, 1996,3,Florida State
Jordan Bell,MIN,https://www.basketball-reference.com/players/b/belljo01.html,7,C,6-8,216,January 7, 1995,2,Oregon
Robert Covington,MIN,https://www.basketball-reference.com/players/c/covinro01.html,33,PF,6-7,209,December 14, 1990,6,Tennessee State
Allen Crabbe,MIN,https://www.basketball-reference.com/players/c/crabbal01.html,9,SF,6-5,212,April 9, 1992,6,California
Jarrett Culver,MIN,https://www.basketball-reference.com/players/c/culveja01.html,23,SG,6-6,195,February 20, 1999,0,Texas Tech
Gorgui Dieng,MIN,https://www.basketball-reference.com/players/d/dienggo01.html,5,C,6-10,252,January 18, 1990,6,Louisville
Jacob Evans,MIN,https://www.basketball-reference.com/players/e/evansja02.html,12,SG,6-4,210,June 18, 1997,1,Cincinnati
Treveon Graham,MIN,https://www.basketball-reference.com/players/g/grahatr01.html,12,SF,6-5,219,October 28, 1993,3,VCU
Juan Hernangómez,MIN,https://www.basketball-reference.com/players/h/hernaju01.html,41,PF,6-9,214,September 28, 1995,3,
James Johnson,MIN,https://www.basketball-reference.com/players/j/johnsja01.html,16,C,6-7,240,February 20, 1987,10,Wake Forest
Jake Layman,MIN,https://www.basketball-reference.com/players/l/laymaja01.html,10,SF,6-8,209,March 7, 1994,3,Maryland
Kelan Martin,MIN,https://www.basketball-reference.com/players/m/martike03.html,30,SF,6-5,230,August 3, 1995,0,Butler
Jordan McLaughlin,MIN,https://www.basketball-reference.com/players/m/mclaujo01.html,6,PG,5-11,185,April 9, 1996,0,USC
Shabazz Napier,MIN,https://www.basketball-reference.com/players/n/napiesh01.html,13,PG,6-0,175,July 14, 1991,5,UConn
Jaylen Nowell,MIN,https://www.basketball-reference.com/players/n/nowelja01.html,4,SG,6-4,201,July 9, 1999,0,Washington
Josh Okogie,MIN,https://www.basketball-reference.com/players/o/okogijo01.html,20,SG,6-4,213,September 1, 1998,1,Georgia Tech
Naz Reid,MIN,https://www.basketball-reference.com/players/r/reidna01.html,11,C,6-9,264,August 26, 1999,0,LSU
D'Angelo Russell,MIN,https://www.basketball-reference.com/players/r/russeda01.html,0,PG,6-4,193,February 23, 1996,4,Ohio State
Jeff Teague,MIN,https://www.basketball-reference.com/players/t/teaguje01.html,0,PG,6-3,195,June 10, 1988,10,Wake Forest
Karl-Anthony Towns,MIN,https://www.basketball-reference.com/players/t/townska01.html,32,C,6-11,248,November 15, 1995,4,Kentucky
Jarred Vanderbilt,MIN,https://www.basketball-reference.com/players/v/vandeja01.html,3,PF,6-9,214,April 3, 1999,1,Kentucky
Noah Vonleh,MIN,https://www.basketball-reference.com/players/v/vonleno01.html,1,C,6-10,257,August 24, 1995,5,Indiana
Andrew Wiggins,MIN,https://www.basketball-reference.com/players/w/wiggian01.html,22,SF,6-7,197,February 23, 1995,5,Kansas
Nickeil Alexander-Walker,NOP,https://www.basketball-reference.com/players/a/alexani01.html,0,SG,6-6,205,September 2, 1998,0,Virginia Tech
Lonzo Ball,NOP,https://www.basketball-reference.com/players/b/balllo01.html,2,PG,6-6,190,October 27, 1997,2,UCLA
Zylan Cheatham,NOP,https://www.basketball-reference.com/players/c/cheatzy01.html,45,PF,6-5,220,November 17, 1995,0,San Diego State: Arizona State
Derrick Favors,NOP,https://www.basketball-reference.com/players/f/favorde01.html,22,C,6-8,265,July 15, 1991,9,Georgia Tech
Josh Gray,NOP,https://www.basketball-reference.com/players/g/grayjo01.html,5,PG,6-0,180,September 9, 1993,1,LSU
Josh Hart,NOP,https://www.basketball-reference.com/players/h/hartjo01.html,3,SF,6-5,215,March 6, 1995,2,Villanova
Jaxson Hayes,NOP,https://www.basketball-reference.com/players/h/hayesja02.html,10,C,6-11,220,May 23, 2000,0,Texas
Jrue Holiday,NOP,https://www.basketball-reference.com/players/h/holidjr01.html,11,SG,6-3,205,June 12, 1990,10,UCLA
Brandon Ingram,NOP,https://www.basketball-reference.com/players/i/ingrabr01.html,14,PF,6-8,190,September 2, 1997,3,Duke
Frank Jackson,NOP,https://www.basketball-reference.com/players/j/jacksfr01.html,15,PG,6-3,205,May 4, 1998,1,Duke
Nicolò Melli,NOP,https://www.basketball-reference.com/players/m/mellini01.html,20,C,6-9,236,January 26, 1991,0,
E'Twaun Moore,NOP,https://www.basketball-reference.com/players/m/mooreet01.html,55,SG,6-3,191,February 25, 1989,8,Purdue
Jahlil Okafor,NOP,https://www.basketball-reference.com/players/o/okafoja01.html,8, 9,C,6-10,270,December 15, 1995,4,Duke
J.J. Redick,NOP,https://www.basketball-reference.com/players/r/redicjj01.html,4,SG,6-3,200,June 24, 1984,13,Duke
Sindarius Thornwell,NOP,https://www.basketball-reference.com/players/t/thornsi01.html,12,SF,6-4,215,November 15, 1994,2,South Carolina
Kenrich Williams,NOP,https://www.basketball-reference.com/players/w/willike04.html,34,PF,6-6,210,December 2, 1994,1,TCU
Zion Williamson,NOP,https://www.basketball-reference.com/players/w/willizi01.html,1,PF,6-7,284,July 6, 2000,0,Duke
Kadeem Allen,NYK,https://www.basketball-reference.com/players/a/allenka01.html,0,PG,6-1,200,January 15, 1993,2,Arizona
RJ Barrett,NYK,https://www.basketball-reference.com/players/b/barrerj01.html,9,SG,6-6,214,June 14, 2000,0,Duke
Ignas Brazdeikis,NYK,https://www.basketball-reference.com/players/b/brazdig01.html,17,SF,6-6,221,January 8, 1999,0,Michigan
Reggie Bullock,NYK,https://www.basketball-reference.com/players/b/bullore01.html,25,SG,6-6,205,March 16, 1991,6,UNC
Damyean Dotson,NYK,https://www.basketball-reference.com/players/d/dotsoda01.html,21,SG,6-5,210,May 6, 1994,2,Oregon: Houston
Wayne Ellington,NYK,https://www.basketball-reference.com/players/e/ellinwa01.html,2,SG,6-4,207,November 29, 1987,10,UNC
Taj Gibson,NYK,https://www.basketball-reference.com/players/g/gibsota01.html,67,C,6-9,232,June 24, 1985,10,USC
Maurice Harkless,NYK,https://www.basketball-reference.com/players/h/harklma01.html,3,SF,6-7,220,May 11, 1993,7,St. John's
Kevin Knox,NYK,https://www.basketball-reference.com/players/k/knoxke01.html,20,SF,6-7,215,August 11, 1999,1,Kentucky
Marcus Morris,NYK,https://www.basketball-reference.com/players/m/morrima03.html,13,SF,6-8,218,September 2, 1989,8,Kansas
Frank Ntilikina,NYK,https://www.basketball-reference.com/players/n/ntilila01.html,11,PG,6-4,200,July 28, 1998,2,
Elfrid Payton,NYK,https://www.basketball-reference.com/players/p/paytoel01.html,6,PG,6-3,195,February 22, 1994,5,Louisiana
Bobby Portis,NYK,https://www.basketball-reference.com/players/p/portibo01.html,1,PF,6-10,250,February 10, 1995,4,Arkansas
Julius Randle,NYK,https://www.basketball-reference.com/players/r/randlju01.html,30,PF,6-8,250,November 29, 1994,5,Kentucky
Mitchell Robinson,NYK,https://www.basketball-reference.com/players/r/robinmi01.html,23,C,7-0,240,April 1, 1998,1,Western Kentucky
Dennis Smith,NYK,https://www.basketball-reference.com/players/s/smithde03.html,5,PG,6-2,205,November 25, 1997,2,NC State
Allonzo Trier,NYK,https://www.basketball-reference.com/players/t/trieral01.html,14,SG,6-4,200,January 17, 1996,1,Arizona
Steven Adams,OKC,https://www.basketball-reference.com/players/a/adamsst01.html,12,C,6-11,265,July 20, 1993,6,Pitt
Darius Bazley,OKC,https://www.basketball-reference.com/players/b/bazleda01.html,7,PF,6-8,208,June 12, 2000,0,
Deonte Burton,OKC,https://www.basketball-reference.com/players/b/burtode02.html,30,SF,6-4,240,January 31, 1994,1,Marquette: Iowa State
Hamidou Diallo,OKC,https://www.basketball-reference.com/players/d/diallha01.html,6,SF,6-5,202,July 31, 1998,1,Kentucky
Luguentz Dort,OKC,https://www.basketball-reference.com/players/d/dortlu01.html,5,SF,6-3,215,April 19, 1999,0,Arizona State
Terrance Ferguson,OKC,https://www.basketball-reference.com/players/f/fergute01.html,23,SF,6-6,190,May 17, 1998,2,
Danilo Gallinari,OKC,https://www.basketball-reference.com/players/g/gallida01.html,8,PF,6-10,233,August 8, 1988,10,
Shai Gilgeous-Alexander,OKC,https://www.basketball-reference.com/players/g/gilgesh01.html,2,SG,6-6,180,July 12, 1998,1,Kentucky
Devon Hall,OKC,https://www.basketball-reference.com/players/h/hallde01.html,14,PG,6-2,215,July 7, 1995,0,Virginia
Kevin Hervey,OKC,https://www.basketball-reference.com/players/h/herveke01.html,15,PF,6-9,230,July 9, 1996,0,UT Arlington
Mike Muscala,OKC,https://www.basketball-reference.com/players/m/muscami01.html,33,C,6-10,240,July 1, 1991,6,Bucknell
Abdel Nader,OKC,https://www.basketball-reference.com/players/n/naderab01.html,11,SF,6-5,225,September 25, 1993,2,Northern Illinois: Iowa State
Nerlens Noel,OKC,https://www.basketball-reference.com/players/n/noelne01.html,9,C,6-11,220,April 10, 1994,5,Kentucky
Justin Patton,OKC,https://www.basketball-reference.com/players/p/pattoju01.html,13,C,6-11,241,June 14, 1997,2,Creighton
Chris Paul,OKC,https://www.basketball-reference.com/players/p/paulch01.html,3,PG,6-0,175,May 6, 1985,14,Wake Forest
Andre Roberson,OKC,https://www.basketball-reference.com/players/r/roberan03.html,21,SF,6-7,210,December 4, 1991,5,Colorado
Isaiah Roby,OKC,https://www.basketball-reference.com/players/r/robyis01.html,22,PF,6-8,230,February 3, 1998,0,Nebraska
Dennis Schröder,OKC,https://www.basketball-reference.com/players/s/schrode01.html,17,PG,6-3,172,September 15, 1993,6,
Al-Farouq Aminu,ORL,https://www.basketball-reference.com/players/a/aminual01.html,2,PF,6-8,220,September 21, 1990,9,Wake Forest
D.J. Augustin,ORL,https://www.basketball-reference.com/players/a/augusdj01.html,14,PG,5-11,183,November 10, 1987,11,Texas
Mohamed Bamba,ORL,https://www.basketball-reference.com/players/b/bambamo01.html,5,C,7-0,231,May 12, 1998,1,Texas
Khem Birch,ORL,https://www.basketball-reference.com/players/b/birchkh01.html,24,C,6-9,233,September 28, 1992,2,Pitt: UNLV
Michael Carter-Williams,ORL,https://www.basketball-reference.com/players/c/cartemi01.html,7,SG,6-5,190,October 10, 1991,6,Syracuse
Gary Clark,ORL,https://www.basketball-reference.com/players/c/clarkga01.html,12,SF,6-6,225,November 16, 1994,1,Cincinnati
James Ennis,ORL,https://www.basketball-reference.com/players/e/ennisja01.html,11,SG,6-6,215,July 1, 1990,5,Cal State Long Beach
Evan Fournier,ORL,https://www.basketball-reference.com/players/f/fournev01.html,10,SF,6-7,205,October 29, 1992,7,
Melvin Frazier,ORL,https://www.basketball-reference.com/players/f/frazime01.html,35,SG,6-5,215,August 30, 1996,1,Tulane
Markelle Fultz,ORL,https://www.basketball-reference.com/players/f/fultzma01.html,20,PG,6-3,209,May 29, 1998,2,Washington
Aaron Gordon,ORL,https://www.basketball-reference.com/players/g/gordoaa01.html,00,PF,6-8,235,September 16, 1995,5,Arizona
Jonathan Isaac,ORL,https://www.basketball-reference.com/players/i/isaacjo01.html,1,PF,6-11,230,October 3, 1997,2,Florida State
Wesley Iwundu,ORL,https://www.basketball-reference.com/players/i/iwundwe01.html,25,SF,6-6,195,December 20, 1994,2,Kansas State
Amile Jefferson,ORL,https://www.basketball-reference.com/players/j/jeffeam01.html,11,PF,6-9,222,May 7, 1993,1,Duke
B.J. Johnson,ORL,https://www.basketball-reference.com/players/j/johnsbj01.html,13,SF,6-7,200,December 21, 1995,1,Syracuse: La Salle
Vic Law,ORL,https://www.basketball-reference.com/players/l/lawvi01.html,23,PF,6-7,200,December 19, 1995,0,Northwestern
Josh Magette,ORL,https://www.basketball-reference.com/players/m/magetjo01.html,4,PG,6-1,160,November 28, 1989,1,Alabama-Huntsville
Terrence Ross,ORL,https://www.basketball-reference.com/players/r/rosste01.html,8, 31,SG,6-6,206,February 5, 1991,7,Washington
Nikola Vučević,ORL,https://www.basketball-reference.com/players/v/vucevni01.html,9,C,6-11,260,October 24, 1990,8,USC
Jonah Bolden,PHI,https://www.basketball-reference.com/players/b/boldejo01.html,43,C,6-8,220,January 2, 1996,1,UCLA
Trey Burke,PHI,https://www.basketball-reference.com/players/b/burketr01.html,23,PG,6-0,185,November 12, 1992,6,Michigan
Alec Burks,PHI,https://www.basketball-reference.com/players/b/burksal01.html,20,SG,6-6,214,July 20, 1991,8,Colorado
Joel Embiid,PHI,https://www.basketball-reference.com/players/e/embiijo01.html,21,C,7-0,280,March 16, 1994,3,Kansas
James Ennis,PHI,https://www.basketball-reference.com/players/e/ennisja01.html,11,SF,6-6,215,July 1, 1990,5,Cal State Long Beach
Tobias Harris,PHI,https://www.basketball-reference.com/players/h/harrito02.html,12,PF,6-8,226,July 15, 1992,8,Tennessee
Al Horford,PHI,https://www.basketball-reference.com/players/h/horfoal01.html,42,C,6-9,240,June 3, 1986,12,Florida
Furkan Korkmaz,PHI,https://www.basketball-reference.com/players/k/korkmfu01.html,30,SG,6-7,202,July 24, 1997,2,
Shake Milton,PHI,https://www.basketball-reference.com/players/m/miltosh01.html,18,SG,6-5,205,September 26, 1996,1,SMU
Raul Neto,PHI,https://www.basketball-reference.com/players/n/netora01.html,19,PG,6-1,180,May 19, 1992,4,
Kyle O'Quinn,PHI,https://www.basketball-reference.com/players/o/oquinky01.html,9,C,6-9,250,March 26, 1990,7,Norfolk State
Norvel Pelle,PHI,https://www.basketball-reference.com/players/p/pelleno01.html,14,C,6-10,231,February 3, 1993,0,
Josh Richardson,PHI,https://www.basketball-reference.com/players/r/richajo01.html,0,SG,6-5,200,September 15, 1993,4,Tennessee
Glenn Robinson,PHI,https://www.basketball-reference.com/players/r/robingl02.html,40,SF,6-6,222,January 8, 1994,5,Michigan
Mike Scott,PHI,https://www.basketball-reference.com/players/s/scottmi01.html,1,PF,6-7,237,July 16, 1988,7,Virginia
Marial Shayok,PHI,https://www.basketball-reference.com/players/s/shayoma01.html,35,SG,6-5,198,July 26, 1995,0,Virginia: Iowa State
Ben Simmons,PHI,https://www.basketball-reference.com/players/s/simmobe01.html,25,PG,6-11,240,July 20, 1996,2,LSU
Zhaire Smith,PHI,https://www.basketball-reference.com/players/s/smithzh01.html,5,SF,6-3,205,June 4, 1999,1,Texas Tech
Matisse Thybulle,PHI,https://www.basketball-reference.com/players/t/thybuma01.html,22,SG,6-5,200,March 4, 1997,0,Washington
Deandre Ayton,PHO,https://www.basketball-reference.com/players/a/aytonde01.html,22,C,6-11,250,July 23, 1998,1,Arizona
Aron Baynes,PHO,https://www.basketball-reference.com/players/b/baynear01.html,46,C,6-10,260,December 9, 1986,7,Washington State
Jonah Bolden,PHO,https://www.basketball-reference.com/players/b/boldejo01.html,43,C,6-8,220,January 2, 1996,1,UCLA
Devin Booker,PHO,https://www.basketball-reference.com/players/b/bookede01.html,1,SG,6-5,206,October 30, 1996,4,Kentucky
Mikal Bridges,PHO,https://www.basketball-reference.com/players/b/bridgmi01.html,25,SF,6-6,209,August 30, 1996,1,Villanova
Jevon Carter,PHO,https://www.basketball-reference.com/players/c/carteje01.html,4,PG,6-1,200,September 14, 1995,1,West Virginia
Cheick Diallo,PHO,https://www.basketball-reference.com/players/d/diallch01.html,14,C,6-8,219,September 13, 1996,3,Kansas
Jared Harper,PHO,https://www.basketball-reference.com/players/h/harpeja01.html,12,PG,5-10,175,September 14, 1997,0,Auburn
Ty Jerome,PHO,https://www.basketball-reference.com/players/j/jeromty01.html,10,SG,6-5,195,July 8, 1997,0,Virginia
Cameron Johnson,PHO,https://www.basketball-reference.com/players/j/johnsca02.html,23,PF,6-8,210,March 3, 1996,0,Pitt: UNC
Tyler Johnson,PHO,https://www.basketball-reference.com/players/j/johnsty01.html,16,PG,6-3,186,May 7, 1992,5,Fresno State
Frank Kaminsky,PHO,https://www.basketball-reference.com/players/k/kaminfr01.html,8,C,7-0,240,April 4, 1993,4,Wisconsin
Jalen Lecque,PHO,https://www.basketball-reference.com/players/l/lecquja01.html,0,SG,6-4,185,June 13, 2000,0,
Elie Okobo,PHO,https://www.basketball-reference.com/players/o/okoboel01.html,2,PG,6-3,190,October 23, 1997,1,
Kelly Oubre,PHO,https://www.basketball-reference.com/players/o/oubreke01.html,3,SF,6-7,203,December 9, 1995,4,Kansas
Tariq Owens,PHO,https://www.basketball-reference.com/players/o/owensta01.html,41,PF,6-10,205,June 30, 1995,0,Tennessee: St. John's: Texas Tech
Cameron Payne,PHO,https://www.basketball-reference.com/players/p/payneca01.html,15,SG,6-1,183,August 8, 1994,4,Murray State
Ricky Rubio,PHO,https://www.basketball-reference.com/players/r/rubiori01.html,11,PG,6-3,190,October 21, 1990,8,
Dario Šarić,PHO,https://www.basketball-reference.com/players/s/saricda01.html,20,PF,6-10,225,April 8, 1994,3,
Jaylen Adams,POR,https://www.basketball-reference.com/players/a/adamsja01.html,10,PG,6-0,225,May 4, 1996,1,St. Bonaventure
Carmelo Anthony,POR,https://www.basketball-reference.com/players/a/anthoca01.html,00,PF,6-7,238,May 29, 1984,16,Syracuse
Trevor Ariza,POR,https://www.basketball-reference.com/players/a/arizatr01.html,8,SF,6-8,215,June 30, 1985,15,UCLA
Kent Bazemore,POR,https://www.basketball-reference.com/players/b/bazemke01.html,24,SF,6-4,195,July 1, 1989,7,Old Dominion
Moses Brown,POR,https://www.basketball-reference.com/players/b/brownmo01.html,4,C,7-2,245,October 13, 1999,0,UCLA
Zach Collins,POR,https://www.basketball-reference.com/players/c/colliza01.html,33,PF,6-11,250,November 19, 1997,2,Gonzaga
Wenyen Gabriel,POR,https://www.basketball-reference.com/players/g/gabriwe01.html,35,PF,6-9,205,March 26, 1997,0,Kentucky
Mario Hezonja,POR,https://www.basketball-reference.com/players/h/hezonma01.html,44,PF,6-8,220,February 25, 1995,4,
Jaylen Hoard,POR,https://www.basketball-reference.com/players/h/hoardja01.html,6,PF,6-8,216,March 30, 1999,0,Wake Forest
Rodney Hood,POR,https://www.basketball-reference.com/players/h/hoodro01.html,5,SF,6-8,208,October 20, 1992,5,Mississippi State: Duke
Skal Labissière,POR,https://www.basketball-reference.com/players/l/labissk01.html,17,C,6-10,235,March 18, 1996,3,Kentucky
Damian Lillard,POR,https://www.basketball-reference.com/players/l/lillada01.html,0,PG,6-2,195,July 15, 1990,7,Weber State
Nassir Little,POR,https://www.basketball-reference.com/players/l/littlna01.html,9,PF,6-5,220,February 11, 2000,0,UNC
CJ McCollum,POR,https://www.basketball-reference.com/players/m/mccolcj01.html,3,SG,6-3,190,September 19, 1991,6,Lehigh
Jusuf Nurkić,POR,https://www.basketball-reference.com/players/n/nurkiju01.html,27,C,6-11,290,August 23, 1994,5,
Anfernee Simons,POR,https://www.basketball-reference.com/players/s/simonan01.html,1,SG,6-3,181,June 8, 1999,1,
Caleb Swanigan,POR,https://www.basketball-reference.com/players/s/swanica01.html,50,PF,6-9,260,April 18, 1997,2,Purdue
Anthony Tolliver,POR,https://www.basketball-reference.com/players/t/tollian01.html,43,PF,6-8,240,June 1, 1985,11,Creighton
Gary Trent,POR,https://www.basketball-reference.com/players/t/trentga02.html,2,SF,6-5,209,January 18, 1999,1,Duke
Hassan Whiteside,POR,https://www.basketball-reference.com/players/w/whiteha01.html,21,C,7-0,265,June 13, 1989,7,Marshall
Trevor Ariza,SAC,https://www.basketball-reference.com/players/a/arizatr01.html,0,SF,6-8,215,June 30, 1985,15,UCLA
Marvin Bagley,SAC,https://www.basketball-reference.com/players/b/baglema01.html,35,C,6-11,235,March 14, 1999,1,Duke
Harrison Barnes,SAC,https://www.basketball-reference.com/players/b/barneha02.html,40,PF,6-8,225,May 30, 1992,7,UNC
Kent Bazemore,SAC,https://www.basketball-reference.com/players/b/bazemke01.html,26,SF,6-4,195,July 1, 1989,7,Old Dominion
Nemanja Bjelica,SAC,https://www.basketball-reference.com/players/b/bjeline01.html,88,PF,6-10,234,May 9, 1988,4,
Bogdan Bogdanović,SAC,https://www.basketball-reference.com/players/b/bogdabo01.html,8,SG,6-6,220,August 18, 1992,2,
Corey Brewer,SAC,https://www.basketball-reference.com/players/b/breweco01.html,13,PF,6-9,186,March 5, 1986,12,Florida
Dewayne Dedmon,SAC,https://www.basketball-reference.com/players/d/dedmode01.html,13,C,7-0,245,August 12, 1989,6,USC
Yogi Ferrell,SAC,https://www.basketball-reference.com/players/f/ferreyo01.html,3,PG,6-0,178,May 9, 1993,3,Indiana
De'Aaron Fox,SAC,https://www.basketball-reference.com/players/f/foxde01.html,5,PG,6-3,185,December 20, 1997,2,Kentucky
Wenyen Gabriel,SAC,https://www.basketball-reference.com/players/g/gabriwe01.html,32,PF,6-9,205,March 26, 1997,0,Kentucky
Harry Giles,SAC,https://www.basketball-reference.com/players/g/gilesha01.html,20,C,6-11,240,April 22, 1998,1,Duke
Kyle Guy,SAC,https://www.basketball-reference.com/players/g/guyky01.html,7,SG,6-1,167,August 11, 1997,0,Virginia
Buddy Hield,SAC,https://www.basketball-reference.com/players/h/hieldbu01.html,24,SG,6-4,220,December 17, 1992,3,Oklahoma
Richaun Holmes,SAC,https://www.basketball-reference.com/players/h/holmeri01.html,22,C,6-10,235,October 15, 1993,4,Bowling Green
Justin James,SAC,https://www.basketball-reference.com/players/j/jamesju01.html,10,SF,6-7,190,January 24, 1997,0,Wyoming
DaQuan Jeffries,SAC,https://www.basketball-reference.com/players/j/jeffrda01.html,19,SG,6-5,230,August 30, 1997,0,Oral Roberts: Tulsa
Cory Joseph,SAC,https://www.basketball-reference.com/players/j/josepco01.html,9,PG,6-3,200,August 20, 1991,8,Texas
Alex Len,SAC,https://www.basketball-reference.com/players/l/lenal01.html,25,C,7-0,250,June 16, 1993,6,Maryland
Eric Mika,SAC,https://www.basketball-reference.com/players/m/mikaer01.html,42,C,6-10,230,January 5, 1995,0,BYU
Jabari Parker,SAC,https://www.basketball-reference.com/players/p/parkeja01.html,33,PF,6-8,245,March 15, 1995,5,Duke
Caleb Swanigan,SAC,https://www.basketball-reference.com/players/s/swanica01.html,50,C,6-9,260,April 18, 1997,2,Purdue
Anthony Tolliver,SAC,https://www.basketball-reference.com/players/t/tollian01.html,43,PF,6-8,240,June 1, 1985,11,Creighton
LaMarcus Aldridge,SAS,https://www.basketball-reference.com/players/a/aldrila01.html,12,C,6-11,250,July 19, 1985,13,Texas
Marco Belinelli,SAS,https://www.basketball-reference.com/players/b/belinma01.html,18,SG,6-5,220,March 25, 1986,12,
DeMarre Carroll,SAS,https://www.basketball-reference.com/players/c/carrode01.html,77,SF,6-6,215,July 27, 1986,10,Vanderbilt: Missouri
DeMar DeRozan,SAS,https://www.basketball-reference.com/players/d/derozde01.html,10,SF,6-6,220,August 7, 1989,10,USC
Drew Eubanks,SAS,https://www.basketball-reference.com/players/e/eubandr01.html,14,C,6-9,245,February 1, 1997,1,Oregon State
Bryn Forbes,SAS,https://www.basketball-reference.com/players/f/forbebr01.html,11,SG,6-2,205,July 23, 1993,3,Michigan State
Rudy Gay,SAS,https://www.basketball-reference.com/players/g/gayru01.html,22,PF,6-8,250,August 17, 1986,13,UConn
Keldon Johnson,SAS,https://www.basketball-reference.com/players/j/johnske04.html,3,SF,6-5,220,October 11, 1999,0,Kentucky
Trey Lyles,SAS,https://www.basketball-reference.com/players/l/lylestr01.html,41,PF,6-9,234,November 5, 1995,4,Kentucky
Chimezie Metu,SAS,https://www.basketball-reference.com/players/m/metuch01.html,7,C,6-9,225,March 22, 1997,1,USC
Patty Mills,SAS,https://www.basketball-reference.com/players/m/millspa02.html,8,PG,6-1,180,August 11, 1988,10,Saint Mary's
Dejounte Murray,SAS,https://www.basketball-reference.com/players/m/murrade01.html,5,PG,6-4,180,September 19, 1996,2,Washington
Jakob Poeltl,SAS,https://www.basketball-reference.com/players/p/poeltja01.html,25,C,7-1,245,October 15, 1995,3,Utah
Luka Šamanić,SAS,https://www.basketball-reference.com/players/s/samanlu01.html,19,PF,6-10,227,January 9, 2000,0,
Lonnie Walker,SAS,https://www.basketball-reference.com/players/w/walkelo01.html,1,SG,6-4,204,December 14, 1998,1,Miami (FL)
Quinndary Weatherspoon,SAS,https://www.basketball-reference.com/players/w/weathqu01.html,15,SG,6-3,205,September 10, 1996,0,Mississippi State
Derrick White,SAS,https://www.basketball-reference.com/players/w/whitede01.html,4,SG,6-4,190,July 2, 1994,2,Colorado-Colorado Springs: Colorado
Tyler Zeller,SAS,https://www.basketball-reference.com/players/z/zellety01.html,40,C,7-0,253,January 17, 1990,7,UNC
OG Anunoby,TOR,https://www.basketball-reference.com/players/a/anunoog01.html,3,SF,6-7,232,July 17, 1997,2,Indiana
Chris Boucher,TOR,https://www.basketball-reference.com/players/b/bouchch01.html,25,C,6-9,200,January 11, 1993,2,Oregon
Oshae Brissett,TOR,https://www.basketball-reference.com/players/b/brissos01.html,12,SF,6-7,210,June 20, 1998,0,Syracuse
Terence Davis,TOR,https://www.basketball-reference.com/players/d/daviste02.html,0,SG,6-4,201,May 16, 1997,0,Ole Miss
Marc Gasol,TOR,https://www.basketball-reference.com/players/g/gasolma01.html,33,C,6-11,255,January 29, 1985,11,
Dewan Hernandez,TOR,https://www.basketball-reference.com/players/h/hernade01.html,20,C,6-10,235,December 9, 1996,0,Miami (FL)
Rondae Hollis-Jefferson,TOR,https://www.basketball-reference.com/players/h/holliro01.html,4,PF,6-6,217,January 3, 1995,4,Arizona
Serge Ibaka,TOR,https://www.basketball-reference.com/players/i/ibakase01.html,9,C,6-10,235,September 18, 1989,10,
Stanley Johnson,TOR,https://www.basketball-reference.com/players/j/johnsst04.html,5,PF,6-6,242,May 29, 1996,4,Arizona
Kyle Lowry,TOR,https://www.basketball-reference.com/players/l/lowryky01.html,7,PG,6-0,196,March 25, 1986,13,Villanova
Patrick McCaw,TOR,https://www.basketball-reference.com/players/m/mccawpa01.html,22,SF,6-7,181,October 25, 1995,3,UNLV
Malcolm Miller,TOR,https://www.basketball-reference.com/players/m/millema01.html,13,SF,6-7,210,March 6, 1993,2,Holy Cross
Shamorie Ponds,TOR,https://www.basketball-reference.com/players/p/pondssh01.html,11,PG,6-0,180,June 29, 1998,0,St. John's
Norman Powell,TOR,https://www.basketball-reference.com/players/p/powelno01.html,24,SG,6-3,215,May 25, 1993,4,UCLA
Pascal Siakam,TOR,https://www.basketball-reference.com/players/s/siakapa01.html,43,PF,6-9,230,April 2, 1994,3,New Mexico State
Matt Thomas,TOR,https://www.basketball-reference.com/players/t/thomama02.html,21,SG,6-4,190,August 4, 1994,0,Iowa State
Fred VanVleet,TOR,https://www.basketball-reference.com/players/v/vanvlfr01.html,23,SG,6-1,197,February 25, 1994,3,Wichita State
Paul Watson,TOR,https://www.basketball-reference.com/players/w/watsopa01.html,1,SF,6-6,210,December 30, 1994,0,Fresno State
Bojan Bogdanović,UTA,https://www.basketball-reference.com/players/b/bogdabo02.html,44,SF,6-8,226,April 18, 1989,5,
Tony Bradley,UTA,https://www.basketball-reference.com/players/b/bradlto01.html,13,C,6-10,248,January 8, 1998,2,UNC
Jarrell Brantley,UTA,https://www.basketball-reference.com/players/b/brantja01.html,5,PF,6-5,250,June 7, 1996,0,College of Charleston
Jordan Clarkson,UTA,https://www.basketball-reference.com/players/c/clarkjo01.html,00,SG,6-4,194,June 7, 1992,5,Tulsa: Missouri
Mike Conley,UTA,https://www.basketball-reference.com/players/c/conlemi01.html,10,PG,6-1,175,October 11, 1987,12,Ohio State
Ed Davis,UTA,https://www.basketball-reference.com/players/d/davised01.html,17,C,6-9,218,June 5, 1989,9,UNC
Dante Exum,UTA,https://www.basketball-reference.com/players/e/exumda01.html,11,SG,6-5,214,July 13, 1995,4,
Rudy Gobert,UTA,https://www.basketball-reference.com/players/g/goberru01.html,27,C,7-0,258,June 26, 1992,6,
Jeff Green,UTA,https://www.basketball-reference.com/players/g/greenje02.html,22,PF,6-8,235,August 28, 1986,11,Georgetown
Joe Ingles,UTA,https://www.basketball-reference.com/players/i/inglejo01.html,2,PF,6-7,220,October 2, 1987,5,
Stanton Kidd,UTA,https://www.basketball-reference.com/players/k/kiddst01.html,15,SG,6-6,215,March 18, 1992,0,South Plains College: NC Central: Colorado State
Donovan Mitchell,UTA,https://www.basketball-reference.com/players/m/mitchdo01.html,45,SG,6-0,215,September 7, 1996,2,Louisville
Juwan Morgan,UTA,https://www.basketball-reference.com/players/m/morgaju01.html,16,PF,6-7,232,April 17, 1997,0,Indiana
Emmanuel Mudiay,UTA,https://www.basketball-reference.com/players/m/mudiaem01.html,8, 15,PG,6-3,200,March 5, 1996,4,
Georges Niang,UTA,https://www.basketball-reference.com/players/n/niangge01.html,31,PF,6-7,230,June 17, 1993,3,Iowa State
Royce O'Neale,UTA,https://www.basketball-reference.com/players/o/onealro01.html,23,SF,6-4,226,June 5, 1993,2,Denver: Baylor
Miye Oni,UTA,https://www.basketball-reference.com/players/o/onimi01.html,24, 81,SF,6-5,206,August 4, 1997,0,Yale
Rayjon Tucker,UTA,https://www.basketball-reference.com/players/t/tuckera01.html,6,SG,6-5,210,September 24, 1997,0,Florida Gulf Coast: Little Rock
Nigel Williams-Goss,UTA,https://www.basketball-reference.com/players/w/willini01.html,0,PG,6-2,190,September 16, 1994,0,Gonzaga: Washington
Justin Wright-Foreman,UTA,https://www.basketball-reference.com/players/w/wrighju02.html,3,PG,6-0,190,October 27, 1997,0,Hofstra
Bradley Beal,WAS,https://www.basketball-reference.com/players/b/bealbr01.html,3,SG,6-3,207,June 28, 1993,7,Florida
Dāvis Bertāns,WAS,https://www.basketball-reference.com/players/b/bertada01.html,42,PF,6-10,225,November 12, 1992,3,
Isaac Bonga,WAS,https://www.basketball-reference.com/players/b/bongais01.html,17,SF,6-8,180,November 8, 1999,1,
Troy Brown,WAS,https://www.basketball-reference.com/players/b/browntr01.html,6,SF,6-6,215,July 28, 1999,1,Oregon
Thomas Bryant,WAS,https://www.basketball-reference.com/players/b/bryanth01.html,13,C,6-10,248,July 31, 1997,2,Indiana
Chris Chiozza,WAS,https://www.basketball-reference.com/players/c/chiozch01.html,9,PG,5-11,175,November 21, 1995,1,Florida
Jerian Grant,WAS,https://www.basketball-reference.com/players/g/grantje02.html,22,SG,6-4,205,October 9, 1992,4,Notre Dame
Rui Hachimura,WAS,https://www.basketball-reference.com/players/h/hachiru01.html,8,PF,6-8,230,February 8, 1998,0,Gonzaga
Ian Mahinmi,WAS,https://www.basketball-reference.com/players/m/mahinia01.html,28,C,6-11,262,November 5, 1986,11,
Garrison Mathews,WAS,https://www.basketball-reference.com/players/m/mathega01.html,24,SG,6-5,215,October 24, 1996,0,Lipscomb
Jordan McRae,WAS,https://www.basketball-reference.com/players/m/mcraejo01.html,52,SG,6-5,179,March 28, 1991,3,Tennessee
C.J. Miles,WAS,https://www.basketball-reference.com/players/m/milescj01.html,34,SF,6-6,220,March 18, 1987,14,
Shabazz Napier,WAS,https://www.basketball-reference.com/players/n/napiesh01.html,5,PG,6-0,175,July 14, 1991,5,UConn
Anžejs Pasečņiks,WAS,https://www.basketball-reference.com/players/p/pasecan01.html,18,C,7-1,229,December 20, 1995,0,
Gary Payton,WAS,https://www.basketball-reference.com/players/p/paytoga02.html,20,SF,6-3,190,December 1, 1992,3,Oregon State
Jerome Robinson,WAS,https://www.basketball-reference.com/players/r/robinje01.html,12,SG,6-4,190,February 22, 1997,1,Boston College
Justin Robinson,WAS,https://www.basketball-reference.com/players/r/robinju01.html,5,PG,6-1,195,October 12, 1997,0,Virginia Tech
Admiral Schofield,WAS,https://www.basketball-reference.com/players/s/schofad01.html,1,PF,6-5,241,March 30, 1997,0,Tennessee
Ish Smith,WAS,https://www.basketball-reference.com/players/s/smithis01.html,14,PG,6-0,175,July 5, 1988,9,Wake Forest
Isaiah Thomas,WAS,https://www.basketball-reference.com/players/t/thomais02.html,4,PG,5-9,185,February 7, 1989,8,Washington
Jarrod Uthoff,WAS,https://www.basketball-reference.com/players/u/uthofja01.html,7,PF,6-9,221,May 19, 1993,1,Iowa
Moritz Wagner,WAS,https://www.basketball-reference.com/players/w/wagnemo01.html,21,C,6-11,245,April 26, 1997,1,Michigan
Johnathan Williams,WAS,https://www.basketball-reference.com/players/w/willijo04.html,19,PF,6-9,228,May 22, 1995,1,Missouri: Gonzaga
