entry_id,contest_id,contest_name,C,C,W,W,W,W,D,D,G,,Instructions,,,,,,,,,,,,,,
1874152563,40446-231299135,$2K Tue NHL Deflection (Only $0.25 to Enter),40446-9266:BRAYDEN SCHENN,40446-12843:ADAM HENRIQUE,40446-59218:DAVID PASTRNAK,40446-59207:VIKTOR ARVIDSSON,40446-15269:RICKARD RAKELL,40446-62723:ONDREJ KASE,40446-8467:SHEA WEBER,40446-58928:TONY DEANGELO,40446-103103:ELVIS MERZLIKINS,,1) Edit your lineup by inserting any player from this list into their appropriate position columns,,,,,,,,,,,,,,
1874153552,40446-231299135,$2K Tue NHL Deflection (Only $0.25 to Enter),40446-9266:BRAYDEN SCHENN,40446-12843:ADAM HENRIQUE,40446-59218:DAVID PASTRNAK,40446-59207:VIKTOR ARVIDSSON,40446-15269:RICKARD RAKELL,40446-62723:ONDREJ KASE,40446-8467:SHEA WEBER,40446-58928:TONY DEANGELO,40446-82094:ALEXANDAR GEORGIEV,,2) You can paste either the Player ID + Name OR ID from their respective columns,,,,,,,,,,,,,,
1874153555,40446-231299135,$2K Tue NHL Deflection (Only $0.25 to Enter),40446-9266:BRAYDEN SCHENN,40446-12843:ADAM HENRIQUE,40446-59218:DAVID PASTRNAK,40446-59207:VIKTOR ARVIDSSON,40446-15269:RICKARD RAKELL,40446-62723:ONDREJ KASE,40446-8467:SHEA WEBER,40446-58928:TONY DEANGELO,40446-83213:PAVEL FRANCOUZ,,3) Any information to the right of the last position column will be ignored in the upload. Don't leave blank rows. Any entries after a blank row will not be edited,,,,,,,,,,,,,,
1874153559,40446-231299135,$2K Tue NHL Deflection (Only $0.25 to Enter),40446-9266:BRAYDEN SCHENN,40446-12843:ADAM HENRIQUE,40446-59218:DAVID PASTRNAK,40446-59207:VIKTOR ARVIDSSON,40446-15269:RICKARD RAKELL,40446-62723:ONDREJ KASE,40446-8467:SHEA WEBER,40446-58928:TONY DEANGELO,40446-8353:JIMMY HOWARD,,4) You can not use this form to create new entries,,,,,,,,,,,,,,
1874153567,40446-231299135,$2K Tue NHL Deflection (Only $0.25 to Enter),40446-9266:BRAYDEN SCHENN,40446-12843:ADAM HENRIQUE,40446-59218:DAVID PASTRNAK,40446-59207:VIKTOR ARVIDSSON,40446-15269:RICKARD RAKELL,40446-62723:ONDREJ KASE,40446-8467:SHEA WEBER,40446-58928:TONY DEANGELO,40446-8212:RYAN MILLER,,,,,,,,,,,,,,,,
1874153570,40446-231299135,$2K Tue NHL Deflection (Only $0.25 to Enter),40446-9266:BRAYDEN SCHENN,40446-12843:ADAM HENRIQUE,40446-59218:DAVID PASTRNAK,40446-59207:VIKTOR ARVIDSSON,40446-15269:RICKARD RAKELL,40446-62723:ONDREJ KASE,40446-8467:SHEA WEBER,40446-58928:TONY DEANGELO,40446-8920:DEVAN DUBNYK,,Player ID + Player Name,Id,Position,First Name,Nickname,Last Name,FPPG,Played,Salary,Game,Team,Opponent,Injury Indicator,Injury Details,Tier
1874153576,40446-231299135,$2K Tue NHL Deflection (Only $0.25 to Enter),40446-9266:BRAYDEN SCHENN,40446-12843:ADAM HENRIQUE,40446-59218:DAVID PASTRNAK,40446-59207:VIKTOR ARVIDSSON,40446-15269:RICKARD RAKELL,40446-62723:ONDREJ KASE,40446-8467:SHEA WEBER,40446-58928:TONY DEANGELO,40446-8412:JONATHAN QUICK,,40446-59218:David Pastrnak,40446-59218,W,David,David Pastrnak,Pastrnak,24.3352948357077,17,9100,FLA@BOS,BOS,FLA,,,
1874153578,40446-231299135,$2K Tue NHL Deflection (Only $0.25 to Enter),40446-9266:BRAYDEN SCHENN,40446-12843:ADAM HENRIQUE,40446-59218:DAVID PASTRNAK,40446-59207:VIKTOR ARVIDSSON,40446-15269:RICKARD RAKELL,40446-62723:ONDREJ KASE,40446-8467:SHEA WEBER,40446-58928:TONY DEANGELO,40446-9278:MARTIN JONES,,40446-64102:Connor McDavid,40446-64102,C,Connor,Connor McDavid,McDavid,21.1842105263158,19,9000,EDM@SJ,EDM,SJ,,,
1874153582,40446-231299135,$2K Tue NHL Deflection (Only $0.25 to Enter),40446-9266:BRAYDEN SCHENN,40446-12843:ADAM HENRIQUE,40446-59218:DAVID PASTRNAK,40446-59207:VIKTOR ARVIDSSON,40446-15269:RICKARD RAKELL,40446-62723:ONDREJ KASE,40446-8467:SHEA WEBER,40446-11201:JEFF PETRY,40446-12163:SERGEI BOBROVSKY,,40446-42869:Matt Murray,40446-42869,G,Matt,Matt Murray,Murray,18.971429007394,14,8900,PIT@NYR,PIT,NYR,,,
1874153586,40446-231299135,$2K Tue NHL Deflection (Only $0.25 to Enter),40446-9266:BRAYDEN SCHENN,40446-12843:ADAM HENRIQUE,40446-59218:DAVID PASTRNAK,40446-59207:VIKTOR ARVIDSSON,40446-15269:RICKARD RAKELL,40446-62723:ONDREJ KASE,40446-8467:SHEA WEBER,40446-11201:JEFF PETRY,40446-58909:CONNOR HELLEBUYCK,,40446-8193:Tuukka Rask,40446-8193,G,Tuukka,Tuukka Rask,Rask,24.1600006103516,10,8800,FLA@BOS,BOS,FLA,,,
1874153591,40446-231299135,$2K Tue NHL Deflection (Only $0.25 to Enter),40446-9266:BRAYDEN SCHENN,40446-12843:ADAM HENRIQUE,40446-59218:DAVID PASTRNAK,40446-59207:VIKTOR ARVIDSSON,40446-15269:RICKARD RAKELL,40446-62723:ONDREJ KASE,40446-8467:SHEA WEBER,40446-11201:JEFF PETRY,40446-14466:DARCY KUEMPER,,40446-58331:Leon Draisaitl,40446-58331,W,Leon,Leon Draisaitl,Draisaitl,23,19,8800,EDM@SJ,EDM,SJ,,,
1874153595,40446-231299135,$2K Tue NHL Deflection (Only $0.25 to Enter),40446-9266:BRAYDEN SCHENN,40446-12843:ADAM HENRIQUE,40446-59218:DAVID PASTRNAK,40446-59207:VIKTOR ARVIDSSON,40446-15269:RICKARD RAKELL,40446-62723:ONDREJ KASE,40446-8467:SHEA WEBER,40446-11201:JEFF PETRY,40446-70251:THATCHER DEMKO,,40446-8452:Carey Price,40446-8452,G,Carey,Carey Price,Price,19.6571437290737,14,8600,CBJ@MON,MON,CBJ,,,
1874153597,40446-231299135,$2K Tue NHL Deflection (Only $0.25 to Enter),40446-9266:BRAYDEN SCHENN,40446-12843:ADAM HENRIQUE,40446-59218:DAVID PASTRNAK,40446-59207:VIKTOR ARVIDSSON,40446-15269:RICKARD RAKELL,40446-62723:ONDREJ KASE,40446-8467:SHEA WEBER,40446-11201:JEFF PETRY,40446-8672:MIKE SMITH,,40446-8472:Pekka Rinne,40446-8472,G,Pekka,Pekka Rinne,Rinne,20.3636363636364,11,8600,NSH@VAN,NSH,VAN,,,
1874153601,40446-231299135,$2K Tue NHL Deflection (Only $0.25 to Enter),40446-9266:BRAYDEN SCHENN,40446-12843:ADAM HENRIQUE,40446-59218:DAVID PASTRNAK,40446-59207:VIKTOR ARVIDSSON,40446-15269:RICKARD RAKELL,40446-62723:ONDREJ KASE,40446-8467:SHEA WEBER,40446-23225:MATT DUMBA,40446-15339:JORDAN BINNINGTON,,40446-41391:Nathan MacKinnon,40446-41391,C,Nathan,Nathan MacKinnon,MacKinnon,21.2058823529412,17,8600,COL@WPG,COL,WPG,,,
1874153604,40446-231299135,$2K Tue NHL Deflection (Only $0.25 to Enter),40446-8175:PATRICE BERGERON,40446-9266:BRAYDEN SCHENN,40446-59218:DAVID PASTRNAK,40446-59207:VIKTOR ARVIDSSON,40446-62723:ONDREJ KASE,40446-82912:TROY TERRY,40446-8467:SHEA WEBER,40446-23225:MATT DUMBA,40446-8452:CAREY PRICE,,40446-15339:Jordan Binnington,40446-15339,G,Jordan,Jordan Binnington,Binnington,20.971429007394,14,8500,ARI@STL,STL,ARI,,,
1874153608,40446-231299135,$2K Tue NHL Deflection (Only $0.25 to Enter),40446-8175:PATRICE BERGERON,40446-9266:BRAYDEN SCHENN,40446-59218:DAVID PASTRNAK,40446-59207:VIKTOR ARVIDSSON,40446-62723:ONDREJ KASE,40446-82912:TROY TERRY,40446-8467:SHEA WEBER,40446-23225:MATT DUMBA,40446-8472:PEKKA RINNE,,40446-8594:Sidney Crosby,40446-8594,C,Sidney,Sidney Crosby,Crosby,14.2529413559858,17,8400,PIT@NYR,PIT,NYR,O,Lower body,
1874153611,40446-231299135,$2K Tue NHL Deflection (Only $0.25 to Enter),40446-8175:PATRICE BERGERON,40446-12843:ADAM HENRIQUE,40446-59218:DAVID PASTRNAK,40446-59207:VIKTOR ARVIDSSON,40446-62723:ONDREJ KASE,40446-82912:TROY TERRY,40446-8467:SHEA WEBER,40446-11201:JEFF PETRY,40446-8193:TUUKKA RASK,,40446-58909:Connor Hellebuyck,40446-58909,G,Connor,Connor Hellebuyck,Hellebuyck,23.1999991280692,14,8300,COL@WPG,WPG,COL,,,
1874153615,40446-231299135,$2K Tue NHL Deflection (Only $0.25 to Enter),40446-8175:PATRICE BERGERON,40446-12843:ADAM HENRIQUE,40446-59218:DAVID PASTRNAK,40446-59207:VIKTOR ARVIDSSON,40446-62723:ONDREJ KASE,40446-82912:TROY TERRY,40446-8467:SHEA WEBER,40446-11201:JEFF PETRY,40446-42869:MATT MURRAY,,40446-8763:Brad Marchand,40446-8763,W,Brad,Brad Marchand,Marchand,20.9235301298254,17,8300,FLA@BOS,BOS,FLA,,,
,,,,,,,,,,,,,40446-9039:Mikko Koskinen,40446-9039,G,Mikko,Mikko Koskinen,Koskinen,22.4800003051758,10,8300,EDM@SJ,EDM,SJ,,,
,,,,,,,,,,,,,40446-62493:Artemi Panarin,40446-62493,W,Artemi,Artemi Panarin,Panarin,16.6266662597656,15,8200,PIT@NYR,NYR,PIT,,,
,,,,,,,,,,,,,40446-8453:Jaroslav Halak,40446-8453,G,Jaroslav,Jaroslav Halak,Halak,21.5999995640346,7,8200,FLA@BOS,BOS,FLA,,,
,,,,,,,,,,,,,40446-41393:Aleksander Barkov,40446-41393,C,Aleksander,Aleksander Barkov,Barkov,16.2823522231158,17,8200,FLA@BOS,FLA,BOS,,,
,,,,,,,,,,,,,40446-8672:Mike Smith,40446-8672,G,Mike,Mike Smith,Smith,19.5199996948242,10,8200,EDM@SJ,EDM,SJ,,,
,,,,,,,,,,,,,40446-12163:Sergei Bobrovsky,40446-12163,G,Sergei,Sergei Bobrovsky,Bobrovsky,12.2285712105887,14,8200,FLA@BOS,FLA,BOS,,,
,,,,,,,,,,,,,40446-14466:Darcy Kuemper,40446-14466,G,Darcy,Darcy Kuemper,Kuemper,20.8666661580404,12,8000,ARI@STL,ARI,STL,,,
,,,,,,,,,,,,,40446-66737:Mikko Rantanen,40446-66737,W,Mikko,Mikko Rantanen,Rantanen,18.2666659884983,9,8000,COL@WPG,COL,WPG,IR,Lower body,
,,,,,,,,,,,,,40446-8532:Henrik Lundqvist,40446-8532,G,Henrik,Henrik Lundqvist,Lundqvist,19.8222215440538,9,8000,PIT@NYR,NYR,PIT,,,
,,,,,,,,,,,,,40446-8595:Evgeni Malkin,40446-8595,C,Evgeni,Evgeni Malkin,Malkin,14.75,6,8000,PIT@NYR,PIT,NYR,,,
,,,,,,,,,,,,,40446-12697:Philipp Grubauer,40446-12697,G,Philipp,Philipp Grubauer,Grubauer,19.6363636363636,11,8000,COL@WPG,COL,WPG,IR,Lower body,
,,,,,,,,,,,,,40446-70251:Thatcher Demko,40446-70251,G,Thatcher,Thatcher Demko,Demko,22.2666676839193,6,7900,NSH@VAN,VAN,NSH,,,
,,,,,,,,,,,,,40446-15268:John Gibson,40446-15268,G,John,John Gibson,Gibson,17.6571426391602,14,7800,DET@ANH,ANH,DET,,,
,,,,,,,,,,,,,40446-8175:Patrice Bergeron,40446-8175,C,Patrice,Patrice Bergeron,Bergeron,16.5176463407629,17,7800,FLA@BOS,BOS,FLA,,,
,,,,,,,,,,,,,40446-8212:Ryan Miller,40446-8212,G,Ryan,Ryan Miller,Miller,19.3600006103516,5,7700,DET@ANH,ANH,DET,,,
,,,,,,,,,,,,,40446-42868:Tristan Jarry,40446-42868,G,Tristan,Tristan Jarry,Jarry,16,4,7700,PIT@NYR,PIT,NYR,,,
,,,,,,,,,,,,,40446-40050:Antti Raanta,40446-40050,G,Antti,Antti Raanta,Raanta,19.5999997456868,6,7600,ARI@STL,ARI,STL,,,
,,,,,,,,,,,,,40446-83213:Pavel Francouz,40446-83213,G,Pavel,Pavel Francouz,Francouz,21.1999994913737,6,7600,COL@WPG,COL,WPG,,,
,,,,,,,,,,,,,40446-39253:Filip Forsberg,40446-39253,W,Filip,Filip Forsberg,Forsberg,19.4818184592507,11,7600,NSH@VAN,NSH,VAN,,,
,,,,,,,,,,,,,40446-82094:Alexandar Georgiev,40446-82094,G,Alexandar,Alexandar Georgiev,Georgiev,16.5714285714286,7,7500,PIT@NYR,NYR,PIT,,,
,,,,,,,,,,,,,40446-8394:Anze Kopitar,40446-8394,C,Anze,Anze Kopitar,Kopitar,13.8000003590303,17,7500,MIN@LA,LA,MIN,,,
,,,,,,,,,,,,,40446-70900:Patrik Laine,40446-70900,W,Patrik,Patrik Laine,Laine,14.8562498092651,16,7500,COL@WPG,WPG,COL,,,
,,,,,,,,,,,,,40446-15321:Mark Scheifele,40446-15321,C,Mark,Mark Scheifele,Scheifele,13.3999998304579,18,7500,COL@WPG,WPG,COL,,,
,,,,,,,,,,,,,40446-9278:Martin Jones,40446-9278,G,Martin,Martin Jones,Jones,11.4285714285714,14,7400,EDM@SJ,SJ,EDM,,,
,,,,,,,,,,,,,40446-14183:Keith Kinkaid,40446-14183,G,Keith,Keith Kinkaid,Kinkaid,11.7333335876465,3,7400,CBJ@MON,MON,CBJ,,,
,,,,,,,,,,,,,40446-66411:Juuse Saros,40446-66411,G,Juuse,Juuse Saros,Saros,9.94285692487444,7,7400,NSH@VAN,NSH,VAN,,,
,,,,,,,,,,,,,40446-9092:Evander Kane,40446-9092,W,Evander,Evander Kane,Kane,18,15,7400,EDM@SJ,SJ,EDM,,,
,,,,,,,,,,,,,40446-9112:Jake Allen,40446-9112,G,Jake,Jake Allen,Allen,15.3999996185303,4,7400,ARI@STL,STL,ARI,,,
,,,,,,,,,,,,,40446-70571:Jake Guentzel,40446-70571,W,Jake,Jake Guentzel,Guentzel,14.2705885943245,17,7400,PIT@NYR,PIT,NYR,,,
,,,,,,,,,,,,,40446-12283:Jacob Markstrom,40446-12283,G,Jacob,Jacob Markstrom,Markstrom,17.4000002543132,12,7400,NSH@VAN,VAN,NSH,,,
,,,,,,,,,,,,,40446-8426:Brent Burns,40446-8426,D,Brent,Brent Burns,Burns,14.7777777777778,18,7300,EDM@SJ,SJ,EDM,,,
,,,,,,,,,,,,,40446-12619:Jack Campbell,40446-12619,G,Jack,Jack Campbell,Campbell,12.1142861502511,7,7300,MIN@LA,LA,MIN,,,
,,,,,,,,,,,,,40446-58904:Aaron Dell,40446-58904,G,Aaron,Aaron Dell,Dell,9.59999974568685,6,7300,EDM@SJ,SJ,EDM,,,
,,,,,,,,,,,,,40446-8920:Devan Dubnyk,40446-8920,G,Devan,Devan Dubnyk,Dubnyk,10.3272725885565,11,7300,MIN@LA,MIN,LA,,,
,,,,,,,,,,,,,40446-54065:Joonas Korpisalo,40446-54065,G,Joonas,Joonas Korpisalo,Korpisalo,13.6571426391602,14,7300,CBJ@MON,CBJ,MON,,,
,,,,,,,,,,,,,40446-15217:Jonathan Huberdeau,40446-15217,W,Jonathan,Jonathan Huberdeau,Huberdeau,16.723528693704,17,7300,FLA@BOS,FLA,BOS,,,
,,,,,,,,,,,,,40446-15306:Brendan Gallagher,40446-15306,W,Brendan,Brendan Gallagher,Gallagher,14.9176474178539,17,7300,CBJ@MON,MON,CBJ,,,
,,,,,,,,,,,,,40446-9252:Alex Stalock,40446-9252,G,Alex,Alex Stalock,Stalock,12.977778116862,9,7200,MIN@LA,MIN,LA,,,
,,,,,,,,,,,,,40446-66693:Sam Montembeault,40446-66693,G,Sam,Sam Montembeault,Montembeault,12.6400001525879,5,7200,FLA@BOS,FLA,BOS,,,
,,,,,,,,,,,,,40446-84409:Elias Pettersson,40446-84409,C,Elias,Elias Pettersson,Pettersson,15.3888888888889,18,7200,NSH@VAN,VAN,NSH,,,
,,,,,,,,,,,,,40446-103103:Elvis Merzlikins,40446-103103,G,Elvis,Elvis Merzlikins,Merzlikins,7,4,7200,CBJ@MON,CBJ,MON,,,
,,,,,,,,,,,,,40446-15271:Laurent Brossoit,40446-15271,G,Laurent,Laurent Brossoit,Brossoit,8,5,7200,COL@WPG,WPG,COL,,,
,,,,,,,,,,,,,40446-79857:Brock Boeser,40446-79857,W,Brock,Brock Boeser,Boeser,14.977778116862,18,7200,NSH@VAN,VAN,NSH,,,
,,,,,,,,,,,,,40446-8412:Jonathan Quick,40446-8412,G,Jonathan,Jonathan Quick,Quick,7.35999984741211,10,7100,MIN@LA,LA,MIN,,,
,,,,,,,,,,,,,40446-14565:Mika Zibanejad,40446-14565,C,Mika,Mika Zibanejad,Zibanejad,18.0888892279731,9,7100,PIT@NYR,NYR,PIT,O,Upper body,
,,,,,,,,,,,,,40446-8780:Jonathan Bernier,40446-8780,G,Jonathan,Jonathan Bernier,Bernier,11.7818187366832,11,7100,DET@ANH,DET,ANH,,,
,,,,,,,,,,,,,40446-9124:Ryan O'Reilly,40446-9124,C,Ryan,Ryan O'Reilly,O'Reilly,13.8055555555556,18,7100,ARI@STL,STL,ARI,,,
,,,,,,,,,,,,,40446-43033:Antoine Bibeau,40446-43033,G,Antoine,Antoine Bibeau,Bibeau,0,0,7000,COL@WPG,COL,WPG,,,
,,,,,,,,,,,,,40446-66599:Zane McIntyre,40446-66599,G,Zane,Zane McIntyre,McIntyre,0,0,7000,NSH@VAN,VAN,NSH,,,
,,,,,,,,,,,,,40446-68647:Charlie Lindgren,40446-68647,G,Charlie,Charlie Lindgren,Lindgren,27.2000007629395,1,7000,CBJ@MON,MON,CBJ,,,
,,,,,,,,,,,,,40446-8353:Jimmy Howard,40446-8353,G,Jimmy,Jimmy Howard,Howard,10.4,10,7000,DET@ANH,DET,ANH,,,
,,,,,,,,,,,,,40446-74064:Casey DeSmith,40446-74064,G,Casey,Casey DeSmith,DeSmith,17.3555552164714,36,7000,PIT@NYR,PIT,NYR,,,
,,,,,,,,,,,,,40446-38243:Anthony Stolarz,40446-38243,G,Anthony,Anthony Stolarz,Stolarz,12.1333329942491,18,7000,DET@ANH,ANH,DET,,,
,,,,,,,,,,,,,40446-14697:Gabriel Landeskog,40446-14697,W,Gabriel,Gabriel Landeskog,Landeskog,10.9272724498402,11,7000,COL@WPG,COL,WPG,IR,Lower body,
,,,,,,,,,,,,,40446-12654:Calvin Pickard,40446-12654,G,Calvin,Calvin Pickard,Pickard,7.81176488539752,17,7000,DET@ANH,DET,ANH,,,
,,,,,,,,,,,,,40446-14056:Cam Atkinson,40446-14056,W,Cam,Cam Atkinson,Atkinson,12.0235290527344,17,6900,CBJ@MON,CBJ,MON,,,
,,,,,,,,,,,,,40446-8182:Blake Wheeler,40446-8182,W,Blake,Blake Wheeler,Wheeler,11.477778116862,18,6900,COL@WPG,WPG,COL,,,
,,,,,,,,,,,,,40446-8275:Matt Duchene,40446-8275,C,Matt,Matt Duchene,Duchene,12.40625,16,6800,NSH@VAN,NSH,VAN,,,
,,,,,,,,,,,,,40446-8682:Phil Kessel,40446-8682,W,Phil,Phil Kessel,Kessel,9.93333350287544,18,6800,ARI@STL,ARI,STL,,,
,,,,,,,,,,,,,40446-12262:Roman Josi,40446-12262,D,Roman,Roman Josi,Josi,17,17,6800,NSH@VAN,NSH,VAN,,,
,,,,,,,,,,,,,40446-40036:Tomas Hertl,40446-40036,C,Tomas,Tomas Hertl,Hertl,14.544443766276,18,6700,EDM@SJ,SJ,EDM,,,
,,,,,,,,,,,,,40446-70125:Kyle Connor,40446-70125,W,Kyle,Kyle Connor,Connor,13.238889058431,18,6700,COL@WPG,WPG,COL,,,
,,,,,,,,,,,,,40446-59207:Viktor Arvidsson,40446-59207,W,Viktor,Viktor Arvidsson,Arvidsson,11.4117647058824,17,6700,NSH@VAN,NSH,VAN,,,
,,,,,,,,,,,,,40446-43134:Anthony Mantha,40446-43134,W,Anthony,Anthony Mantha,Mantha,16.8473687422903,19,6600,DET@ANH,DET,ANH,,,
,,,,,,,,,,,,,40446-62788:Dylan Larkin,40446-62788,C,Dylan,Dylan Larkin,Larkin,13.1210527921978,19,6600,DET@ANH,DET,ANH,,,
,,,,,,,,,,,,,40446-9269:Logan Couture,40446-9269,C,Logan,Logan Couture,Couture,11.772221883138,18,6500,EDM@SJ,SJ,EDM,,,
,,,,,,,,,,,,,40446-8651:Alex Pietrangelo,40446-8651,D,Alex,Alex Pietrangelo,Pietrangelo,15.0888892279731,18,6500,ARI@STL,STL,ARI,,,
,,,,,,,,,,,,,40446-8875:Evgenii Dadonov,40446-8875,W,Evgenii,Evgenii Dadonov,Dadonov,13.888235653148,17,6500,FLA@BOS,FLA,BOS,,,
,,,,,,,,,,,,,40446-8234:Eric Staal,40446-8234,C,Eric,Eric Staal,Staal,11.570588055779,17,6400,MIN@LA,MIN,LA,,,
,,,,,,,,,,,,,40446-8608:Kris Letang,40446-8608,D,Kris,Kris Letang,Letang,15.140000406901,15,6400,PIT@NYR,PIT,NYR,O,Lower body,
,,,,,,,,,,,,,40446-15283:Vincent Trocheck,40446-15283,C,Vincent,Vincent Trocheck,Trocheck,11.85,10,6400,FLA@BOS,FLA,BOS,,,
,,,,,,,,,,,,,40446-15360:J.T. Miller,40446-15360,W,J.T.,J.T. Miller,Miller,15.1277770996094,18,6300,NSH@VAN,VAN,NSH,,,
,,,,,,,,,,,,,40446-14563:Ryan Nugent-Hopkins,40446-14563,C,Ryan,Ryan Nugent-Hopkins,Nugent-Hopkins,11.8473687422903,19,6300,EDM@SJ,EDM,SJ,,,
,,,,,,,,,,,,,40446-8640:David Perron,40446-8640,W,David,David Perron,Perron,14.3833329942491,18,6300,ARI@STL,STL,ARI,,,
,,,,,,,,,,,,,40446-8134:Ryan Getzlaf,40446-8134,C,Ryan,Ryan Getzlaf,Getzlaf,12.3666670057509,18,6300,DET@ANH,ANH,DET,,,
,,,,,,,,,,,,,40446-9266:Brayden Schenn,40446-9266,C,Brayden,Brayden Schenn,Schenn,13.0833333333333,18,6200,ARI@STL,STL,ARI,,,
,,,,,,,,,,,,,40446-9321:Tomas Tatar,40446-9321,W,Tomas,Tomas Tatar,Tatar,12.5882352941176,17,6200,CBJ@MON,MON,CBJ,,,
,,,,,,,,,,,,,40446-14473:Jakob Silfverberg,40446-14473,W,Jakob,Jakob Silfverberg,Silfverberg,12.0888892279731,18,6200,DET@ANH,ANH,DET,,,
,,,,,,,,,,,,,40446-8551:Erik Karlsson,40446-8551,D,Erik,Erik Karlsson,Karlsson,10.3294121237362,17,6200,EDM@SJ,SJ,EDM,,,
,,,,,,,,,,,,,40446-41592:Max Domi,40446-41592,C,Max,Max Domi,Domi,10.7823531206916,17,6200,CBJ@MON,MON,CBJ,,,
,,,,,,,,,,,,,40446-42478:Bo Horvat,40446-42478,C,Bo,Bo Horvat,Horvat,13.8222223917643,18,5900,NSH@VAN,VAN,NSH,,,
,,,,,,,,,,,,,40446-12253:Mats Zuccarello,40446-12253,W,Mats,Mats Zuccarello,Zuccarello,7.89230757493239,13,5900,MIN@LA,MIN,LA,,,
,,,,,,,,,,,,,40446-21648:Torey Krug,40446-21648,D,Torey,Torey Krug,Krug,11.9000001795152,17,5800,FLA@BOS,BOS,FLA,O,Upper body,
,,,,,,,,,,,,,40446-8402:Dustin Brown,40446-8402,W,Dustin,Dustin Brown,Brown,10.570588055779,17,5800,MIN@LA,LA,MIN,,,
,,,,,,,,,,,,,40446-8467:Shea Weber,40446-8467,D,Shea,Shea Weber,Weber,14.6588233498966,17,5800,CBJ@MON,MON,CBJ,,,
,,,,,,,,,,,,,40446-15269:Rickard Rakell,40446-15269,W,Rickard,Rickard Rakell,Rakell,11.488889058431,18,5800,DET@ANH,ANH,DET,,,
,,,,,,,,,,,,,40446-15386:Ryan Strome,40446-15386,C,Ryan,Ryan Strome,Strome,13.2333333333333,15,5700,PIT@NYR,NYR,PIT,,,
,,,,,,,,,,,,,40446-8406:Drew Doughty,40446-8406,D,Drew,Drew Doughty,Doughty,13.388235653148,17,5700,MIN@LA,LA,MIN,,,
,,,,,,,,,,,,,40446-8478:Zach Parise,40446-8478,W,Zach,Zach Parise,Parise,7.55882352941176,17,5700,MIN@LA,MIN,LA,,,
,,,,,,,,,,,,,40446-41394:Seth Jones,40446-41394,D,Seth,Seth Jones,Jones,11.5882352941176,17,5700,CBJ@MON,CBJ,MON,,,
,,,,,,,,,,,,,40446-8765:Patric Hornqvist,40446-8765,W,Patric,Patric Hornqvist,Hornqvist,13.1571426391602,14,5700,PIT@NYR,PIT,NYR,IR,Lower body,
,,,,,,,,,,,,,40446-9259:Mike Hoffman,40446-9259,W,Mike,Mike Hoffman,Hoffman,11.5352944766774,17,5600,FLA@BOS,FLA,BOS,,,
,,,,,,,,,,,,,40446-70901:Pierre-Luc Dubois,40446-70901,C,Pierre-Luc,Pierre-Luc Dubois,Dubois,11.9470591825597,17,5600,CBJ@MON,CBJ,MON,,,
,,,,,,,,,,,,,40446-21122:Jaden Schwartz,40446-21122,W,Jaden,Jaden Schwartz,Schwartz,11.1166670057509,18,5600,ARI@STL,STL,ARI,,,
,,,,,,,,,,,,,40446-8176:David Krejci,40446-8176,C,David,David Krejci,Krejci,9.54545454545455,11,5600,FLA@BOS,BOS,FLA,,,
,,,,,,,,,,,,,40446-8319:James Neal,40446-8319,W,James,James Neal,Neal,13.3473687422903,19,5500,EDM@SJ,EDM,SJ,,,
,,,,,,,,,,,,,40446-66690:Timo Meier,40446-66690,W,Timo,Timo Meier,Meier,10.6055552164714,18,5500,EDM@SJ,SJ,EDM,,,
,,,,,,,,,,,,,40446-12843:Adam Henrique,40446-12843,C,Adam,Adam Henrique,Henrique,11.2000003390842,18,5500,DET@ANH,ANH,DET,,,
,,,,,,,,,,,,,40446-70513:Pavel Buchnevich,40446-70513,W,Pavel,Pavel Buchnevich,Buchnevich,10.5866668701172,15,5500,PIT@NYR,NYR,PIT,,,
,,,,,,,,,,,,,40446-42912:Oscar Klefbom,40446-42912,D,Oscar,Oscar Klefbom,Klefbom,13.3368417840255,19,5500,EDM@SJ,EDM,SJ,,,
,,,,,,,,,,,,,40446-68640:Zach Werenski,40446-68640,D,Zach,Zach Werenski,Werenski,10.2235295912799,17,5400,CBJ@MON,CBJ,MON,,,
,,,,,,,,,,,,,40446-21686:Jason Zucker,40446-21686,W,Jason,Jason Zucker,Zucker,10.2352941176471,17,5400,MIN@LA,MIN,LA,,,
,,,,,,,,,,,,,40446-70905:Clayton Keller,40446-70905,W,Clayton,Clayton Keller,Keller,9.90555572509766,18,5400,ARI@STL,ARI,STL,,,
,,,,,,,,,,,,,40446-12592:Ryan Johansen,40446-12592,C,Ryan,Ryan Johansen,Johansen,9.6823533002068,17,5400,NSH@VAN,NSH,VAN,,,
,,,,,,,,,,,,,40446-9079:Keith Yandle,40446-9079,D,Keith,Keith Yandle,Yandle,9.66470606186811,17,5400,FLA@BOS,FLA,BOS,,,
,,,,,,,,,,,,,40446-15277:Phillip Danault,40446-15277,C,Phillip,Phillip Danault,Danault,9.08235258214614,17,5400,CBJ@MON,MON,CBJ,,,
,,,,,,,,,,,,,40446-21927:Chris Kreider,40446-21927,W,Chris,Chris Kreider,Kreider,10.5533335367839,15,5300,PIT@NYR,NYR,PIT,,,
,,,,,,,,,,,,,40446-42417:Jonathan Drouin,40446-42417,W,Jonathan,Jonathan Drouin,Drouin,12.7764704087201,17,5300,CBJ@MON,MON,CBJ,,,
,,,,,,,,,,,,,40446-8709:Alexander Edler,40446-8709,D,Alexander,Alexander Edler,Edler,13.9944441053602,18,5300,NSH@VAN,VAN,NSH,,,
,,,,,,,,,,,,,40446-13982:Gustav Nyquist,40446-13982,W,Gustav,Gustav Nyquist,Nyquist,10.6470588235294,17,5300,CBJ@MON,CBJ,MON,,,
,,,,,,,,,,,,,40446-43135:Tyler Bertuzzi,40446-43135,W,Tyler,Tyler Bertuzzi,Bertuzzi,11.9789476896587,19,5200,DET@ANH,DET,ANH,,,
,,,,,,,,,,,,,40446-12812:Jared Spurgeon,40446-12812,D,Jared,Jared Spurgeon,Spurgeon,10.7235295912799,17,5200,MIN@LA,MIN,LA,,,
,,,,,,,,,,,,,40446-8414:Mikko Koivu,40446-8414,C,Mikko,Mikko Koivu,Koivu,8.27647040872013,17,5100,MIN@LA,MIN,LA,,,
,,,,,,,,,,,,,40446-58907:Nikolaj Ehlers,40446-58907,W,Nikolaj,Nikolaj Ehlers,Ehlers,13.7888887193468,18,5100,COL@WPG,WPG,COL,,,
,,,,,,,,,,,,,40446-8741:Nazem Kadri,40446-8741,C,Nazem,Nazem Kadri,Kadri,10.8470584644991,17,5100,COL@WPG,COL,WPG,,,
,,,,,,,,,,,,,40446-12244:Oliver Ekman-Larsson,40446-12244,D,Oliver,Oliver Ekman-Larsson,Ekman-Larsson,9.53888871934679,18,5100,ARI@STL,ARI,STL,,,
,,,,,,,,,,,,,40446-103523:Cale Makar,40446-103523,D,Cale,Cale Makar,Makar,14.1647060618681,17,5000,COL@WPG,COL,WPG,,,
,,,,,,,,,,,,,40446-73889:Nick Schmaltz,40446-73889,C,Nick,Nick Schmaltz,Schmaltz,10.6611107720269,18,5000,ARI@STL,ARI,STL,,,
,,,,,,,,,,,,,40446-111471:Kaapo Kakko,40446-111471,W,Kaapo,Kaapo Kakko,Kakko,7.27999979654948,15,5000,PIT@NYR,NYR,PIT,,,
,,,,,,,,,,,,,40446-9083:Ryan Ellis,40446-9083,D,Ryan,Ryan Ellis,Ellis,14.2529413559858,17,5000,NSH@VAN,NSH,VAN,,,
,,,,,,,,,,,,,40446-70279:J.T. Compher,40446-70279,W,J.T.,J.T. Compher,Compher,9.43571472167969,14,4900,COL@WPG,COL,WPG,,,
,,,,,,,,,,,,,40446-42773:Oliver Bjorkstrand,40446-42773,W,Oliver,Oliver Bjorkstrand,Bjorkstrand,9.44117647058824,17,4900,CBJ@MON,CBJ,MON,,,
,,,,,,,,,,,,,40446-42981:Josh Morrissey,40446-42981,D,Josh,Josh Morrissey,Morrissey,11.4375,16,4900,COL@WPG,WPG,COL,,,
,,,,,,,,,,,,,40446-12460:Cam Fowler,40446-12460,D,Cam,Cam Fowler,Fowler,8.81111145019531,18,4800,DET@ANH,ANH,DET,,,
,,,,,,,,,,,,,40446-8466:Ryan Suter,40446-8466,D,Ryan,Ryan Suter,Suter,8.96470552332261,17,4800,MIN@LA,MIN,LA,,,
,,,,,,,,,,,,,40446-8539:Nick Foligno,40446-8539,W,Nick,Nick Foligno,Foligno,7.62941158519072,17,4800,CBJ@MON,CBJ,MON,O,Suspension,
,,,,,,,,,,,,,40446-8555:Jeff Carter,40446-8555,W,Jeff,Jeff Carter,Carter,10.1647060618681,17,4800,MIN@LA,LA,MIN,,,
,,,,,,,,,,,,,40446-58928:Tony DeAngelo,40446-58928,D,Tony,Tony DeAngelo,DeAngelo,12.7333333333333,15,4800,PIT@NYR,NYR,PIT,,,
,,,,,,,,,,,,,40446-23233:Alex Galchenyuk,40446-23233,W,Alex,Alex Galchenyuk,Galchenyuk,8.0625,8,4800,PIT@NYR,PIT,NYR,,,
,,,,,,,,,,,,,40446-8162:Bryan Little,40446-8162,C,Bryan,Bryan Little,Little,10.514285496303,7,4800,COL@WPG,WPG,COL,IR,Ear,
,,,,,,,,,,,,,40446-66601:Jake DeBrusk,40446-66601,W,Jake,Jake DeBrusk,DeBrusk,8.08666687011719,15,4700,FLA@BOS,BOS,FLA,IR,Lower body,
,,,,,,,,,,,,,40446-43139:Andreas Athanasiou,40446-43139,W,Andreas,Andreas Athanasiou,Athanasiou,8.8411766501034,17,4700,DET@ANH,DET,ANH,,,
,,,,,,,,,,,,,40446-12448:Derek Stepan,40446-12448,C,Derek,Derek Stepan,Stepan,7.34444427490234,18,4700,ARI@STL,ARI,STL,,,
,,,,,,,,,,,,,40446-62783:Joonas Donskoi,40446-62783,W,Joonas,Joonas Donskoi,Donskoi,10.7235295912799,17,4700,COL@WPG,COL,WPG,,,
,,,,,,,,,,,,,40446-12624:Tyler Toffoli,40446-12624,W,Tyler,Tyler Toffoli,Toffoli,9,16,4700,MIN@LA,LA,MIN,,,
,,,,,,,,,,,,,40446-23041:Mikael Granlund,40446-23041,W,Mikael,Mikael Granlund,Granlund,6.96470597211052,17,4700,NSH@VAN,NSH,VAN,,,
,,,,,,,,,,,,,40446-58891:Kevin Labanc,40446-58891,W,Kevin,Kevin Labanc,Labanc,8.98888905843099,18,4700,EDM@SJ,SJ,EDM,,,
,,,,,,,,,,,,,40446-54477:Bryan Rust,40446-54477,W,Bryan,Bryan Rust,Rust,17,6,4600,PIT@NYR,PIT,NYR,,,
,,,,,,,,,,,,,40446-55607:Aaron Ekblad,40446-55607,D,Aaron,Aaron Ekblad,Ekblad,11.1750001907349,16,4600,FLA@BOS,FLA,BOS,,,
,,,,,,,,,,,,,40446-39245:Jacob Trouba,40446-39245,D,Jacob,Jacob Trouba,Trouba,12.7666666666667,15,4600,PIT@NYR,NYR,PIT,,,
,,,,,,,,,,,,,40446-8611:Alex Goligoski,40446-8611,D,Alex,Alex Goligoski,Goligoski,10.8222223917643,18,4600,ARI@STL,ARI,STL,,,
,,,,,,,,,,,,,40446-23228:Justin Schultz,40446-23228,D,Justin,Justin Schultz,Schultz,9.17058787626379,17,4600,PIT@NYR,PIT,NYR,,,
,,,,,,,,,,,,,40446-61246:Colton Parayko,40446-61246,D,Colton,Colton Parayko,Parayko,9.67777760823568,18,4600,ARI@STL,STL,ARI,,,
,,,,,,,,,,,,,40446-42833:Andre Burakovsky,40446-42833,W,Andre,Andre Burakovsky,Burakovsky,10.8000003590303,17,4600,COL@WPG,COL,WPG,,,
,,,,,,,,,,,,,40446-39870:Tanner Pearson,40446-39870,W,Tanner,Tanner Pearson,Pearson,8.73888905843099,18,4600,NSH@VAN,VAN,NSH,,,
,,,,,,,,,,,,,40446-70928:Sam Steel,40446-70928,C,Sam,Sam Steel,Steel,6.39285714285714,14,4500,DET@ANH,ANH,DET,,,
,,,,,,,,,,,,,40446-70128:Danton Heinen,40446-70128,W,Danton,Danton Heinen,Heinen,7.11764705882353,17,4500,FLA@BOS,BOS,FLA,,,
,,,,,,,,,,,,,40446-11122:Nick Bonino,40446-11122,C,Nick,Nick Bonino,Bonino,13.111764346852,17,4500,NSH@VAN,NSH,VAN,,,
,,,,,,,,,,,,,40446-11152:Zack Kassian,40446-11152,W,Zack,Zack Kassian,Kassian,9.22105247096012,19,4500,EDM@SJ,EDM,SJ,,,
,,,,,,,,,,,,,40446-15255:Josh Leivo,40446-15255,W,Josh,Josh Leivo,Leivo,7.67222256130642,18,4500,NSH@VAN,VAN,NSH,,,
,,,,,,,,,,,,,40446-14456:Mattias Ekholm,40446-14456,D,Mattias,Mattias Ekholm,Ekholm,11.388235653148,17,4400,NSH@VAN,NSH,VAN,,,
,,,,,,,,,,,,,40446-80005:Neal Pionk,40446-80005,D,Neal,Neal Pionk,Pionk,10.2444441053602,18,4400,COL@WPG,WPG,COL,,,
,,,,,,,,,,,,,40446-39145:Danny DeKeyser,40446-39145,D,Danny,Danny DeKeyser,DeKeyser,10,8,4400,DET@ANH,DET,ANH,IR,Undisclosed,
,,,,,,,,,,,,,40446-70912:Charlie McAvoy,40446-70912,D,Charlie,Charlie McAvoy,McAvoy,6.61764705882353,17,4400,FLA@BOS,BOS,FLA,,,
,,,,,,,,,,,,,40446-8619:Patrick Marleau,40446-8619,W,Patrick,Patrick Marleau,Marleau,9.12142835344587,14,4400,EDM@SJ,SJ,EDM,,,
,,,,,,,,,,,,,40446-101277:Quinn Hughes,40446-101277,D,Quinn,Quinn Hughes,Hughes,9.39411746754366,17,4400,NSH@VAN,VAN,NSH,,,
,,,,,,,,,,,,,40446-8158:Ilya Kovalchuk,40446-8158,W,Ilya,Ilya Kovalchuk,Kovalchuk,9.17058787626379,17,4400,MIN@LA,LA,MIN,,,
,,,,,,,,,,,,,40446-12449:Brett Connolly,40446-12449,W,Brett,Brett Connolly,Connolly,9.91176470588235,17,4300,FLA@BOS,FLA,BOS,,,
,,,,,,,,,,,,,40446-82087:Filip Chytil,40446-82087,C,Filip,Filip Chytil,Chytil,12.2666664123535,6,4300,PIT@NYR,NYR,PIT,,,
,,,,,,,,,,,,,40446-39464:Hampus Lindholm,40446-39464,D,Hampus,Hampus Lindholm,Lindholm,9.47333374023438,15,4300,DET@ANH,ANH,DET,IR,Undisclosed,
,,,,,,,,,,,,,40446-16969:Charlie Coyle,40446-16969,C,Charlie,Charlie Coyle,Coyle,6.40000017951517,17,4300,FLA@BOS,BOS,FLA,,,
,,,,,,,,,,,,,40446-59208:Kevin Fiala,40446-59208,W,Kevin,Kevin Fiala,Fiala,8.20000012715658,12,4300,MIN@LA,MIN,LA,,,
,,,,,,,,,,,,,40446-62294:Brady Skjei,40446-62294,D,Brady,Brady Skjei,Skjei,9.48571450369699,14,4300,PIT@NYR,NYR,PIT,,,
,,,,,,,,,,,,,40446-15239:Craig Smith,40446-15239,W,Craig,Craig Smith,Smith,7.24705864401425,17,4300,NSH@VAN,NSH,VAN,,,
,,,,,,,,,,,,,40446-66709:Jared McCann,40446-66709,W,Jared,Jared McCann,McCann,10.4,15,4200,PIT@NYR,PIT,NYR,,,
,,,,,,,,,,,,,40446-73909:Samuel Girard,40446-73909,D,Samuel,Samuel Girard,Girard,8.22941140567555,17,4200,COL@WPG,COL,WPG,,,
,,,,,,,,,,,,,40446-74016:Filip Hronek,40446-74016,D,Filip,Filip Hronek,Hronek,9.72105247096012,19,4200,DET@ANH,DET,ANH,,,
,,,,,,,,,,,,,40446-21926:Brian Dumoulin,40446-21926,D,Brian,Brian Dumoulin,Dumoulin,9.36153822678786,13,4200,PIT@NYR,PIT,NYR,,,
,,,,,,,,,,,,,40446-59120:Christian Dvorak,40446-59120,C,Christian,Christian Dvorak,Dvorak,9.03333367241753,18,4200,ARI@STL,ARI,STL,,,
,,,,,,,,,,,,,40446-8972:Tyler Bozak,40446-8972,C,Tyler,Tyler Bozak,Bozak,6.86666658189562,18,4200,ARI@STL,STL,ARI,,,
,,,,,,,,,,,,,40446-97116:Jesperi Kotkaniemi,40446-97116,C,Jesperi,Jesperi Kotkaniemi,Kotkaniemi,5.77500025431315,12,4200,CBJ@MON,MON,CBJ,IR,Groin,
,,,,,,,,,,,,,40446-14178:Justin Faulk,40446-14178,D,Justin,Justin Faulk,Faulk,7.05000008477105,18,4200,ARI@STL,STL,ARI,,,
,,,,,,,,,,,,,40446-15251:Boone Jenner,40446-15251,C,Boone,Boone Jenner,Jenner,8,17,4200,CBJ@MON,CBJ,MON,,,
,,,,,,,,,,,,,40446-15272:Micheal Ferland,40446-15272,W,Micheal,Micheal Ferland,Ferland,5.53333346048991,12,4200,NSH@VAN,VAN,NSH,IR,Concussion,
,,,,,,,,,,,,,40446-11201:Jeff Petry,40446-11201,D,Jeff,Jeff Petry,Petry,10.9411764705882,17,4200,CBJ@MON,MON,CBJ,,,
,,,,,,,,,,,,,40446-43042:MacKenzie Weegar,40446-43042,D,MacKenzie,MacKenzie Weegar,Weegar,9.64705882352941,17,4100,FLA@BOS,FLA,BOS,O,Face,
,,,,,,,,,,,,,40446-54743:Alexander Wennberg,40446-54743,C,Alexander,Alexander Wennberg,Wennberg,5.92352923224954,17,4100,CBJ@MON,CBJ,MON,,,
,,,,,,,,,,,,,40446-42910:Darnell Nurse,40446-42910,D,Darnell,Darnell Nurse,Nurse,9.79473716334293,19,4100,EDM@SJ,EDM,SJ,,,
,,,,,,,,,,,,,40446-42983:Joel Armia,40446-42983,W,Joel,Joel Armia,Armia,11.4333333333333,15,4100,CBJ@MON,MON,CBJ,,,
,,,,,,,,,,,,,40446-8237:Brandon Sutter,40446-8237,C,Brandon,Brandon Sutter,Sutter,9.11111111111111,18,4000,NSH@VAN,VAN,NSH,,,
,,,,,,,,,,,,,40446-70908:Tyson Jost,40446-70908,W,Tyson,Tyson Jost,Jost,8.40588199391085,17,4000,COL@WPG,COL,WPG,,,
,,,,,,,,,,,,,40446-23225:Matt Dumba,40446-23225,D,Matt,Matt Dumba,Dumba,9.31176488539752,17,4000,MIN@LA,MIN,LA,,,
,,,,,,,,,,,,,40446-8211:Tyler Myers,40446-8211,D,Tyler,Tyler Myers,Myers,7.11111111111111,18,3900,NSH@VAN,VAN,NSH,,,
,,,,,,,,,,,,,40446-66606:Brandon Carlo,40446-66606,D,Brandon,Brandon Carlo,Carlo,6.77647040872013,17,3900,FLA@BOS,BOS,FLA,,,
,,,,,,,,,,,,,40446-79935:Alex Iafallo,40446-79935,W,Alex,Alex Iafallo,Iafallo,7.54117629107307,17,3900,MIN@LA,LA,MIN,,,
,,,,,,,,,,,,,40446-83096:Dominik Kahun,40446-83096,W,Dominik,Dominik Kahun,Kahun,7.25,16,3900,PIT@NYR,PIT,NYR,,,
,,,,,,,,,,,,,40446-21755:Alex Chiasson,40446-21755,W,Alex,Alex Chiasson,Chiasson,5.98124980926514,16,3900,EDM@SJ,EDM,SJ,,,
,,,,,,,,,,,,,40446-70914:Jakob Chychrun,40446-70914,D,Jakob,Jakob Chychrun,Chychrun,9.83333333333333,18,3900,ARI@STL,ARI,STL,,,
,,,,,,,,,,,,,40446-8517:Brian Boyle,40446-8517,C,Brian,Brian Boyle,Boyle,10.9333335028754,9,3900,FLA@BOS,FLA,BOS,,,
,,,,,,,,,,,,,40446-8628:Marc-Edouard Vlasic,40446-8628,D,Marc-Edouard,Marc-Edouard Vlasic,Vlasic,6.42222213745117,18,3900,EDM@SJ,SJ,EDM,,,
,,,,,,,,,,,,,40446-58881:Sammy Blais,40446-58881,W,Sammy,Sammy Blais,Blais,8.05000019073486,16,3900,ARI@STL,STL,ARI,,,
,,,,,,,,,,,,,40446-42772:Josh Anderson,40446-42772,W,Josh,Josh Anderson,Anderson,6.0363637750799,11,3900,CBJ@MON,CBJ,MON,,,
,,,,,,,,,,,,,40446-70483:Artturi Lehkonen,40446-70483,W,Artturi,Artturi Lehkonen,Lehkonen,7.81176488539752,17,3900,CBJ@MON,MON,CBJ,,,
,,,,,,,,,,,,,40446-9077:Kyle Turris,40446-9077,C,Kyle,Kyle Turris,Turris,7.49411773681641,17,3900,NSH@VAN,NSH,VAN,,,
,,,,,,,,,,,,,40446-66515:Vince Dunn,40446-66515,D,Vince,Vince Dunn,Dunn,6.68888897365994,18,3900,ARI@STL,STL,ARI,,,
,,,,,,,,,,,,,40446-8186:Zdeno Chara,40446-8186,D,Zdeno,Zdeno Chara,Chara,8.84705846449908,17,3900,FLA@BOS,BOS,FLA,,,
,,,,,,,,,,,,,40446-66622:Conor Garland,40446-66622,W,Conor,Conor Garland,Garland,10.6777776082357,18,3800,ARI@STL,ARI,STL,,,
,,,,,,,,,,,,,40446-66674:Dominik Simon,40446-66674,W,Dominik,Dominik Simon,Simon,8.84705846449908,17,3800,PIT@NYR,PIT,NYR,,,
,,,,,,,,,,,,,40446-73949:Joel Eriksson Ek,40446-73949,C,Joel,Joel Eriksson Ek,Eriksson Ek,7.94285692487444,14,3800,MIN@LA,MIN,LA,,,
,,,,,,,,,,,,,40446-39234:Matt Nieto,40446-39234,W,Matt,Matt Nieto,Nieto,8.40000017951517,17,3800,COL@WPG,COL,WPG,,,
,,,,,,,,,,,,,40446-39295:Carl Soderberg,40446-39295,C,Carl,Carl Soderberg,Soderberg,8.75,18,3800,ARI@STL,ARI,STL,,,
,,,,,,,,,,,,,40446-8614:Joe Thornton,40446-8614,C,Joe,Joe Thornton,Thornton,4.38333341810438,18,3800,EDM@SJ,SJ,EDM,,,
,,,,,,,,,,,,,40446-13742:Ben Chiarot,40446-13742,D,Ben,Ben Chiarot,Chiarot,8.5176472383387,17,3800,CBJ@MON,MON,CBJ,,,
,,,,,,,,,,,,,40446-59117:Nick Ritchie,40446-59117,W,Nick,Nick Ritchie,Ritchie,8.46249961853027,16,3800,DET@ANH,ANH,DET,,,
,,,,,,,,,,,,,40446-8967:Alec Martinez,40446-8967,D,Alec,Alec Martinez,Martinez,8.12352977079504,17,3800,MIN@LA,LA,MIN,,,
,,,,,,,,,,,,,40446-42908:Brad Hunt,40446-42908,D,Brad,Brad Hunt,Hunt,9.72941140567555,17,3800,MIN@LA,MIN,LA,,,
,,,,,,,,,,,,,40446-62429:Adrian Kempe,40446-62429,C,Adrian,Adrian Kempe,Kempe,5.34705891328699,17,3800,MIN@LA,LA,MIN,,,
,,,,,,,,,,,,,40446-42994:Nikita Zadorov,40446-42994,D,Nikita,Nikita Zadorov,Zadorov,6.34666646321615,15,3800,COL@WPG,COL,WPG,IR,Jaw,
,,,,,,,,,,,,,40446-12291:Christopher Tanev,40446-12291,D,Christopher,Christopher Tanev,Tanev,7.7999996609158,18,3700,NSH@VAN,VAN,NSH,,,
,,,,,,,,,,,,,40446-9270:Jason Demers,40446-9270,D,Jason,Jason Demers,Demers,5.22499990463257,16,3700,ARI@STL,ARI,STL,,,
,,,,,,,,,,,,,40446-82029:Sean Walker,40446-82029,D,Sean,Sean Walker,Walker,8.5176472383387,17,3700,MIN@LA,LA,MIN,,,
,,,,,,,,,,,,,40446-61549:Frank Vatrano,40446-61549,W,Frank,Frank Vatrano,Vatrano,10.8000003590303,17,3700,FLA@BOS,FLA,BOS,,,
,,,,,,,,,,,,,40446-74047:Jack Roslovic,40446-74047,W,Jack,Jack Roslovic,Roslovic,6.94444444444444,18,3700,COL@WPG,WPG,COL,,,
,,,,,,,,,,,,,40446-39249:Nick Bjugstad,40446-39249,C,Nick,Nick Bjugstad,Bjugstad,5.30000019073486,8,3700,PIT@NYR,PIT,NYR,,,
,,,,,,,,,,,,,40446-8531:Michael Del Zotto,40446-8531,D,Michael,Michael Del Zotto,Del Zotto,5.54285703386579,14,3700,DET@ANH,ANH,DET,,,
,,,,,,,,,,,,,40446-62861:Noel Acciari,40446-62861,C,Noel,Noel Acciari,Acciari,8.57142857142857,14,3700,FLA@BOS,FLA,BOS,,,
,,,,,,,,,,,,,40446-8641:Alexander Steen,40446-8641,W,Alexander,Alexander Steen,Steen,6.40000017951517,17,3700,ARI@STL,STL,ARI,IR,Ankle,
,,,,,,,,,,,,,40446-23053:Jesper Fast,40446-23053,W,Jesper,Jesper Fast,Fast,8,14,3700,PIT@NYR,NYR,PIT,,,
,,,,,,,,,,,,,40446-8726:Mike Green,40446-8726,D,Mike,Mike Green,Green,7.51249980926514,16,3700,DET@ANH,DET,ANH,,,
,,,,,,,,,,,,,40446-70169:Troy Stecher,40446-70169,D,Troy,Troy Stecher,Stecher,5.64444435967339,18,3700,NSH@VAN,VAN,NSH,,,
,,,,,,,,,,,,,40446-23438:Jonas Brodin,40446-23438,D,Jonas,Jonas Brodin,Brodin,5.92941194422105,17,3700,MIN@LA,MIN,LA,,,
,,,,,,,,,,,,,40446-15380:Jordie Benn,40446-15380,D,Jordie,Jordie Benn,Benn,4.62222205268012,18,3600,NSH@VAN,VAN,NSH,,,
,,,,,,,,,,,,,40446-59413:Jake Virtanen,40446-59413,W,Jake,Jake Virtanen,Virtanen,8.48888905843099,18,3600,NSH@VAN,VAN,NSH,,,
,,,,,,,,,,,,,40446-9275:Kyle Clifford,40446-9275,W,Kyle,Kyle Clifford,Clifford,5.64705882352941,17,3600,MIN@LA,LA,MIN,,,
,,,,,,,,,,,,,40446-66635:Ethan Bear,40446-66635,D,Ethan,Ethan Bear,Bear,6.98947384482936,19,3600,EDM@SJ,EDM,SJ,,,
,,,,,,,,,,,,,40446-8310:Kris Russell,40446-8310,D,Kris,Kris Russell,Russell,6.06315773411801,19,3600,EDM@SJ,EDM,SJ,,,
,,,,,,,,,,,,,40446-8336:Valtteri Filppula,40446-8336,C,Valtteri,Valtteri Filppula,Filppula,5.58421044600637,19,3600,DET@ANH,DET,ANH,,,
,,,,,,,,,,,,,40446-43176:Ryan Hartman,40446-43176,W,Ryan,Ryan Hartman,Hartman,5.36470570283778,17,3600,MIN@LA,MIN,LA,,,
,,,,,,,,,,,,,40446-54457:Jordan Oesterle,40446-54457,D,Jordan,Jordan Oesterle,Oesterle,7.89000015258789,10,3600,ARI@STL,ARI,STL,,,
,,,,,,,,,,,,,40446-70915:Dante Fabbro,40446-70915,D,Dante,Dante Fabbro,Fabbro,6.96470597211052,17,3600,NSH@VAN,NSH,VAN,,,
,,,,,,,,,,,,,40446-70918:Dennis Cholowski,40446-70918,D,Dennis,Dennis Cholowski,Cholowski,6.77500009536743,16,3600,DET@ANH,DET,ANH,,,
,,,,,,,,,,,,,40446-70925:Brett Howden,40446-70925,C,Brett,Brett Howden,Howden,6.21333312988281,15,3600,PIT@NYR,NYR,PIT,,,
,,,,,,,,,,,,,40446-74079:Josh Mahura,40446-74079,D,Josh,Josh Mahura,Mahura,8.80000019073486,4,3600,DET@ANH,ANH,DET,,,
,,,,,,,,,,,,,40446-8647:Erik Johnson,40446-8647,D,Erik,Erik Johnson,Johnson,7.38823520436007,17,3600,COL@WPG,COL,WPG,,,
,,,,,,,,,,,,,40446-62923:Marcus Pettersson,40446-62923,D,Marcus,Marcus Pettersson,Pettersson,6.38235294117647,17,3600,PIT@NYR,PIT,NYR,,,
,,,,,,,,,,,,,40446-58878:Oskar Sundqvist,40446-58878,C,Oskar,Oskar Sundqvist,Sundqvist,5.55555555555556,18,3600,ARI@STL,STL,ARI,,,
,,,,,,,,,,,,,40446-23061:Calle Jarnkrok,40446-23061,W,Calle,Calle Jarnkrok,Jarnkrok,10.3176466997932,17,3600,NSH@VAN,NSH,VAN,,,
,,,,,,,,,,,,,40446-62032:Vinnie Hinostroza,40446-62032,W,Vinnie,Vinnie Hinostroza,Hinostroza,6.3999998304579,18,3600,ARI@STL,ARI,STL,,,
,,,,,,,,,,,,,40446-8878:Dmitry Kulikov,40446-8878,D,Dmitry,Dmitry Kulikov,Kulikov,5.97647049847771,17,3600,COL@WPG,WPG,COL,,,
,,,,,,,,,,,,,40446-62157:Andrew Copp,40446-62157,W,Andrew,Andrew Copp,Copp,6.88888888888889,18,3600,COL@WPG,WPG,COL,,,
,,,,,,,,,,,,,40446-8918:Anton Stralman,40446-8918,D,Anton,Anton Stralman,Stralman,7.36470570283778,17,3600,FLA@BOS,FLA,BOS,,,
,,,,,,,,,,,,,40446-14217:Patrik Nemeth,40446-14217,D,Patrik,Patrik Nemeth,Nemeth,6.69473668148643,19,3600,DET@ANH,DET,ANH,,,
,,,,,,,,,,,,,40446-54194:Josh Manson,40446-54194,D,Josh,Josh Manson,Manson,6.25454573197798,11,3600,DET@ANH,ANH,DET,IR,Knee,
,,,,,,,,,,,,,40446-79860:Victor Mete,40446-79860,D,Victor,Victor Mete,Mete,7.67058787626379,17,3600,CBJ@MON,MON,CBJ,,,
,,,,,,,,,,,,,40446-79881:Tucker Poolman,40446-79881,D,Tucker,Tucker Poolman,Poolman,5.15000009536743,16,3500,COL@WPG,WPG,COL,,,
,,,,,,,,,,,,,40446-82953:Louie Belpedio,40446-82953,D,Louie,Louie Belpedio,Belpedio,3.20000004768372,2,3500,MIN@LA,MIN,LA,,,
,,,,,,,,,,,,,40446-12299:David Savard,40446-12299,D,David,David Savard,Savard,5.83529393813189,17,3500,CBJ@MON,CBJ,MON,,,
,,,,,,,,,,,,,40446-15374:Scott Harrington,40446-15374,D,Scott,Scott Harrington,Harrington,5.59999974568685,6,3500,CBJ@MON,CBJ,MON,,,
,,,,,,,,,,,,,40446-68623:Teddy Blueger,40446-68623,C,Teddy,Teddy Blueger,Blueger,5.55294126622817,17,3500,PIT@NYR,PIT,NYR,,,
,,,,,,,,,,,,,40446-66581:Brendan Guhle,40446-66581,D,Brendan,Brendan Guhle,Guhle,7.77142878941127,7,3500,DET@ANH,ANH,DET,,,
,,,,,,,,,,,,,40446-103445:Vladislav Gavrikov,40446-103445,D,Vladislav,Vladislav Gavrikov,Gavrikov,4.19999980926514,16,3500,CBJ@MON,CBJ,MON,,,
,,,,,,,,,,,,,40446-68630:Nick Seeler,40446-68630,D,Nick,Nick Seeler,Seeler,3.20000004768372,4,3500,MIN@LA,MIN,LA,,,
,,,,,,,,,,,,,40446-11295:Steven Kampfer,40446-11295,D,Steven,Steven Kampfer,Kampfer,4,2,3500,FLA@BOS,BOS,FLA,,,
,,,,,,,,,,,,,40446-43041:Josh Brown,40446-43041,D,Josh,Josh Brown,Brown,3.48571423121861,14,3500,FLA@BOS,FLA,BOS,,,
,,,,,,,,,,,,,40446-8226:Jay Bouwmeester,40446-8226,D,Jay,Jay Bouwmeester,Bouwmeester,5.11111111111111,18,3500,ARI@STL,STL,ARI,,,
,,,,,,,,,,,,,40446-39972:Kurtis MacDermid,40446-39972,D,Kurtis,Kurtis MacDermid,MacDermid,6.48888905843099,9,3500,MIN@LA,LA,MIN,,,
,,,,,,,,,,,,,40446-15398:Brandon Manning,40446-15398,D,Brandon,Brandon Manning,Manning,4.30000019073486,8,3500,EDM@SJ,EDM,SJ,,,
,,,,,,,,,,,,,40446-66598:Jakub Zboril,40446-66598,D,Jakub,Jakub Zboril,Zboril,0.800000011920929,2,3500,FLA@BOS,BOS,FLA,,,
,,,,,,,,,,,,,40446-68646:Brandon Tanev,40446-68646,W,Brandon,Brandon Tanev,Tanev,7.88235294117647,17,3500,PIT@NYR,PIT,NYR,,,
,,,,,,,,,,,,,40446-68649:Rob O'Gara,40446-68649,D,Rob,Rob O'Gara,O'Gara,0,0,3500,ARI@STL,STL,ARI,,,
,,,,,,,,,,,,,40446-15401:Kevan Miller,40446-15401,D,Kevan,Kevan Miller,Miller,5.98974374624399,39,3500,FLA@BOS,BOS,FLA,O,Kneecap,
,,,,,,,,,,,,,40446-68655:Matt Grzelcyk,40446-68655,D,Matt,Matt Grzelcyk,Grzelcyk,5.20588235294118,17,3500,FLA@BOS,BOS,FLA,,,
,,,,,,,,,,,,,40446-66608:Jeremy Lauzon,40446-66608,D,Jeremy,Jeremy Lauzon,Lauzon,3.34999990463257,16,3500,FLA@BOS,BOS,FLA,,,
,,,,,,,,,,,,,40446-79924:Carson Soucy,40446-79924,D,Carson,Carson Soucy,Soucy,2.97142846243722,14,3500,MIN@LA,MIN,LA,,,
,,,,,,,,,,,,,40446-66615:Kyle Capobianco,40446-66615,D,Kyle,Kyle Capobianco,Capobianco,5.14285714285714,7,3500,ARI@STL,ARI,STL,,,
,,,,,,,,,,,,,40446-81983:Robert Thomas,40446-81983,W,Robert,Robert Thomas,Thomas,5.35384603647085,13,3500,ARI@STL,STL,ARI,,,
,,,,,,,,,,,,,40446-8264:Dustin Byfuglien,40446-8264,D,Dustin,Dustin Byfuglien,Byfuglien,12.7999994187128,42,3500,COL@WPG,WPG,COL,O,Suspension,
,,,,,,,,,,,,,40446-66636:Caleb Jones,40446-66636,D,Caleb,Caleb Jones,Jones,6.75882361916935,17,3500,EDM@SJ,EDM,SJ,,,
,,,,,,,,,,,,,40446-8270:Niklas Hjalmarsson,40446-8270,D,Niklas,Niklas Hjalmarsson,Hjalmarsson,6.19999980926514,4,3500,ARI@STL,ARI,STL,IR,Lower leg,
,,,,,,,,,,,,,40446-13406:Brenden Dillon,40446-13406,D,Brenden,Brenden Dillon,Dillon,4.37777794731988,18,3500,EDM@SJ,SJ,EDM,,,
,,,,,,,,,,,,,40446-66656:Mike Reilly,40446-66656,D,Mike,Mike Reilly,Reilly,5.40000009536743,8,3500,CBJ@MON,MON,CBJ,,,
,,,,,,,,,,,,,40446-9330:Yannick Weber,40446-9330,D,Yannick,Yannick Weber,Weber,2.13333336512248,12,3500,NSH@VAN,NSH,VAN,,,
,,,,,,,,,,,,,40446-43122:Ryan Graves,40446-43122,D,Ryan,Ryan Graves,Graves,9.32499980926514,16,3500,COL@WPG,COL,WPG,,,
,,,,,,,,,,,,,40446-43123:Trevor Carrick,40446-43123,D,Trevor,Trevor Carrick,Carrick,0.533333341280619,3,3500,EDM@SJ,SJ,EDM,,,
,,,,,,,,,,,,,40446-11387:Matt Irwin,40446-11387,D,Matt,Matt Irwin,Irwin,3.88571439470564,7,3500,NSH@VAN,NSH,VAN,,,
,,,,,,,,,,,,,40446-43133:Luke Glendening,40446-43133,W,Luke,Luke Glendening,Glendening,7.68000030517578,10,3500,DET@ANH,DET,ANH,IR,Wrist,
,,,,,,,,,,,,,40446-43140:Barclay Goodrow,40446-43140,W,Barclay,Barclay Goodrow,Goodrow,7.57777743869358,18,3500,EDM@SJ,SJ,EDM,,,
,,,,,,,,,,,,,40446-8327:Trevor Daley,40446-8327,D,Trevor,Trevor Daley,Daley,2.90909090909091,11,3500,DET@ANH,DET,ANH,IR,Undisclosed,
,,,,,,,,,,,,,40446-21649:Zach Trotman,40446-21649,D,Zach,Zach Trotman,Trotman,4.83846165583684,13,3500,PIT@NYR,PIT,NYR,,,
,,,,,,,,,,,,,40446-21650:Xavier Ouellet,40446-21650,D,Xavier,Xavier Ouellet,Ouellet,6.48421036569696,19,3500,CBJ@MON,MON,CBJ,,,
,,,,,,,,,,,,,40446-116883:Matt Abt,40446-116883,D,Matt,Matt Abt,Abt,0,0,3500,PIT@NYR,PIT,NYR,,,
,,,,,,,,,,,,,40446-116885:John Marino,40446-116885,D,John,John Marino,Marino,5.92000020345052,15,3500,PIT@NYR,PIT,NYR,,,
,,,,,,,,,,,,,40446-116884:Michael Kim,40446-116884,D,Michael,Michael Kim,Kim,0,0,3500,PIT@NYR,PIT,NYR,,,
,,,,,,,,,,,,,40446-66712:Noah Juulsen,40446-66712,D,Noah,Noah Juulsen,Juulsen,6.74285743350074,21,3500,CBJ@MON,MON,CBJ,,,
,,,,,,,,,,,,,40446-82076:Jacob MacDonald,40446-82076,D,Jacob,Jacob MacDonald,MacDonald,7.59999990463257,2,3500,COL@WPG,COL,WPG,,,
,,,,,,,,,,,,,40446-8350:Jonathan Ericsson,40446-8350,D,Jonathan,Jonathan Ericsson,Ericsson,4.1999998826247,52,3500,DET@ANH,DET,ANH,,,
,,,,,,,,,,,,,40446-12447:Erik Gudbranson,40446-12447,D,Erik,Erik Gudbranson,Gudbranson,4.17142868041992,14,3500,DET@ANH,ANH,DET,,,
,,,,,,,,,,,,,40446-61602:Ashton Sautner,40446-61602,D,Ashton,Ashton Sautner,Sautner,1.60000002384186,1,3500,NSH@VAN,VAN,NSH,,,
,,,,,,,,,,,,,40446-80036:Oscar Fantenberg,40446-80036,D,Oscar,Oscar Fantenberg,Fantenberg,4.43278678518827,61,3500,NSH@VAN,VAN,NSH,,,
,,,,,,,,,,,,,40446-21687:Greg Pateryn,40446-21687,D,Greg,Greg Pateryn,Pateryn,5.10999984741211,80,3500,MIN@LA,MIN,LA,IR,Groin,
,,,,,,,,,,,,,40446-21688:Cameron Schilling,40446-21688,D,Cameron,Cameron Schilling,Schilling,4.80000019073486,4,3500,COL@WPG,WPG,COL,,,
,,,,,,,,,,,,,40446-21690:Chris Wideman,40446-21690,D,Chris,Chris Wideman,Wideman,5.97200012207031,25,3500,DET@ANH,ANH,DET,,,
,,,,,,,,,,,,,40446-43207:Jake Dotchin,40446-43207,D,Jake,Jake Dotchin,Dotchin,2.33999996185303,20,3500,ARI@STL,STL,ARI,,,
,,,,,,,,,,,,,40446-54475:Christian Folin,40446-54475,D,Christian,Christian Folin,Folin,5.12000007629395,5,3500,CBJ@MON,MON,CBJ,,,
,,,,,,,,,,,,,40446-8410:Jack Johnson,40446-8410,D,Jack,Jack Johnson,Johnson,3.59999990463257,16,3500,PIT@NYR,PIT,NYR,,,
,,,,,,,,,,,,,40446-14564:Adam Larsson,40446-14564,D,Adam,Adam Larsson,Larsson,8,1,3500,EDM@SJ,EDM,SJ,IR,Lower leg,
,,,,,,,,,,,,,40446-21732:Anthony Bitetto,40446-21732,D,Anthony,Anthony Bitetto,Bitetto,4.7999997820173,14,3500,COL@WPG,WPG,COL,,,
,,,,,,,,,,,,,40446-66798:Guillaume Brisebois,40446-66798,D,Guillaume,Guillaume Brisebois,Brisebois,2.40000009536743,8,3500,NSH@VAN,VAN,NSH,,,
,,,,,,,,,,,,,40446-73981:Denis Malgin,40446-73981,C,Denis,Denis Malgin,Malgin,9.60666707356771,15,3500,FLA@BOS,FLA,BOS,,,
,,,,,,,,,,,,,40446-82177:Connor Clifton,40446-82177,D,Connor,Connor Clifton,Clifton,4,15,3500,FLA@BOS,BOS,FLA,,,
,,,,,,,,,,,,,40446-73987:Riley Stillman,40446-73987,D,Riley,Riley Stillman,Stillman,5.86666679382324,3,3500,FLA@BOS,FLA,BOS,,,
,,,,,,,,,,,,,40446-82189:Conor Timmins,40446-82189,D,Conor,Conor Timmins,Timmins,0.800000011920929,2,3500,COL@WPG,COL,WPG,,,
,,,,,,,,,,,,,40446-8468:Dan Hamhuis,40446-8468,D,Dan,Dan Hamhuis,Hamhuis,2.56000010172526,15,3500,NSH@VAN,NSH,VAN,,,
,,,,,,,,,,,,,40446-117017:Jack Sadek,40446-117017,D,Jack,Jack Sadek,Sadek,0,0,3500,MIN@LA,MIN,LA,,,
,,,,,,,,,,,,,40446-117016:Nicholas Boka,40446-117016,D,Nicholas,Nicholas Boka,Boka,0,0,3500,MIN@LA,MIN,LA,,,
,,,,,,,,,,,,,40446-117020:Alex Breton,40446-117020,D,Alex,Alex Breton,Breton,0,0,3500,MIN@LA,MIN,LA,,,
,,,,,,,,,,,,,40446-117031:Alec McCrea,40446-117031,D,Alec,Alec McCrea,McCrea,0,0,3500,DET@ANH,DET,ANH,,,
,,,,,,,,,,,,,40446-117032:Charle-Edouard D'Astous,40446-117032,D,Charle-Edouard,Charle-Edouard D'Astous,D'Astous,0,0,3500,DET@ANH,DET,ANH,,,
,,,,,,,,,,,,,40446-117038:Matthew Robertson,40446-117038,D,Matthew,Matthew Robertson,Robertson,0,0,3500,PIT@NYR,NYR,PIT,,,
,,,,,,,,,,,,,40446-8497:Frans Nielsen,40446-8497,C,Frans,Frans Nielsen,Nielsen,3.2,15,3500,DET@ANH,DET,ANH,,,
,,,,,,,,,,,,,40446-12601:Dalton Prout,40446-12601,D,Dalton,Dalton Prout,Prout,3.20000004768372,1,3500,EDM@SJ,SJ,EDM,,,
,,,,,,,,,,,,,40446-117054:Cooper Zech,40446-117054,D,Cooper,Cooper Zech,Zech,0,0,3500,FLA@BOS,BOS,FLA,,,
,,,,,,,,,,,,,40446-103753:Mikey Anderson,40446-103753,D,Mikey,Mikey Anderson,Anderson,0,0,3500,MIN@LA,LA,MIN,,,
,,,,,,,,,,,,,40446-117066:Sasha Larocque,40446-117066,D,Sasha,Sasha Larocque,Larocque,0,0,3500,COL@WPG,COL,WPG,,,
,,,,,,,,,,,,,40446-117069:Peter Tischke,40446-117069,D,Peter,Peter Tischke,Tischke,0,0,3500,COL@WPG,COL,WPG,,,
,,,,,,,,,,,,,40446-8528:Marc Staal,40446-8528,D,Marc,Marc Staal,Staal,7.05454531582919,11,3500,PIT@NYR,NYR,PIT,O,Infection,
,,,,,,,,,,,,,40446-39264:Derek Forbort,40446-39264,D,Derek,Derek Forbort,Forbort,5.7086418999566,81,3500,MIN@LA,LA,MIN,O,Back,
,,,,,,,,,,,,,40446-117095:Max Gottlieb,40446-117095,D,Max,Max Gottlieb,Gottlieb,0,0,3500,MIN@LA,LA,MIN,,,
,,,,,,,,,,,,,40446-117101:Arvin Atwal,40446-117101,D,Arvin,Arvin Atwal,Atwal,0,0,3500,NSH@VAN,NSH,VAN,,,
,,,,,,,,,,,,,40446-74109:Keaton Middleton,40446-74109,D,Keaton,Keaton Middleton,Middleton,0,0,3500,EDM@SJ,SJ,EDM,,,
,,,,,,,,,,,,,40446-62858:Dean Kukan,40446-62858,D,Dean,Dean Kukan,Kukan,4.97777769300673,9,3500,CBJ@MON,CBJ,MON,,,
,,,,,,,,,,,,,40446-84363:Juuso Riikola,40446-84363,D,Juuso,Juuso Riikola,Riikola,5.33333333333333,6,3500,PIT@NYR,PIT,NYR,,,
,,,,,,,,,,,,,40446-84362:Joel Persson,40446-84362,D,Joel,Joel Persson,Persson,4.95999984741211,10,3500,EDM@SJ,EDM,SJ,,,
,,,,,,,,,,,,,40446-39309:Chad Ruhwedel,40446-39309,D,Chad,Chad Ruhwedel,Ruhwedel,4.48888905843099,18,3500,PIT@NYR,PIT,NYR,,,
,,,,,,,,,,,,,40446-74127:Matt Benning,40446-74127,D,Matt,Matt Benning,Benning,4.63157894736842,19,3500,EDM@SJ,EDM,SJ,,,
,,,,,,,,,,,,,40446-61860:Ben Hutton,40446-61860,D,Ben,Ben Hutton,Hutton,7.01176452636719,17,3500,MIN@LA,LA,MIN,,,
,,,,,,,,,,,,,40446-74148:Libor Hajek,40446-74148,D,Libor,Libor Hajek,Hajek,5.54666646321615,15,3500,PIT@NYR,NYR,PIT,,,
,,,,,,,,,,,,,40446-12715:Brian Lashoff,40446-12715,D,Brian,Brian Lashoff,Lashoff,4.40000009536743,4,3500,DET@ANH,DET,ANH,,,
,,,,,,,,,,,,,40446-84404:Ilya Lyubushkin,40446-84404,D,Ilya,Ilya Lyubushkin,Lyubushkin,4.44444444444444,9,3500,ARI@STL,ARI,STL,,,
,,,,,,,,,,,,,40446-84407:Alexandre Texier,40446-84407,W,Alexandre,Alexandre Texier,Texier,5.20769207294171,13,3500,CBJ@MON,CBJ,MON,,,
,,,,,,,,,,,,,40446-117184:Zack Hayes,40446-117184,D,Zack,Zack Hayes,Hayes,0,0,3500,DET@ANH,ANH,DET,,,
,,,,,,,,,,,,,40446-117187:Steven Ruggiero,40446-117187,D,Steven,Steven Ruggiero,Ruggiero,0,0,3500,DET@ANH,ANH,DET,,,
,,,,,,,,,,,,,40446-117186:Conor Riley,40446-117186,D,Conor,Conor Riley,Riley,0,0,3500,DET@ANH,ANH,DET,,,
,,,,,,,,,,,,,40446-13767:Aaron Ness,40446-13767,D,Aaron,Aaron Ness,Ness,3.20000004768372,8,3500,ARI@STL,ARI,STL,,,
,,,,,,,,,,,,,40446-12744:Mark Pysyk,40446-12744,D,Mark,Mark Pysyk,Pysyk,4.29090916026722,11,3500,FLA@BOS,FLA,BOS,,,
,,,,,,,,,,,,,40446-12756:Dylan McIlrath,40446-12756,D,Dylan,Dylan McIlrath,McIlrath,1.60000006357829,3,3500,DET@ANH,DET,ANH,,,
,,,,,,,,,,,,,40446-70117:Steven Santini,40446-70117,D,Steven,Steven Santini,Santini,4.36923061273037,39,3500,NSH@VAN,NSH,VAN,,,
,,,,,,,,,,,,,40446-80379:Sami Niku,40446-80379,D,Sami,Sami Niku,Niku,6.40000009536743,1,3500,COL@WPG,WPG,COL,,,
,,,,,,,,,,,,,40446-103936:Mario Ferraro,40446-103936,D,Mario,Mario Ferraro,Ferraro,3.78823538387523,17,3500,EDM@SJ,SJ,EDM,O,Undisclosed,
,,,,,,,,,,,,,40446-117248:Jon Lizotte,40446-117248,D,Jon,Jon Lizotte,Lizotte,0,0,3500,PIT@NYR,PIT,NYR,,,
,,,,,,,,,,,,,40446-58883:Robby Fabbri,40446-58883,W,Robby,Robby Fabbri,Fabbri,5.83636335893111,11,3500,DET@ANH,DET,ANH,,,
,,,,,,,,,,,,,40446-103940:Adam Fox,40446-103940,D,Adam,Adam Fox,Fox,8.17333323160807,15,3500,PIT@NYR,NYR,PIT,,,
,,,,,,,,,,,,,40446-80398:Calle Rosen,40446-80398,D,Calle,Calle Rosen,Rosen,5.80000019073486,4,3500,COL@WPG,COL,WPG,,,
,,,,,,,,,,,,,40446-23060:Tim Heed,40446-23060,D,Tim,Tim Heed,Heed,2.66666666666667,12,3500,EDM@SJ,SJ,EDM,,,
,,,,,,,,,,,,,40446-117268:Yegor Rykov,40446-117268,D,Yegor,Yegor Rykov,Rykov,0,0,3500,PIT@NYR,NYR,PIT,,,
,,,,,,,,,,,,,40446-8731:Karl Alzner,40446-8731,D,Karl,Karl Alzner,Alzner,4.08888880411784,9,3500,CBJ@MON,MON,CBJ,,,
,,,,,,,,,,,,,40446-70170:Carl Dahlstrom,40446-70170,D,Carl,Carl Dahlstrom,Dahlstrom,2.56000003814697,10,3500,COL@WPG,WPG,COL,,,
,,,,,,,,,,,,,40446-58908:Nelson Nogier,40446-58908,D,Nelson,Nelson Nogier,Nogier,3.20000004768372,1,3500,COL@WPG,WPG,COL,,,
,,,,,,,,,,,,,40446-23069:Adam Clendening,40446-23069,D,Adam,Adam Clendening,Clendening,2.40000009536743,4,3500,CBJ@MON,CBJ,MON,,,
,,,,,,,,,,,,,40446-96800:Urho Vaakanainen,40446-96800,D,Urho,Urho Vaakanainen,Vaakanainen,1.60000002384186,2,3500,FLA@BOS,BOS,FLA,,,
,,,,,,,,,,,,,40446-8764:Carl Gunnarsson,40446-8764,D,Carl,Carl Gunnarsson,Gunnarsson,6.50909077037464,11,3500,ARI@STL,STL,ARI,,,
,,,,,,,,,,,,,40446-80444:Radim Simek,40446-80444,D,Radim,Radim Simek,Simek,12.533332824707,3,3500,EDM@SJ,SJ,EDM,,,
,,,,,,,,,,,,,40446-70225:Gabriel Carlsson,40446-70225,D,Gabriel,Gabriel Carlsson,Carlsson,1.60000002384186,1,3500,CBJ@MON,CBJ,MON,,,
,,,,,,,,,,,,,40446-113273:Tobias Bjornfot,40446-113273,D,Tobias,Tobias Bjornfot,Bjornfot,0,3,3500,MIN@LA,LA,MIN,,,
,,,,,,,,,,,,,40446-8829:Nate Thompson,40446-8829,C,Nate,Nate Thompson,Thompson,7.12941158519072,17,3500,CBJ@MON,MON,CBJ,,,
,,,,,,,,,,,,,40446-113288:Ville Heinola,40446-113288,D,Ville,Ville Heinola,Heinola,8.5625,8,3500,COL@WPG,WPG,COL,,,
,,,,,,,,,,,,,40446-8847:Robert Bortuzzo,40446-8847,D,Robert,Robert Bortuzzo,Bortuzzo,2.51428576878139,7,3500,ARI@STL,STL,ARI,,,
,,,,,,,,,,,,,40446-8860:John Moore,40446-8860,D,John,John Moore,Moore,6.52950799660605,61,3500,FLA@BOS,BOS,FLA,O,Shoulder,
,,,,,,,,,,,,,40446-103079:Brady Keeper,40446-103079,D,Brady,Brady Keeper,Keeper,3.20000004768372,1,3500,FLA@BOS,FLA,BOS,,,
,,,,,,,,,,,,,40446-70325:Paul LaDue,40446-70325,D,Paul,Paul LaDue,LaDue,4.26666675914418,33,3500,MIN@LA,LA,MIN,,,
,,,,,,,,,,,,,40446-62158:Joakim Ryan,40446-62158,D,Joakim,Joakim Ryan,Ryan,4.79999987284343,6,3500,MIN@LA,LA,MIN,,,
,,,,,,,,,,,,,40446-42705:Colton Sissons,40446-42705,W,Colton,Colton Sissons,Sissons,9.48235276166131,17,3500,NSH@VAN,NSH,VAN,,,
,,,,,,,,,,,,,40446-108240:Tarmo Reunanen,40446-108240,D,Tarmo,Tarmo Reunanen,Reunanen,0,0,3500,PIT@NYR,NYR,PIT,,,
,,,,,,,,,,,,,40446-104175:Otto Leskinen,40446-104175,D,Otto,Otto Leskinen,Leskinen,0,0,3500,CBJ@MON,MON,CBJ,,,
,,,,,,,,,,,,,40446-23286:Ryan Murray,40446-23286,D,Ryan,Ryan Murray,Murray,9.2,10,3500,CBJ@MON,CBJ,MON,,,
,,,,,,,,,,,,,40446-8966:Trevor Lewis,40446-8966,W,Trevor,Trevor Lewis,Lewis,5.05000019073486,16,3500,MIN@LA,LA,MIN,IR,Lower body,
,,,,,,,,,,,,,40446-59142:Michael Amadio,40446-59142,C,Michael,Michael Amadio,Amadio,7.97999979654948,15,3500,MIN@LA,LA,MIN,,,
,,,,,,,,,,,,,40446-70416:Markus Nutivaara,40446-70416,D,Markus,Markus Nutivaara,Nutivaara,6.4,10,3500,CBJ@MON,CBJ,MON,IR,Upper body,
,,,,,,,,,,,,,40446-12094:Kevin Connauton,40446-12094,D,Kevin,Kevin Connauton,Connauton,6.24,50,3500,COL@WPG,COL,WPG,,,
,,,,,,,,,,,,,40446-82755:Ryan Lindgren,40446-82755,D,Ryan,Ryan Lindgren,Lindgren,6.55999984741211,5,3500,PIT@NYR,NYR,PIT,,,
,,,,,,,,,,,,,40446-62277:Mike Matheson,40446-62277,D,Mike,Mike Matheson,Matheson,6.04166666666667,12,3500,FLA@BOS,FLA,BOS,,,
,,,,,,,,,,,,,40446-104277:Niclas Almari,40446-104277,D,Niclas,Niclas Almari,Almari,0,0,3500,PIT@NYR,PIT,NYR,,,
,,,,,,,,,,,,,40446-12120:Matt Bartkowski,40446-12120,D,Matt,Matt Bartkowski,Bartkowski,8.39999961853027,2,3500,MIN@LA,MIN,LA,,,
,,,,,,,,,,,,,40446-42842:Madison Bowey,40446-42842,D,Madison,Madison Bowey,Bowey,6.11428560529436,14,3500,DET@ANH,DET,ANH,,,
,,,,,,,,,,,,,40446-54110:Gustav Olofsson,40446-54110,D,Gustav,Gustav Olofsson,Olofsson,0,0,3500,CBJ@MON,MON,CBJ,,,
,,,,,,,,,,,,,40446-97120:Cale Fleury,40446-97120,D,Cale,Cale Fleury,Fleury,3.73333326975505,12,3500,CBJ@MON,MON,CBJ,,,
,,,,,,,,,,,,,40446-59239:Joe Hicketts,40446-59239,D,Joe,Joe Hicketts,Hicketts,7.19999980926514,4,3500,DET@ANH,DET,ANH,,,
,,,,,,,,,,,,,40446-97129:Evan Bouchard,40446-97129,D,Evan,Evan Bouchard,Bouchard,5.89999989100865,7,3500,EDM@SJ,EDM,SJ,,,
,,,,,,,,,,,,,40446-9066:Luca Sbisa,40446-9066,D,Luca,Luca Sbisa,Sbisa,2.93333339691162,6,3500,COL@WPG,WPG,COL,,,
,,,,,,,,,,,,,40446-42863:Derrick Pouliot,40446-42863,D,Derrick,Derrick Pouliot,Pouliot,5.07903215962072,62,3500,ARI@STL,STL,ARI,,,
,,,,,,,,,,,,,40446-11148:Paul Byron,40446-11148,W,Paul,Paul Byron,Byron,4.18823511460248,17,3500,CBJ@MON,MON,CBJ,,,
,,,,,,,,,,,,,40446-15247:Victor Rask,40446-15247,C,Victor,Victor Rask,Rask,3.70000004768372,8,3500,MIN@LA,MIN,LA,,,
,,,,,,,,,,,,,40446-82851:Jordan Greenway,40446-82851,W,Jordan,Jordan Greenway,Greenway,5.36666666666667,15,3500,MIN@LA,MIN,LA,,,
,,,,,,,,,,,,,40446-70565:Jacob Larsson,40446-70565,D,Jacob,Jacob Larsson,Larsson,4.28235312069164,17,3500,DET@ANH,ANH,DET,,,
,,,,,,,,,,,,,40446-70582:Anton Lindholm,40446-70582,D,Anton,Anton Lindholm,Lindholm,0.800000011920929,2,3500,COL@WPG,COL,WPG,,,
,,,,,,,,,,,,,40446-15302:Nathan Beaulieu,40446-15302,D,Nathan,Nathan Beaulieu,Beaulieu,0.533333341280619,3,3500,COL@WPG,WPG,COL,,,
,,,,,,,,,,,,,40446-42962:Brett Kulak,40446-42962,D,Brett,Brett Kulak,Kulak,4.80000008477105,9,3500,CBJ@MON,MON,CBJ,,,
,,,,,,,,,,,,,40446-12249:Alex Biega,40446-12249,D,Alex,Alex Biega,Biega,3.84000015258789,5,3500,DET@ANH,DET,ANH,,,
,,,,,,,,,,,,,40446-12259:Brendan Smith,40446-12259,D,Brendan,Brendan Smith,Smith,5.22666676839193,15,3500,PIT@NYR,NYR,PIT,,,
,,,,,,,,,,,,,40446-12265:Mark Barberio,40446-12265,D,Mark,Mark Barberio,Barberio,4.79999987284343,6,3500,COL@WPG,COL,WPG,,,
,,,,,,,,,,,,,40446-12266:Korbinian Holzer,40446-12266,D,Korbinian,Korbinian Holzer,Holzer,5.89333343505859,15,3500,DET@ANH,ANH,DET,,,
,,,,,,,,,,,,,40446-82927:Daniel Brickley,40446-82927,D,Daniel,Daniel Brickley,Brickley,4.40000009536743,4,3500,MIN@LA,LA,MIN,,,
,,,,,,,,,,,,,40446-11254:Ian Cole,40446-11254,D,Ian,Ian Cole,Cole,7.86666679382324,12,3500,COL@WPG,COL,WPG,,,
,,,,,,,,,,,,,40446-79865:Matt Roy,40446-79865,D,Matt,Matt Roy,Roy,6.91764696906595,17,3500,MIN@LA,LA,MIN,,,
,,,,,,,,,,,,,40446-82973:Karson Kuhlman,40446-82973,W,Karson,Karson Kuhlman,Kuhlman,3.20000004768372,8,3400,FLA@BOS,BOS,FLA,IR,Leg,
,,,,,,,,,,,,,40446-68648:Sean Kuraly,40446-68648,C,Sean,Sean Kuraly,Kuraly,5.31764714858111,17,3400,FLA@BOS,BOS,FLA,,,
,,,,,,,,,,,,,40446-82006:Nick Suzuki,40446-82006,C,Nick,Nick Suzuki,Suzuki,6.28823538387523,17,3400,CBJ@MON,MON,CBJ,,,
,,,,,,,,,,,,,40446-8340:Darren Helm,40446-8340,W,Darren,Darren Helm,Helm,6.48421036569696,19,3400,DET@ANH,DET,ANH,,,
,,,,,,,,,,,,,40446-66791:Carter Rowney,40446-66791,W,Carter,Carter Rowney,Rowney,5.44444444444444,18,3400,DET@ANH,ANH,DET,,,
,,,,,,,,,,,,,40446-62723:Ondrej Kase,40446-62723,W,Ondrej,Ondrej Kase,Kase,7.07692307692308,13,3400,DET@ANH,ANH,DET,,,
,,,,,,,,,,,,,40446-8746:Matt Calvert,40446-8746,W,Matt,Matt Calvert,Calvert,8.87058841480928,17,3400,COL@WPG,COL,WPG,,,
,,,,,,,,,,,,,40446-80481:Anders Bjork,40446-80481,W,Anders,Anders Bjork,Bjork,6.93333350287543,9,3400,FLA@BOS,BOS,FLA,,,
,,,,,,,,,,,,,40446-54951:Pierre-Edouard Bellemare,40446-54951,C,Pierre-Edouard,Pierre-Edouard Bellemare,Bellemare,6.75294135598575,17,3400,COL@WPG,COL,WPG,O,Concussion,
,,,,,,,,,,,,,40446-103276:Blake Lizotte,40446-103276,C,Blake,Blake Lizotte,Lizotte,5.34705891328699,17,3400,MIN@LA,LA,MIN,,,
,,,,,,,,,,,,,40446-11150:Marcus Foligno,40446-11150,W,Marcus,Marcus Foligno,Foligno,6.80000019073486,16,3400,MIN@LA,MIN,LA,O,Lower body,
,,,,,,,,,,,,,40446-70552:Marcus Sorensen,40446-70552,W,Marcus,Marcus Sorensen,Sorensen,6.02666676839193,15,3400,EDM@SJ,SJ,EDM,,,
,,,,,,,,,,,,,40446-15346:Adam Lowry,40446-15346,C,Adam,Adam Lowry,Lowry,4.15000009536743,16,3400,COL@WPG,WPG,COL,,,
,,,,,,,,,,,,,40446-9305:Mathieu Perreault,40446-9305,W,Mathieu,Mathieu Perreault,Perreault,6.87222205268012,18,3300,COL@WPG,WPG,COL,,,
,,,,,,,,,,,,,40446-70913:Luke Kunin,40446-70913,C,Luke,Luke Kunin,Kunin,8.85000038146973,16,3300,MIN@LA,MIN,LA,,,
,,,,,,,,,,,,,40446-82180:Dominic Toninato,40446-82180,C,Dominic,Dominic Toninato,Toninato,6.66666666666667,3,3300,FLA@BOS,FLA,BOS,,,
,,,,,,,,,,,,,40446-8464:Colin Wilson,40446-8464,W,Colin,Colin Wilson,Wilson,6.04444461398655,9,3300,COL@WPG,COL,WPG,IR,Lower body,
,,,,,,,,,,,,,40446-13657:Derek Grant,40446-13657,C,Derek,Derek Grant,Grant,5.95555538601345,18,3300,DET@ANH,ANH,DET,,,
,,,,,,,,,,,,,40446-21895:Chris Wagner,40446-21895,W,Chris,Chris Wagner,Wagner,5.55000019073486,16,3300,FLA@BOS,BOS,FLA,,,
,,,,,,,,,,,,,40446-58880:Ivan Barbashev,40446-58880,W,Ivan,Ivan Barbashev,Barbashev,5.71111128065321,18,3300,ARI@STL,STL,ARI,,,
,,,,,,,,,,,,,40446-14151:Austin Watson,40446-14151,W,Austin,Austin Watson,Watson,7.15294108671301,17,3300,NSH@VAN,NSH,VAN,,,
,,,,,,,,,,,,,40446-97108:Barrett Hayton,40446-97108,W,Barrett,Barrett Hayton,Hayton,6.31111102634006,9,3300,ARI@STL,ARI,STL,,,
,,,,,,,,,,,,,40446-79820:Zach Aston-Reese,40446-79820,W,Zach,Zach Aston-Reese,Aston-Reese,7.59999982048483,17,3300,PIT@NYR,PIT,NYR,,,
,,,,,,,,,,,,,40446-82912:Troy Terry,40446-82912,W,Troy,Troy Terry,Terry,4.44444444444444,18,3300,DET@ANH,ANH,DET,,,
,,,,,,,,,,,,,40446-15395:Brett Ritchie,40446-15395,W,Brett,Brett Ritchie,Ritchie,5.08461526724008,13,3200,FLA@BOS,BOS,FLA,O,Upper body,
,,,,,,,,,,,,,40446-66611:Lawson Crouse,40446-66611,W,Lawson,Lawson Crouse,Crouse,4.70588235294118,17,3200,ARI@STL,ARI,STL,,,
,,,,,,,,,,,,,40446-68667:Tyler Motte,40446-68667,W,Tyler,Tyler Motte,Motte,4.26666673024495,6,3200,NSH@VAN,VAN,NSH,IR,Lower body,
,,,,,,,,,,,,,40446-82083:Lias Andersson,40446-82083,C,Lias,Lias Andersson,Andersson,2.51428576878139,14,3200,PIT@NYR,NYR,PIT,,,
,,,,,,,,,,,,,40446-8397:Brad Richardson,40446-8397,C,Brad,Brad Richardson,Richardson,4.50909077037464,11,3200,ARI@STL,ARI,STL,,,
,,,,,,,,,,,,,40446-82156:Max Comtois,40446-82156,W,Max,Max Comtois,Comtois,5.94615408090445,13,3200,DET@ANH,ANH,DET,,,
,,,,,,,,,,,,,40446-74041:Zach Sanford,40446-74041,W,Zach,Zach Sanford,Sanford,4.36923071054312,13,3200,ARI@STL,STL,ARI,,,
,,,,,,,,,,,,,40446-58685:Josh Archibald,40446-58685,W,Josh,Josh Archibald,Archibald,1.92000007629395,10,3200,EDM@SJ,EDM,SJ,,,
,,,,,,,,,,,,,40446-12625:Jordan Weal,40446-12625,W,Jordan,Jordan Weal,Weal,7.40999984741211,10,3200,CBJ@MON,MON,CBJ,,,
,,,,,,,,,,,,,40446-84348:Par Lindholm,40446-84348,W,Par,Par Lindholm,Lindholm,3.70000004768372,8,3200,FLA@BOS,BOS,FLA,,,
,,,,,,,,,,,,,40446-21921:Riley Sheahan,40446-21921,C,Riley,Riley Sheahan,Sheahan,1.48571423121861,14,3200,EDM@SJ,EDM,SJ,,,
,,,,,,,,,,,,,40446-39356:Markus Granlund,40446-39356,W,Markus,Markus Granlund,Granlund,2.70000004768372,16,3200,EDM@SJ,EDM,SJ,,,
,,,,,,,,,,,,,40446-39405:Miikka Salomaki,40446-39405,W,Miikka,Miikka Salomaki,Salomaki,4,5,3200,NSH@VAN,NSH,VAN,,,
,,,,,,,,,,,,,40446-58890:Nikolay Goldobin,40446-58890,W,Nikolay,Nikolay Goldobin,Goldobin,7.17619057307168,63,3200,NSH@VAN,VAN,NSH,,,
,,,,,,,,,,,,,40446-102997:Taro Hirose,40446-102997,W,Taro,Taro Hirose,Hirose,4.19411782657399,17,3200,DET@ANH,DET,ANH,,,
,,,,,,,,,,,,,40446-58977:Sonny Milano,40446-58977,W,Sonny,Sonny Milano,Milano,6.34666646321615,15,3200,CBJ@MON,CBJ,MON,,,
,,,,,,,,,,,,,40446-82796:Sam Lafferty,40446-82796,W,Sam,Sam Lafferty,Lafferty,10,10,3200,PIT@NYR,PIT,NYR,,,
,,,,,,,,,,,,,40446-82834:Kiefer Sherwood,40446-82834,W,Kiefer,Kiefer Sherwood,Sherwood,4.92799987792969,50,3200,DET@ANH,ANH,DET,,,
,,,,,,,,,,,,,40446-15307:Nick Cousins,40446-15307,W,Nick,Nick Cousins,Cousins,9.06363608620384,11,3200,CBJ@MON,MON,CBJ,,,
,,,,,,,,,,,,,40446-79866:Vinni Lettieri,40446-79866,W,Vinni,Vinni Lettieri,Lettieri,4.09629623978226,27,3200,PIT@NYR,NYR,PIT,,,
,,,,,,,,,,,,,40446-82949:Lukas Radil,40446-82949,W,Lukas,Lukas Radil,Radil,1.6,10,3100,EDM@SJ,SJ,EDM,,,
,,,,,,,,,,,,,40446-68645:MacKenzie MacEachern,40446-68645,W,MacKenzie,MacKenzie MacEachern,MacEachern,5.16363629427823,11,3100,ARI@STL,STL,ARI,,,
,,,,,,,,,,,,,40446-66620:Christian Fischer,40446-66620,W,Christian,Christian Fischer,Fischer,4.28235312069164,17,3100,ARI@STL,ARI,STL,,,
,,,,,,,,,,,,,40446-79965:Carl Grundstrom,40446-79965,W,Carl,Carl Grundstrom,Grundstrom,7.35999984741211,5,3100,MIN@LA,LA,MIN,,,
,,,,,,,,,,,,,40446-11401:Gabriel Bourque,40446-11401,W,Gabriel,Gabriel Bourque,Bourque,4.84999990463257,16,3100,COL@WPG,WPG,COL,IR,Lower body,
,,,,,,,,,,,,,40446-8341:Justin Abdelkader,40446-8341,W,Justin,Justin Abdelkader,Abdelkader,4,16,3100,DET@ANH,DET,ANH,O,Undisclosed,
,,,,,,,,,,,,,40446-54517:Jacob de la Rose,40446-54517,W,Jacob,Jacob de la Rose,de la Rose,4.37647067799288,17,3100,ARI@STL,STL,ARI,,,
,,,,,,,,,,,,,40446-70922:Max Jones,40446-70922,W,Max,Max Jones,Jones,4.39999989100865,14,3100,DET@ANH,ANH,DET,,,
,,,,,,,,,,,,,40446-54576:Rocco Grimaldi,40446-54576,W,Rocco,Rocco Grimaldi,Grimaldi,7.37142835344587,14,3100,NSH@VAN,NSH,VAN,,,
,,,,,,,,,,,,,40446-39242:Tim Schaller,40446-39242,W,Tim,Tim Schaller,Schaller,6.06666649712457,18,3100,NSH@VAN,VAN,NSH,,,
,,,,,,,,,,,,,40446-12672:Greg McKegg,40446-12672,C,Greg,Greg McKegg,McKegg,3.15000009536743,8,3100,PIT@NYR,NYR,PIT,,,
,,,,,,,,,,,,,40446-41392:Valeri Nichushkin,40446-41392,W,Valeri,Valeri Nichushkin,Nichushkin,3.81538449800931,13,3100,COL@WPG,COL,WPG,,,
,,,,,,,,,,,,,40446-80391:Mario Kempe,40446-80391,W,Mario,Mario Kempe,Kempe,4.36923071054312,52,3100,MIN@LA,LA,MIN,,,
,,,,,,,,,,,,,40446-54867:Melker Karlsson,40446-54867,W,Melker,Melker Karlsson,Karlsson,3.84999990463257,16,3100,EDM@SJ,SJ,EDM,,,
,,,,,,,,,,,,,40446-8810:Michael Grabner,40446-8810,W,Michael,Michael Grabner,Grabner,7.93333350287543,18,3100,ARI@STL,ARI,STL,,,
,,,,,,,,,,,,,40446-59118:Brendan Perlini,40446-59118,W,Brendan,Brendan Perlini,Perlini,3.19999994550432,7,3100,DET@ANH,DET,ANH,,,
,,,,,,,,,,,,,40446-8992:Colton Sceviour,40446-8992,W,Colton,Colton Sceviour,Sceviour,5.59999982048483,17,3100,FLA@BOS,FLA,BOS,,,
,,,,,,,,,,,,,40446-9014:Jay Beagle,40446-9014,C,Jay,Jay Beagle,Beagle,4.53333324856228,18,3100,NSH@VAN,VAN,NSH,DTD,Undisclosed,
,,,,,,,,,,,,,40446-61245:Devin Shore,40446-61245,W,Devin,Devin Shore,Shore,4.15999984741211,10,3100,DET@ANH,ANH,DET,,,
,,,,,,,,,,,,,40446-103240:Ryan Poehling,40446-103240,W,Ryan,Ryan Poehling,Poehling,2.13333336512248,3,3100,CBJ@MON,MON,CBJ,,,
,,,,,,,,,,,,,40446-82812:Ryan Donato,40446-82812,W,Ryan,Ryan Donato,Donato,3.78666661580404,15,3100,MIN@LA,MIN,LA,,,
,,,,,,,,,,,,,40446-42906:Jujhar Khaira,40446-42906,W,Jujhar,Jujhar Khaira,Khaira,2.82105255126953,19,3100,EDM@SJ,EDM,SJ,,,
,,,,,,,,,,,,,40446-82849:Adam Gaudette,40446-82849,W,Adam,Adam Gaudette,Gaudette,7.76249980926514,8,3100,NSH@VAN,VAN,NSH,,,
,,,,,,,,,,,,,40446-97206:Kristian Vesalainen,40446-97206,W,Kristian,Kristian Vesalainen,Vesalainen,2.23999996185303,5,3100,COL@WPG,WPG,COL,,,
,,,,,,,,,,,,,40446-82909:Dylan Gambrell,40446-82909,W,Dylan,Dylan Gambrell,Gambrell,4.32142857142857,14,3100,EDM@SJ,SJ,EDM,,,
,,,,,,,,,,,,,40446-15341:Ty Rattie,40446-15341,W,Ty,Ty Rattie,Rattie,5.00200012207031,50,3100,EDM@SJ,EDM,SJ,,,
,,,,,,,,,,,,,40446-68603:Dryden Hunt,40446-68603,W,Dryden,Dryden Hunt,Hunt,5.36470570283778,17,3100,FLA@BOS,FLA,BOS,,,
,,,,,,,,,,,,,40446-66561:Evgeny Svechnikov,40446-66561,W,Evgeny,Evgeny Svechnikov,Svechnikov,3.20000004768372,4,3000,DET@ANH,DET,ANH,,,
,,,,,,,,,,,,,40446-68609:Nick Lappin,40446-68609,W,Nick,Nick Lappin,Lappin,2.03636360168457,11,3000,ARI@STL,STL,ARI,,,
,,,,,,,,,,,,,40446-104448:Emil Bemstrom,40446-104448,W,Emil,Emil Bemstrom,Bemstrom,5.45294099695542,17,3000,CBJ@MON,CBJ,MON,,,
,,,,,,,,,,,,,40446-79875:Joseph Gambardella,40446-79875,W,Joseph,Joseph Gambardella,Gambardella,2.88000005086263,15,3000,EDM@SJ,EDM,SJ,,,
,,,,,,,,,,,,,40446-15363:Tomas Jurco,40446-15363,W,Tomas,Tomas Jurco,Jurco,2.66666666666667,12,3000,EDM@SJ,EDM,SJ,,,
,,,,,,,,,,,,,40446-43011:Laurent Dauphin,40446-43011,C,Laurent,Laurent Dauphin,Dauphin,4.80000019073486,1,3000,NSH@VAN,NSH,VAN,,,
,,,,,,,,,,,,,40446-37894:Jayson Megna,40446-37894,W,Jayson,Jayson Megna,Megna,1.60000002384186,4,3000,COL@WPG,COL,WPG,,,
,,,,,,,,,,,,,40446-79879:Justin Kloos,40446-79879,W,Justin,Justin Kloos,Kloos,3.20000004768372,1,3000,DET@ANH,ANH,DET,,,
,,,,,,,,,,,,,40446-8203:Drew Stafford,40446-8203,W,Drew,Drew Stafford,Stafford,4.88771940532484,57,3000,MIN@LA,MIN,LA,,,
,,,,,,,,,,,,,40446-21521:Phil Varone,40446-21521,W,Phil,Phil Varone,Varone,3.25106389471825,47,3000,CBJ@MON,MON,CBJ,,,
,,,,,,,,,,,,,40446-68634:Boo Nieves,40446-68634,C,Boo,Boo Nieves,Nieves,4.167441789494,43,3000,PIT@NYR,NYR,PIT,,,
,,,,,,,,,,,,,40446-68639:Steven Fogarty,40446-68639,W,Steven,Steven Fogarty,Fogarty,1.92000007629395,10,3000,PIT@NYR,NYR,PIT,,,
,,,,,,,,,,,,,40446-104485:Kasper Bjorkqvist,40446-104485,W,Kasper,Kasper Bjorkqvist,Bjorkqvist,0,0,3000,PIT@NYR,PIT,NYR,,,
,,,,,,,,,,,,,40446-66605:Zach Senyshyn,40446-66605,W,Zach,Zach Senyshyn,Senyshyn,6.40000025431315,3,3000,FLA@BOS,BOS,FLA,,,
,,,,,,,,,,,,,40446-66617:Michael Bunting,40446-66617,W,Michael,Michael Bunting,Bunting,4.32000007629395,5,3000,ARI@STL,ARI,STL,,,
,,,,,,,,,,,,,40446-81981:Klim Kostin,40446-81981,W,Klim,Klim Kostin,Kostin,0,0,3000,ARI@STL,STL,ARI,,,
,,,,,,,,,,,,,40446-79938:Christoffer Ehn,40446-79938,C,Christoffer,Christoffer Ehn,Ehn,1.73333326975505,12,3000,DET@ANH,DET,ANH,,,
,,,,,,,,,,,,,40446-66629:Kole Sherwood,40446-66629,W,Kole,Kole Sherwood,Sherwood,3.73333326975505,3,3000,CBJ@MON,CBJ,MON,,,
,,,,,,,,,,,,,40446-8263:Marian Hossa,40446-8263,W,Marian,Marian Hossa,Hossa,0,0,3000,ARI@STL,ARI,STL,O,Illness,
,,,,,,,,,,,,,40446-9293:Troy Brouwer,40446-9293,W,Troy,Troy Brouwer,Brouwer,5.55199991861979,75,3000,ARI@STL,STL,ARI,,,
,,,,,,,,,,,,,40446-66642:Austin Wagner,40446-66642,W,Austin,Austin Wagner,Wagner,6.27692295954778,13,3000,MIN@LA,LA,MIN,,,
,,,,,,,,,,,,,40446-82026:Jaret Anderson-Dolan,40446-82026,C,Jaret,Jaret Anderson-Dolan,Anderson-Dolan,4.15999984741211,5,3000,MIN@LA,LA,MIN,,,
,,,,,,,,,,,,,40446-9325:Patrick Eaves,40446-9325,W,Patrick,Patrick Eaves,Eaves,1.59999997275216,7,3000,DET@ANH,ANH,DET,O,Undisclosed,
,,,,,,,,,,,,,40446-66675:Daniel Sprong,40446-66675,W,Daniel,Daniel Sprong,Sprong,7.37936498248388,63,3000,DET@ANH,ANH,DET,,,
,,,,,,,,,,,,,40446-43132:Martin Frk,40446-43132,W,Martin,Martin Frk,Frk,3.45666656494141,30,3000,MIN@LA,LA,MIN,,,
,,,,,,,,,,,,,40446-82049:Owen Tippett,40446-82049,W,Owen,Owen Tippett,Tippett,0,0,3000,FLA@BOS,FLA,BOS,,,
,,,,,,,,,,,,,40446-8322:Loui Eriksson,40446-8322,W,Loui,Loui Eriksson,Eriksson,2.40000009536743,8,3000,NSH@VAN,VAN,NSH,,,
,,,,,,,,,,,,,40446-82051:Michael Rasmussen,40446-82051,W,Michael,Michael Rasmussen,Rasmussen,5.50322600333921,62,3000,DET@ANH,DET,ANH,,,
,,,,,,,,,,,,,40446-104581:Joakim Nygard,40446-104581,W,Joakim,Joakim Nygard,Nygard,4.93333339691162,6,3000,EDM@SJ,EDM,SJ,,,
,,,,,,,,,,,,,40446-14480:Nicolas Deslauriers,40446-14480,W,Nicolas,Nicolas Deslauriers,Deslauriers,2.74285725184849,7,3000,DET@ANH,ANH,DET,,,
,,,,,,,,,,,,,40446-12438:Riley Nash,40446-12438,W,Riley,Riley Nash,Nash,5.07499980926514,16,3000,CBJ@MON,CBJ,MON,,,
,,,,,,,,,,,,,40446-116887:Sam Poulin,40446-116887,W,Sam,Sam Poulin,Poulin,0,0,3000,PIT@NYR,PIT,NYR,,,
,,,,,,,,,,,,,40446-116886:Nathan Legare,40446-116886,W,Nathan,Nathan Legare,Legare,0,0,3000,PIT@NYR,PIT,NYR,,,
,,,,,,,,,,,,,40446-8356:Sam Gagner,40446-8356,W,Sam,Sam Gagner,Gagner,4.57142857142857,7,3000,EDM@SJ,EDM,SJ,,,
,,,,,,,,,,,,,40446-116907:Jakob Lilja,40446-116907,W,Jakob,Jakob Lilja,Lilja,4.64000015258789,10,3000,CBJ@MON,CBJ,MON,,,
,,,,,,,,,,,,,40446-103625:Josh Wilkins,40446-103625,C,Josh,Josh Wilkins,Wilkins,0,0,3000,NSH@VAN,NSH,VAN,,,
,,,,,,,,,,,,,40446-82120:Kailer Yamamoto,40446-82120,W,Kailer,Kailer Yamamoto,Yamamoto,3.46470597211052,17,3000,EDM@SJ,EDM,SJ,,,
,,,,,,,,,,,,,40446-103624:Brandon Duhaime,40446-103624,W,Brandon,Brandon Duhaime,Duhaime,0,0,3000,MIN@LA,MIN,LA,,,
,,,,,,,,,,,,,40446-82123:Gerald Mayhew,40446-82123,W,Gerald,Gerald Mayhew,Mayhew,6.66666666666667,6,3000,MIN@LA,MIN,LA,,,
,,,,,,,,,,,,,40446-82122:Mason Shaw,40446-82122,C,Mason,Mason Shaw,Shaw,0,0,3000,MIN@LA,MIN,LA,O,Knee,
,,,,,,,,,,,,,40446-43212:Adam Erne,40446-43212,W,Adam,Adam Erne,Erne,2.85714285714286,14,3000,DET@ANH,DET,ANH,,,
,,,,,,,,,,,,,40446-21710:J.T. Brown,40446-21710,W,J.T.,J.T. Brown,Brown,3.41428565979004,56,3000,MIN@LA,MIN,LA,,,
,,,,,,,,,,,,,40446-116949:David Gustafsson,40446-116949,C,David,David Gustafsson,Gustafsson,0.872727307406339,11,3000,COL@WPG,WPG,COL,,,
,,,,,,,,,,,,,40446-73940:Jordan Kyrou,40446-73940,W,Jordan,Jordan Kyrou,Kyrou,3.65000009536743,16,3000,ARI@STL,STL,ARI,,,
,,,,,,,,,,,,,40446-116950:Joona Luoto,40446-116950,W,Joona,Joona Luoto,Luoto,0,2,3000,COL@WPG,WPG,COL,,,
,,,,,,,,,,,,,40446-8417:Kyle Brodziak,40446-8417,C,Kyle,Kyle Brodziak,Brodziak,4.14285714285714,70,3000,EDM@SJ,EDM,SJ,,,
,,,,,,,,,,,,,40446-82144:Adam Johnson,40446-82144,W,Adam,Adam Johnson,Johnson,4.68571417672294,7,3000,PIT@NYR,PIT,NYR,,,
,,,,,,,,,,,,,40446-104675:Lean Bergmann,40446-104675,W,Lean,Lean Bergmann,Bergmann,3.59999990463257,8,3000,EDM@SJ,SJ,EDM,,,
,,,,,,,,,,,,,40446-73963:A.J. Greer,40446-73963,W,A.J.,A.J. Greer,Greer,2.82666676839193,15,3000,COL@WPG,COL,WPG,,,
,,,,,,,,,,,,,40446-82155:Mason Appleton,40446-82155,W,Mason,Mason Appleton,Appleton,2.31111102634006,9,3000,COL@WPG,WPG,COL,IR,Foot,
,,,,,,,,,,,,,40446-73972:Noah Gregor,40446-73972,W,Noah,Noah Gregor,Gregor,1.06666670905219,9,3000,EDM@SJ,SJ,EDM,,,
,,,,,,,,,,,,,40446-82167:Sheldon Dries,40446-82167,C,Sheldon,Sheldon Dries,Dries,4.10999984741211,40,3000,COL@WPG,COL,WPG,,,
,,,,,,,,,,,,,40446-70902:Jesse Puljujarvi,40446-70902,W,Jesse,Jesse Puljujarvi,Puljujarvi,4.67173899774966,46,3000,EDM@SJ,EDM,SJ,,,
,,,,,,,,,,,,,40446-73983:Anthony Greco,40446-73983,W,Anthony,Anthony Greco,Greco,3.20000004768372,1,3000,FLA@BOS,FLA,BOS,,,
,,,,,,,,,,,,,40446-54527:Connor Brickley,40446-54527,W,Connor,Connor Brickley,Brickley,5.31428582327707,14,3000,PIT@NYR,NYR,PIT,,,
,,,,,,,,,,,,,40446-54528:Daniel Carr,40446-54528,W,Daniel,Daniel Carr,Carr,2.66666666666667,3,3000,NSH@VAN,NSH,VAN,,,
,,,,,,,,,,,,,40446-82176:Jack Studnicka,40446-82176,C,Jack,Jack Studnicka,Studnicka,0,0,3000,FLA@BOS,BOS,FLA,,,
,,,,,,,,,,,,,40446-62724:Andreas Martinsen,40446-62724,W,Andreas,Andreas Martinsen,Martinsen,3.5,24,3000,PIT@NYR,PIT,NYR,,,
,,,,,,,,,,,,,40446-73990:Zack MacEwen,40446-73990,W,Zack,Zack MacEwen,MacEwen,3.20000004768372,4,3000,NSH@VAN,VAN,NSH,,,
,,,,,,,,,,,,,40446-70921:Henrik Borgstrom,40446-70921,C,Henrik,Henrik Borgstrom,Borgstrom,1.20000004768372,4,3000,FLA@BOS,FLA,BOS,,,
,,,,,,,,,,,,,40446-70927:Trent Frederic,40446-70927,C,Trent,Trent Frederic,Frederic,2.3466667175293,15,3000,FLA@BOS,BOS,FLA,,,
,,,,,,,,,,,,,40446-83218:Ville Meskanen,40446-83218,W,Ville,Ville Meskanen,Meskanen,0,0,3000,PIT@NYR,NYR,PIT,,,
,,,,,,,,,,,,,40446-117012:Tyler Sheehy,40446-117012,C,Tyler,Tyler Sheehy,Sheehy,0,0,3000,MIN@LA,MIN,LA,,,
,,,,,,,,,,,,,40446-53527:Marko Dano,40446-53527,W,Marko,Marko Dano,Dano,1.20000004768372,8,3000,CBJ@MON,CBJ,MON,,,
,,,,,,,,,,,,,40446-74008:Givani Smith,40446-74008,W,Givani,Givani Smith,Smith,2.13333336512248,3,3000,DET@ANH,DET,ANH,,,
,,,,,,,,,,,,,40446-117025:Troy Loggins,40446-117025,W,Troy,Troy Loggins,Loggins,0,0,3000,DET@ANH,DET,ANH,,,
,,,,,,,,,,,,,40446-117024:Josh Kestner,40446-117024,W,Josh,Josh Kestner,Kestner,0,0,3000,DET@ANH,DET,ANH,,,
,,,,,,,,,,,,,40446-117026:Jarid Lukosevicius,40446-117026,W,Jarid,Jarid Lukosevicius,Lukosevicius,0,0,3000,DET@ANH,DET,ANH,,,
,,,,,,,,,,,,,40446-117028:Tyler Spezia,40446-117028,W,Tyler,Tyler Spezia,Spezia,0,0,3000,DET@ANH,DET,ANH,,,
,,,,,,,,,,,,,40446-58678:Brendan Lemieux,40446-58678,W,Brendan,Brendan Lemieux,Lemieux,8.01428549630301,14,3000,PIT@NYR,NYR,PIT,,,
,,,,,,,,,,,,,40446-58679:Jack Rodewald,40446-58679,W,Jack,Jack Rodewald,Rodewald,1.33333333333333,6,3000,FLA@BOS,FLA,BOS,,,
,,,,,,,,,,,,,40446-82232:Chase Pearson,40446-82232,W,Chase,Chase Pearson,Pearson,0,0,3000,DET@ANH,DET,ANH,,,
,,,,,,,,,,,,,40446-117053:Robert Lantosi,40446-117053,W,Robert,Robert Lantosi,Lantosi,0,0,3000,FLA@BOS,BOS,FLA,,,
,,,,,,,,,,,,,40446-8515:Brandon Dubinsky,40446-8515,W,Brandon,Brandon Dubinsky,Dubinsky,4.64918042792649,61,3000,CBJ@MON,CBJ,MON,IR,Wrist,
,,,,,,,,,,,,,40446-117068:Luka Burzan,40446-117068,W,Luka,Luka Burzan,Burzan,0,0,3000,COL@WPG,COL,WPG,,,
,,,,,,,,,,,,,40446-117071:Sasha Mutala,40446-117071,W,Sasha,Sasha Mutala,Mutala,0,0,3000,COL@WPG,COL,WPG,,,
,,,,,,,,,,,,,40446-117070:Alex Beaucage,40446-117070,W,Alex,Alex Beaucage,Beaucage,0,0,3000,COL@WPG,COL,WPG,,,
,,,,,,,,,,,,,40446-117075:Keeghan Howdeshell,40446-117075,W,Keeghan,Keeghan Howdeshell,Howdeshell,0,0,3000,ARI@STL,ARI,STL,,,
,,,,,,,,,,,,,40446-12630:Michael Chaput,40446-12630,C,Michael,Michael Chaput,Chaput,3.65000009536743,32,3000,ARI@STL,ARI,STL,,,
,,,,,,,,,,,,,40446-117078:Derek Barach,40446-117078,C,Derek,Derek Barach,Barach,0,0,3000,CBJ@MON,CBJ,MON,,,
,,,,,,,,,,,,,40446-117089:Liam Pecararo,40446-117089,W,Liam,Liam Pecararo,Pecararo,0,0,3000,FLA@BOS,FLA,BOS,,,
,,,,,,,,,,,,,40446-62817:Blake Pietila,40446-62817,W,Blake,Blake Pietila,Pietila,2.94736842105263,19,3000,DET@ANH,ANH,DET,,,
,,,,,,,,,,,,,40446-117091:Mason Bergh,40446-117091,W,Mason,Mason Bergh,Bergh,0,0,3000,MIN@LA,LA,MIN,,,
,,,,,,,,,,,,,40446-117098:Joe Cox,40446-117098,W,Joe,Joe Cox,Cox,0,0,3000,CBJ@MON,MON,CBJ,,,
,,,,,,,,,,,,,40446-117105:Hunter Garlent,40446-117105,C,Hunter,Hunter Garlent,Garlent,0,0,3000,NSH@VAN,NSH,VAN,,,
,,,,,,,,,,,,,40446-117104:Thomas Novak,40446-117104,C,Thomas,Thomas Novak,Novak,0,0,3000,NSH@VAN,NSH,VAN,,,
,,,,,,,,,,,,,40446-74099:Matt Luff,40446-74099,W,Matt,Matt Luff,Luff,6.75454526959044,33,3000,MIN@LA,LA,MIN,,,
,,,,,,,,,,,,,40446-103805:Danil Yurtaykin,40446-103805,W,Danil,Danil Yurtaykin,Yurtaykin,1.60000002384186,4,3000,EDM@SJ,SJ,EDM,,,
,,,,,,,,,,,,,40446-12670:Sam Carrick,40446-12670,W,Sam,Sam Carrick,Carrick,3.20000012715658,6,3000,DET@ANH,ANH,DET,,,
,,,,,,,,,,,,,40446-117118:Cole Maier,40446-117118,C,Cole,Cole Maier,Maier,0,0,3000,COL@WPG,WPG,COL,,,
,,,,,,,,,,,,,40446-117125:Artem Ivanyuzhenkov,40446-117125,W,Artem,Artem Ivanyuzhenkov,Ivanyuzhenkov,0,0,3000,EDM@SJ,SJ,EDM,,,
,,,,,,,,,,,,,40446-117124:Dillon Hamaliuk,40446-117124,W,Dillon,Dillon Hamaliuk,Hamaliuk,0,0,3000,EDM@SJ,SJ,EDM,,,
,,,,,,,,,,,,,40446-117127:Tristin Langan,40446-117127,C,Tristin,Tristin Langan,Langan,0,0,3000,EDM@SJ,SJ,EDM,,,
,,,,,,,,,,,,,40446-74128:Josh Currie,40446-74128,W,Josh,Josh Currie,Currie,5.02857135591053,21,3000,EDM@SJ,EDM,SJ,,,
,,,,,,,,,,,,,40446-74134:Peter Cehlarik,40446-74134,W,Peter,Peter Cehlarik,Cehlarik,3.73333326975505,3,3000,FLA@BOS,BOS,FLA,,,
,,,,,,,,,,,,,40446-8620:Jamie McGinn,40446-8620,W,Jamie,Jamie McGinn,McGinn,6.00526307758532,19,3000,ARI@STL,STL,ARI,,,
,,,,,,,,,,,,,40446-117181:Johno May,40446-117181,W,Johno,Johno May,May,0,0,3000,DET@ANH,ANH,DET,,,
,,,,,,,,,,,,,40446-117180:Brent Gates,40446-117180,C,Brent,Brent Gates,Gates,0,0,3000,DET@ANH,ANH,DET,,,
,,,,,,,,,,,,,40446-117182:Brayden Tracey,40446-117182,W,Brayden,Brayden Tracey,Tracey,0,0,3000,DET@ANH,ANH,DET,,,
,,,,,,,,,,,,,40446-8643:David Backes,40446-8643,W,David,David Backes,Backes,4,8,3000,FLA@BOS,BOS,FLA,IR,Upper body,
,,,,,,,,,,,,,40446-107995:Andrei Chibisov,40446-107995,W,Andrei,Andrei Chibisov,Chibisov,0,0,3000,COL@WPG,WPG,COL,,,
,,,,,,,,,,,,,40446-39395:Logan Shaw,40446-39395,W,Logan,Logan Shaw,Shaw,1.60000002384186,4,3000,COL@WPG,WPG,COL,,,
,,,,,,,,,,,,,40446-117230:Anton Burdasov,40446-117230,W,Anton,Anton Burdasov,Burdasov,0,0,3000,EDM@SJ,EDM,SJ,,,
,,,,,,,,,,,,,40446-84473:Antti Suomela,40446-84473,C,Antti,Antti Suomela,Suomela,5.95555566858362,27,3000,EDM@SJ,SJ,EDM,,,
,,,,,,,,,,,,,40446-8702:Ryan Kesler,40446-8702,C,Ryan,Ryan Kesler,Kesler,5.21166687011719,60,3000,DET@ANH,ANH,DET,O,Hip,
,,,,,,,,,,,,,40446-23051:Joakim Nordstrom,40446-23051,W,Joakim,Joakim Nordstrom,Nordstrom,5.20000012715658,6,3000,FLA@BOS,BOS,FLA,,,
,,,,,,,,,,,,,40446-58906:Chase De Leo,40446-58906,W,Chase,Chase De Leo,De Leo,6.40000009536743,1,3000,DET@ANH,ANH,DET,,,
,,,,,,,,,,,,,40446-23071:Vladimir Tarasenko,40446-23071,W,Vladimir,Vladimir Tarasenko,Tarasenko,14.6300003051758,10,3000,ARI@STL,STL,ARI,IR,Shoulder,
,,,,,,,,,,,,,40446-10797:Mark Letestu,40446-10797,C,Mark,Mark Letestu,Letestu,2.28571428571429,7,3000,COL@WPG,WPG,COL,IR,Illness,
,,,,,,,,,,,,,40446-85571:Filip Zadina,40446-85571,W,Filip,Filip Zadina,Zadina,6.95555538601345,9,3000,DET@ANH,DET,ANH,,,
,,,,,,,,,,,,,40446-104016:Vitali Kravtsov,40446-104016,W,Vitali,Vitali Kravtsov,Kravtsov,0,0,3000,PIT@NYR,NYR,PIT,,,
,,,,,,,,,,,,,40446-102995:Ryan Kuffner,40446-102995,W,Ryan,Ryan Kuffner,Kuffner,2.07999992370605,10,3000,DET@ANH,DET,ANH,,,
,,,,,,,,,,,,,40446-113271:Gaetan Haas,40446-113271,C,Gaetan,Gaetan Haas,Haas,4.66666666666667,12,3000,EDM@SJ,EDM,SJ,,,
,,,,,,,,,,,,,40446-42628:Andrew Agozzino,40446-42628,W,Andrew,Andrew Agozzino,Agozzino,0,1,3000,PIT@NYR,PIT,NYR,,,
,,,,,,,,,,,,,40446-59012:Jayce Hawryluk,40446-59012,W,Jayce,Jayce Hawryluk,Hawryluk,5.5,8,3000,FLA@BOS,FLA,BOS,O,Upper body,
,,,,,,,,,,,,,40446-42629:Joseph Blandisi,40446-42629,W,Joseph,Joseph Blandisi,Blandisi,4.2285714830671,7,3000,PIT@NYR,PIT,NYR,,,
,,,,,,,,,,,,,40446-8868:Erik Condra,40446-8868,W,Erik,Erik Condra,Condra,4.93333339691162,6,3000,COL@WPG,COL,WPG,,,
,,,,,,,,,,,,,40446-10929:Anthony Peluso,40446-10929,W,Anthony,Anthony Peluso,Peluso,0.400000005960465,4,3000,EDM@SJ,EDM,SJ,,,
,,,,,,,,,,,,,40446-70327:Luke Johnson,40446-70327,C,Luke,Luke Johnson,Johnson,3.5533332824707,15,3000,MIN@LA,MIN,LA,,,
,,,,,,,,,,,,,40446-39677:Brendan Gaunce,40446-39677,W,Brendan,Brendan Gaunce,Gaunce,10.4000002543132,3,3000,FLA@BOS,BOS,FLA,,,
,,,,,,,,,,,,,40446-39714:Charles Hudon,40446-39714,W,Charles,Charles Hudon,Hudon,4.59062480926514,32,3000,CBJ@MON,MON,CBJ,,,
,,,,,,,,,,,,,40446-42795:Michael McCarron,40446-42795,W,Michael,Michael McCarron,McCarron,0,0,3000,CBJ@MON,MON,CBJ,,,
,,,,,,,,,,,,,40446-62254:Kyle Rau,40446-62254,W,Kyle,Kyle Rau,Rau,3.46666653951009,6,3000,MIN@LA,MIN,LA,,,
,,,,,,,,,,,,,40446-82757:Erik Foley,40446-82757,W,Erik,Erik Foley,Foley,0,0,3000,ARI@STL,STL,ARI,O,Concussion,
,,,,,,,,,,,,,40446-59209:Frederick Gaudreau,40446-59209,C,Frederick,Frederick Gaudreau,Gaudreau,2.57454556551847,55,3000,NSH@VAN,NSH,VAN,,,
,,,,,,,,,,,,,40446-97096:Isac Lundestrom,40446-97096,C,Isac,Isac Lundestrom,Lundestrom,2.13333336512248,3,3000,DET@ANH,ANH,DET,,,
,,,,,,,,,,,,,40446-62293:Matthew Peca,40446-62293,C,Matthew,Matthew Peca,Peca,4.70769246419271,39,3000,CBJ@MON,MON,CBJ,,,
,,,,,,,,,,,,,40446-70487:Patrick Russell,40446-70487,W,Patrick,Patrick Russell,Russell,4.09999990463257,16,3000,EDM@SJ,EDM,SJ,,,
,,,,,,,,,,,,,40446-62295:Jonny Brodzinski,40446-62295,W,Jonny,Jonny Brodzinski,Brodzinski,5.33333333333333,3,3000,EDM@SJ,SJ,EDM,,,
,,,,,,,,,,,,,40446-42841:Nathan Walker,40446-42841,W,Nathan,Nathan Walker,Walker,3.73333326975505,3,3000,ARI@STL,STL,ARI,,,
,,,,,,,,,,,,,40446-12122:Gabriel Dumont,40446-12122,W,Gabriel,Gabriel Dumont,Dumont,2.66666666666667,3,3000,MIN@LA,MIN,LA,,,
,,,,,,,,,,,,,40446-97118:Joel Teasdale,40446-97118,W,Joel,Joel Teasdale,Teasdale,0,0,3000,CBJ@MON,MON,CBJ,,,
,,,,,,,,,,,,,40446-103262:Nico Sturm,40446-103262,C,Nico,Nico Sturm,Sturm,7.19999980926514,2,3000,MIN@LA,MIN,LA,,,
,,,,,,,,,,,,,40446-14177:Brad Malone,40446-14177,C,Brad,Brad Malone,Malone,1.79999995231628,16,3000,EDM@SJ,EDM,SJ,,,
,,,,,,,,,,,,,40446-59234:Dominic Turgeon,40446-59234,C,Dominic,Dominic Turgeon,Turgeon,2,4,3000,DET@ANH,DET,ANH,,,
,,,,,,,,,,,,,40446-108386:Samuel Asselin,40446-108386,C,Samuel,Samuel Asselin,Asselin,0,0,3000,FLA@BOS,BOS,FLA,,,
,,,,,,,,,,,,,40446-66405:Anthony Richard,40446-66405,W,Anthony,Anthony Richard,Richard,3.20000004768372,1,3000,NSH@VAN,NSH,VAN,,,
,,,,,,,,,,,,,40446-66404:Vladislav Kamenev,40446-66404,C,Vladislav,Vladislav Kamenev,Kamenev,5.95000012715658,6,3000,COL@WPG,COL,WPG,,,
,,,,,,,,,,,,,40446-82852:Eric Robinson,40446-82852,W,Eric,Eric Robinson,Robinson,2.33846150911771,13,3000,CBJ@MON,CBJ,MON,,,
,,,,,,,,,,,,,40446-15270:Sven Baertschi,40446-15270,W,Sven,Sven Baertschi,Baertschi,1.60000002384186,2,3000,NSH@VAN,VAN,NSH,,,
,,,,,,,,,,,,,40446-62374:Colby Cave,40446-62374,C,Colby,Colby Cave,Cave,3.03999996185303,5,3000,EDM@SJ,EDM,SJ,,,
,,,,,,,,,,,,,40446-54193:Phillip Di Giuseppe,40446-54193,W,Phillip,Phillip Di Giuseppe,Di Giuseppe,4.16666666666667,24,3000,PIT@NYR,NYR,PIT,,,
,,,,,,,,,,,,,40446-15286:Stefan Noesen,40446-15286,W,Stefan,Stefan Noesen,Noesen,5.17073170731707,41,3000,PIT@NYR,PIT,NYR,,,
,,,,,,,,,,,,,40446-15289:Matt Puempel,40446-15289,W,Matt,Matt Puempel,Puempel,4.5625,8,3000,DET@ANH,DET,ANH,,,
,,,,,,,,,,,,,40446-11225:Dale Weise,40446-11225,W,Dale,Dale Weise,Weise,4.63529399797028,51,3000,CBJ@MON,MON,CBJ,,,
,,,,,,,,,,,,,40446-42973:JC Lipon,40446-42973,W,JC,JC Lipon,Lipon,0,0,3000,COL@WPG,WPG,COL,,,
,,,,,,,,,,,,,40446-15333:Antoine Roussel,40446-15333,W,Antoine,Antoine Roussel,Roussel,7.66769221379207,65,3000,NSH@VAN,VAN,NSH,O,Knee,
,,,,,,,,,,,,,40446-104423:Nikolai Prokhorkin,40446-104423,C,Nikolai,Nikolai Prokhorkin,Prokhorkin,3.20000004768372,2,3000,MIN@LA,LA,MIN,,,
,,,,,,,,,,,,,40446-42984:Justin Bailey,40446-42984,W,Justin,Justin Bailey,Bailey,2.18181818181818,11,3000,NSH@VAN,VAN,NSH,,,
,,,,,,,,,,,,,40446-9194:Micheal Haley,40446-9194,W,Micheal,Micheal Haley,Haley,3.5,8,3000,PIT@NYR,NYR,PIT,,,
,,,,,,,,,,,,,40446-62442:Markus Hannikainen,40446-62442,W,Markus,Markus Hannikainen,Hannikainen,3.81818181818182,44,3000,CBJ@MON,CBJ,MON,,,
,,,,,,,,,,,,,40446-82925:Eeli Tolvanen,40446-82925,W,Eeli,Eeli Tolvanen,Tolvanen,6.72499990463257,4,3000,NSH@VAN,NSH,VAN,,,
,,,,,,,,,,,,,40446-68602:Aleksi Saarela,40446-68602,W,Aleksi,Aleksi Saarela,Saarela,0,0,3000,FLA@BOS,FLA,BOS,,,
