entry_id,contest_id,contest_name,C,C,W,W,W,W,D,D,G,,Instructions,,,,,,,,,,,,,,
1877790211,40584-231456652,NHL Daily Free Play,40584-70899:AUSTON MATTHEWS,40584-9266:BRAYDEN SCHENN,40584-8718:ALEX OVECHKIN,40584-8635:T.J. OSHIE,40584-23226:TOM WILSON,40584-81983:ROBERT THOMAS,40584-8467:SHEA WEBER,40584-68655:MATT GRZELCYK,40584-66744:MACKENZIE BLACKWOOD,,1) Edit your lineup by inserting any player from this list into their appropriate position columns,,,,,,,,,,,,,,
1877791097,40584-231449655,$2K Fri NHL Deflection (Only $0.25 to Enter),40584-9266:BRAYDEN SCHENN,40584-8714:NICKLAS BACKSTROM,40584-8718:ALEX OVECHKIN,40584-8635:T.J. OSHIE,40584-12644:KYLE PALMIERI,40584-23226:TOM WILSON,40584-8467:SHEA WEBER,40584-68655:MATT GRZELCYK,40584-14468:ANDERS NILSSON,,2) You can paste either the Player ID + Name OR ID from their respective columns,,,,,,,,,,,,,,
1877791099,40584-231449655,$2K Fri NHL Deflection (Only $0.25 to Enter),40584-9266:BRAYDEN SCHENN,40584-8714:NICKLAS BACKSTROM,40584-8718:ALEX OVECHKIN,40584-8635:T.J. OSHIE,40584-12644:KYLE PALMIERI,40584-23226:TOM WILSON,40584-8467:SHEA WEBER,40584-68655:MATT GRZELCYK,40584-9112:JAKE ALLEN,,3) Any information to the right of the last position column will be ignored in the upload. Don't leave blank rows. Any entries after a blank row will not be edited,,,,,,,,,,,,,,
1877791102,40584-231449655,$2K Fri NHL Deflection (Only $0.25 to Enter),40584-9266:BRAYDEN SCHENN,40584-8714:NICKLAS BACKSTROM,40584-8718:ALEX OVECHKIN,40584-8635:T.J. OSHIE,40584-12644:KYLE PALMIERI,40584-23226:TOM WILSON,40584-8467:SHEA WEBER,40584-68655:MATT GRZELCYK,40584-54065:JOONAS KORPISALO,,4) You can not use this form to create new entries,,,,,,,,,,,,,,
1877791107,40584-231449655,$2K Fri NHL Deflection (Only $0.25 to Enter),40584-9266:BRAYDEN SCHENN,40584-8714:NICKLAS BACKSTROM,40584-8718:ALEX OVECHKIN,40584-8635:T.J. OSHIE,40584-12644:KYLE PALMIERI,40584-23226:TOM WILSON,40584-8467:SHEA WEBER,40584-68655:MATT GRZELCYK,40584-73938:CARTER HART,,,,,,,,,,,,,,,,
1877791108,40584-231449655,$2K Fri NHL Deflection (Only $0.25 to Enter),40584-70899:AUSTON MATTHEWS,40584-9266:BRAYDEN SCHENN,40584-8718:ALEX OVECHKIN,40584-8635:T.J. OSHIE,40584-23226:TOM WILSON,40584-81983:ROBERT THOMAS,40584-23228:JUSTIN SCHULTZ,40584-68655:MATT GRZELCYK,40584-83235:ILYA SAMSONOV,,Player ID + Player Name,Id,Position,First Name,Nickname,Last Name,FPPG,Played,Salary,Game,Team,Opponent,Injury Indicator,Injury Details,Tier
1877791112,40584-231449655,$2K Fri NHL Deflection (Only $0.25 to Enter),40584-70899:AUSTON MATTHEWS,40584-9266:BRAYDEN SCHENN,40584-8718:ALEX OVECHKIN,40584-8635:T.J. OSHIE,40584-23226:TOM WILSON,40584-81983:ROBERT THOMAS,40584-9107:P.K. SUBBAN,40584-68655:MATT GRZELCYK,40584-23072:FREDERIK ANDERSEN,,40584-59218:David Pastrnak,40584-59218,W,David,David Pastrnak,Pastrnak,24.3611111111111,18,9200,BOS@TOR,BOS,TOR,,,
1877791118,40584-231449655,$2K Fri NHL Deflection (Only $0.25 to Enter),40584-9266:BRAYDEN SCHENN,40584-80991:NICO HISCHIER,40584-8718:ALEX OVECHKIN,40584-8635:T.J. OSHIE,40584-12644:KYLE PALMIERI,40584-23226:TOM WILSON,40584-8467:SHEA WEBER,40584-68655:MATT GRZELCYK,40584-8193:TUUKKA RASK,,40584-42869:Matt Murray,40584-42869,G,Matt,Matt Murray,Murray,18.1866658528646,15,9000,PIT@NJ,PIT,NJ,,,
1877791121,40584-231449655,$2K Fri NHL Deflection (Only $0.25 to Enter),40584-9266:BRAYDEN SCHENN,40584-80991:NICO HISCHIER,40584-8718:ALEX OVECHKIN,40584-8635:T.J. OSHIE,40584-12644:KYLE PALMIERI,40584-23226:TOM WILSON,40584-8467:SHEA WEBER,40584-68655:MATT GRZELCYK,40584-8452:CAREY PRICE,,40584-8718:Alex Ovechkin,40584-8718,W,Alex,Alex Ovechkin,Ovechkin,20.6149993896484,20,8800,MON@WSH,WSH,MON,,,
1877791125,40584-231449655,$2K Fri NHL Deflection (Only $0.25 to Enter),40584-9266:BRAYDEN SCHENN,40584-66709:JARED MCCANN,40584-8718:ALEX OVECHKIN,40584-8635:T.J. OSHIE,40584-12644:KYLE PALMIERI,40584-23226:TOM WILSON,40584-8467:SHEA WEBER,40584-68655:MATT GRZELCYK,40584-42869:MATT MURRAY,,40584-8452:Carey Price,40584-8452,G,Carey,Carey Price,Price,20.3733337402344,15,8800,MON@WSH,MON,WSH,,,
1877791129,40584-231449655,$2K Fri NHL Deflection (Only $0.25 to Enter),40584-70899:AUSTON MATTHEWS,40584-9266:BRAYDEN SCHENN,40584-8718:ALEX OVECHKIN,40584-8635:T.J. OSHIE,40584-23226:TOM WILSON,40584-81983:ROBERT THOMAS,40584-8467:SHEA WEBER,40584-68655:MATT GRZELCYK,40584-66744:MACKENZIE BLACKWOOD,,40584-8193:Tuukka Rask,40584-8193,G,Tuukka,Tuukka Rask,Rask,22.3272732821378,11,8700,BOS@TOR,BOS,TOR,,,
,,,,,,,,,,,,,40584-70899:Auston Matthews,40584-70899,C,Auston,Auston Matthews,Matthews,20.375,20,8700,BOS@TOR,TOR,BOS,,,
,,,,,,,,,,,,,40584-23072:Frederik Andersen,40584-23072,G,Frederik,Frederik Andersen,Andersen,18.9866658528646,15,8500,BOS@TOR,TOR,BOS,,,
,,,,,,,,,,,,,40584-9416:Braden Holtby,40584-9416,G,Braden,Braden Holtby,Holtby,17.8857138497489,14,8500,MON@WSH,WSH,MON,,,
,,,,,,,,,,,,,40584-15339:Jordan Binnington,40584-15339,G,Jordan,Jordan Binnington,Binnington,20.1066670735677,15,8300,STL@CBJ,STL,CBJ,,,
,,,,,,,,,,,,,40584-8763:Brad Marchand,40584-8763,W,Brad,Brad Marchand,Marchand,20.5,18,8200,BOS@TOR,BOS,TOR,,,
,,,,,,,,,,,,,40584-8453:Jaroslav Halak,40584-8453,G,Jaroslav,Jaroslav Halak,Halak,21.5999995640346,7,8200,BOS@TOR,BOS,TOR,,,
,,,,,,,,,,,,,40584-8595:Evgeni Malkin,40584-8595,C,Evgeni,Evgeni Malkin,Malkin,14.7000002179827,7,8200,PIT@NJ,PIT,NJ,,,
,,,,,,,,,,,,,40584-8594:Sidney Crosby,40584-8594,C,Sidney,Sidney Crosby,Crosby,14.2529413559858,17,8100,PIT@NJ,PIT,NJ,O,Groin,
,,,,,,,,,,,,,40584-83235:Ilya Samsonov,40584-83235,G,Ilya,Ilya Samsonov,Samsonov,19.7714276994978,7,7900,MON@WSH,WSH,MON,,,
,,,,,,,,,,,,,40584-8175:Patrice Bergeron,40584-8175,C,Patrice,Patrice Bergeron,Bergeron,16.3111114501953,18,7800,BOS@TOR,BOS,TOR,,,
,,,,,,,,,,,,,40584-66683:Mitchell Marner,40584-66683,W,Mitchell,Mitchell Marner,Marner,14.5277777777778,18,7700,BOS@TOR,TOR,BOS,IR,Ankle,
,,,,,,,,,,,,,40584-42868:Tristan Jarry,40584-42868,G,Tristan,Tristan Jarry,Jarry,16,4,7700,PIT@NJ,PIT,NJ,,,
,,,,,,,,,,,,,40584-73938:Carter Hart,40584-73938,G,Carter,Carter Hart,Hart,14.533332824707,12,7600,PHI@OTT,PHI,OTT,,,
,,,,,,,,,,,,,40584-52475:Evgeny Kuznetsov,40584-52475,C,Evgeny,Evgeny Kuznetsov,Kuznetsov,15.3000003590303,17,7600,MON@WSH,WSH,MON,,,
,,,,,,,,,,,,,40584-8494:John Tavares,40584-8494,C,John,John Tavares,Tavares,13.8538466233474,13,7600,BOS@TOR,TOR,BOS,,,
,,,,,,,,,,,,,40584-54065:Joonas Korpisalo,40584-54065,G,Joonas,Joonas Korpisalo,Korpisalo,13.6571426391602,14,7500,STL@CBJ,CBJ,STL,,,
,,,,,,,,,,,,,40584-8556:Claude Giroux,40584-8556,C,Claude,Claude Giroux,Giroux,13.1000001695421,18,7500,PHI@OTT,PHI,OTT,,,
,,,,,,,,,,,,,40584-14468:Anders Nilsson,40584-14468,G,Anders,Anders Nilsson,Nilsson,19.6444447835286,9,7400,PHI@OTT,OTT,PHI,,,
,,,,,,,,,,,,,40584-14183:Keith Kinkaid,40584-14183,G,Keith,Keith Kinkaid,Kinkaid,11.7333335876465,3,7400,MON@WSH,MON,WSH,,,
,,,,,,,,,,,,,40584-9112:Jake Allen,40584-9112,G,Jake,Jake Allen,Allen,15.3999996185303,4,7400,STL@CBJ,STL,CBJ,,,
,,,,,,,,,,,,,40584-12410:Taylor Hall,40584-12410,W,Taylor,Taylor Hall,Hall,14.0117645263672,17,7300,PIT@NJ,NJ,PIT,,,
,,,,,,,,,,,,,40584-8553:Brian Elliott,40584-8553,G,Brian,Brian Elliott,Elliott,15.2000003390842,9,7300,PHI@OTT,PHI,OTT,,,
,,,,,,,,,,,,,40584-15306:Brendan Gallagher,40584-15306,W,Brendan,Brendan Gallagher,Gallagher,15.022221883138,18,7300,MON@WSH,MON,WSH,,,
,,,,,,,,,,,,,40584-66744:MacKenzie Blackwood,40584-66744,G,MacKenzie,MacKenzie Blackwood,Blackwood,13.5999997456869,12,7200,PIT@NJ,NJ,PIT,,,
,,,,,,,,,,,,,40584-103103:Elvis Merzlikins,40584-103103,G,Elvis,Elvis Merzlikins,Merzlikins,8.8,5,7200,STL@CBJ,CBJ,STL,,,
,,,,,,,,,,,,,40584-9015:John Carlson,40584-9015,D,John,John Carlson,Carlson,21.425,20,7200,MON@WSH,WSH,MON,,,
,,,,,,,,,,,,,40584-70571:Jake Guentzel,40584-70571,W,Jake,Jake Guentzel,Guentzel,13.7444441053602,18,7200,PIT@NJ,PIT,NJ,,,
,,,,,,,,,,,,,40584-11294:Michael Hutchinson,40584-11294,G,Michael,Michael Hutchinson,Hutchinson,6.93333307902018,6,7000,BOS@TOR,TOR,BOS,,,
,,,,,,,,,,,,,40584-68647:Charlie Lindgren,40584-68647,G,Charlie,Charlie Lindgren,Lindgren,27.2000007629395,1,7000,MON@WSH,MON,WSH,,,
,,,,,,,,,,,,,40584-8781:Cory Schneider,40584-8781,G,Cory,Cory Schneider,Schneider,2.66666666666667,6,7000,PIT@NJ,NJ,PIT,,,
,,,,,,,,,,,,,40584-9302:Michal Neuvirth,40584-9302,G,Michal,Michal Neuvirth,Neuvirth,4.91428593226842,7,7000,BOS@TOR,TOR,BOS,,,
,,,,,,,,,,,,,40584-8292:Craig Anderson,40584-8292,G,Craig,Craig Anderson,Anderson,11.2727272727273,11,7000,PHI@OTT,OTT,PHI,,,
,,,,,,,,,,,,,40584-14483:Louis Domingue,40584-14483,G,Louis,Louis Domingue,Domingue,20.8307682917668,26,7000,PIT@NJ,NJ,PIT,,,
,,,,,,,,,,,,,40584-54028:Pheonix Copley,40584-54028,G,Pheonix,Pheonix Copley,Copley,17.2444446705006,27,7000,MON@WSH,WSH,MON,,,
,,,,,,,,,,,,,40584-74064:Casey DeSmith,40584-74064,G,Casey,Casey DeSmith,DeSmith,17.3555552164714,36,7000,PIT@NJ,PIT,NJ,,,
,,,,,,,,,,,,,40584-9124:Ryan O'Reilly,40584-9124,C,Ryan,Ryan O'Reilly,O'Reilly,13.4157891524465,19,7000,STL@CBJ,STL,CBJ,,,
,,,,,,,,,,,,,40584-15308:Sean Couturier,40584-15308,C,Sean,Sean Couturier,Couturier,11.8611111111111,18,6900,PHI@OTT,PHI,OTT,,,
,,,,,,,,,,,,,40584-14056:Cam Atkinson,40584-14056,W,Cam,Cam Atkinson,Atkinson,12.1555557250977,18,6800,STL@CBJ,CBJ,STL,,,
,,,,,,,,,,,,,40584-8303:Jakub Voracek,40584-8303,W,Jakub,Jakub Voracek,Voracek,10.7444441053602,18,6700,PHI@OTT,PHI,OTT,,,
,,,,,,,,,,,,,40584-37881:Morgan Rielly,40584-37881,D,Morgan,Morgan Rielly,Rielly,13.925,20,6600,BOS@TOR,TOR,BOS,,,
,,,,,,,,,,,,,40584-9321:Tomas Tatar,40584-9321,W,Tomas,Tomas Tatar,Tatar,12.8222223917643,18,6400,MON@WSH,MON,WSH,,,
,,,,,,,,,,,,,40584-8608:Kris Letang,40584-8608,D,Kris,Kris Letang,Letang,15.140000406901,15,6400,PIT@NJ,PIT,NJ,O,Lower body,
,,,,,,,,,,,,,40584-8635:T.J. Oshie,40584-8635,W,T.J.,T.J. Oshie,Oshie,11.9800003051758,20,6400,MON@WSH,WSH,MON,,,
,,,,,,,,,,,,,40584-8651:Alex Pietrangelo,40584-8651,D,Alex,Alex Pietrangelo,Pietrangelo,15.0526315789474,19,6400,STL@CBJ,STL,CBJ,,,
,,,,,,,,,,,,,40584-8640:David Perron,40584-8640,W,David,David Perron,Perron,13.7105263157895,19,6300,STL@CBJ,STL,CBJ,,,
,,,,,,,,,,,,,40584-66508:Travis Konecny,40584-66508,W,Travis,Travis Konecny,Konecny,14.8611111111111,18,6300,PHI@OTT,PHI,OTT,,,
,,,,,,,,,,,,,40584-9266:Brayden Schenn,40584-9266,C,Brayden,Brayden Schenn,Schenn,13.0684212132504,19,6200,STL@CBJ,STL,CBJ,,,
,,,,,,,,,,,,,40584-8467:Shea Weber,40584-8467,D,Shea,Shea Weber,Weber,14.8222215440538,18,6000,MON@WSH,MON,WSH,,,
,,,,,,,,,,,,,40584-41592:Max Domi,40584-41592,C,Max,Max Domi,Domi,10.5388887193468,18,5900,MON@WSH,MON,WSH,,,
,,,,,,,,,,,,,40584-12644:Kyle Palmieri,40584-12644,W,Kyle,Kyle Palmieri,Palmieri,11.3470584644991,17,5900,PIT@NJ,NJ,PIT,,,
,,,,,,,,,,,,,40584-59276:William Nylander,40584-59276,W,William,William Nylander,Nylander,12.1550003051758,20,5900,BOS@TOR,TOR,BOS,,,
,,,,,,,,,,,,,40584-8714:Nicklas Backstrom,40584-8714,C,Nicklas,Nicklas Backstrom,Backstrom,11.6949996948242,20,5800,MON@WSH,WSH,MON,,,
,,,,,,,,,,,,,40584-21648:Torey Krug,40584-21648,D,Torey,Torey Krug,Krug,11.9000001795152,17,5800,BOS@TOR,BOS,TOR,O,Upper body,
,,,,,,,,,,,,,40584-70901:Pierre-Luc Dubois,40584-70901,C,Pierre-Luc,Pierre-Luc Dubois,Dubois,11.5499996609158,18,5700,STL@CBJ,CBJ,STL,,,
,,,,,,,,,,,,,40584-68640:Zach Werenski,40584-68640,D,Zach,Zach Werenski,Werenski,11.3888888888889,18,5600,STL@CBJ,CBJ,STL,,,
,,,,,,,,,,,,,40584-58985:Jakub Vrana,40584-58985,W,Jakub,Jakub Vrana,Vrana,13.3949996948242,20,5600,MON@WSH,WSH,MON,,,
,,,,,,,,,,,,,40584-21122:Jaden Schwartz,40584-21122,W,Jaden,Jaden Schwartz,Schwartz,11.5,19,5600,STL@CBJ,STL,CBJ,,,
,,,,,,,,,,,,,40584-66759:Thomas Chabot,40584-66759,D,Thomas,Thomas Chabot,Chabot,11.6555557250977,18,5600,PHI@OTT,OTT,PHI,,,
,,,,,,,,,,,,,40584-8176:David Krejci,40584-8176,C,David,David Krejci,Krejci,10.5250002543132,12,5600,BOS@TOR,BOS,TOR,,,
,,,,,,,,,,,,,40584-8765:Patric Hornqvist,40584-8765,W,Patric,Patric Hornqvist,Hornqvist,13.1571426391602,14,5500,PIT@NJ,PIT,NJ,IR,Lower body,
,,,,,,,,,,,,,40584-13982:Gustav Nyquist,40584-13982,W,Gustav,Gustav Nyquist,Nyquist,10.2333331637912,18,5500,STL@CBJ,CBJ,STL,,,
,,,,,,,,,,,,,40584-97147:Brady Tkachuk,40584-97147,W,Brady,Brady Tkachuk,Tkachuk,12.8888888888889,18,5400,PHI@OTT,OTT,PHI,,,
,,,,,,,,,,,,,40584-62869:Andreas Johnsson,40584-62869,W,Andreas,Andreas Johnsson,Johnsson,10.4599998474121,20,5400,BOS@TOR,TOR,BOS,,,
,,,,,,,,,,,,,40584-41394:Seth Jones,40584-41394,D,Seth,Seth Jones,Jones,11.477778116862,18,5400,STL@CBJ,CBJ,STL,,,
,,,,,,,,,,,,,40584-15287:Jean-Gabriel Pageau,40584-15287,C,Jean-Gabriel,Jean-Gabriel Pageau,Pageau,15.022221883138,18,5400,PHI@OTT,OTT,PHI,,,
,,,,,,,,,,,,,40584-15277:Phillip Danault,40584-15277,C,Phillip,Phillip Danault,Danault,9.11111111111111,18,5300,MON@WSH,MON,WSH,,,
,,,,,,,,,,,,,40584-8797:James van Riemsdyk,40584-8797,W,James,James van Riemsdyk,van Riemsdyk,10.4277776082357,18,5200,PHI@OTT,PHI,OTT,,,
,,,,,,,,,,,,,40584-58990:Kevin Hayes,40584-58990,C,Kevin,Kevin Hayes,Hayes,9.20555538601345,18,5200,PHI@OTT,PHI,OTT,,,
,,,,,,,,,,,,,40584-42417:Jonathan Drouin,40584-42417,W,Jonathan,Jonathan Drouin,Drouin,12.2444441053602,18,5100,MON@WSH,MON,WSH,,,
,,,,,,,,,,,,,40584-66511:Ivan Provorov,40584-66511,D,Ivan,Ivan Provorov,Provorov,11.4388885498047,18,5100,PHI@OTT,PHI,OTT,,,
,,,,,,,,,,,,,40584-23228:Justin Schultz,40584-23228,D,Justin,Justin Schultz,Schultz,9.77222188313802,18,5000,PIT@NJ,PIT,NJ,,,
,,,,,,,,,,,,,40584-111493:Jack Hughes,40584-111493,C,Jack,Jack Hughes,Hughes,8.96470552332261,17,5000,PIT@NJ,NJ,PIT,,,
,,,,,,,,,,,,,40584-42773:Oliver Bjorkstrand,40584-42773,W,Oliver,Oliver Bjorkstrand,Bjorkstrand,9.00555589463976,18,4900,STL@CBJ,CBJ,STL,,,
,,,,,,,,,,,,,40584-80991:Nico Hischier,40584-80991,C,Nico,Nico Hischier,Hischier,8.56666666666667,15,4800,PIT@NJ,NJ,PIT,,,
,,,,,,,,,,,,,40584-8539:Nick Foligno,40584-8539,W,Nick,Nick Foligno,Foligno,7.62941158519072,17,4800,STL@CBJ,CBJ,STL,O,Suspension,
,,,,,,,,,,,,,40584-66601:Jake DeBrusk,40584-66601,W,Jake,Jake DeBrusk,DeBrusk,8.08666687011719,15,4700,BOS@TOR,BOS,TOR,IR,Lower body,
,,,,,,,,,,,,,40584-23233:Alex Galchenyuk,40584-23233,W,Alex,Alex Galchenyuk,Galchenyuk,7.7000003390842,9,4700,PIT@NJ,PIT,NJ,,,
,,,,,,,,,,,,,40584-54521:Shayne Gostisbehere,40584-54521,D,Shayne,Shayne Gostisbehere,Gostisbehere,7.08888880411784,18,4700,PHI@OTT,PHI,OTT,,,
,,,,,,,,,,,,,40584-58686:Kasperi Kapanen,40584-58686,W,Kasperi,Kasperi Kapanen,Kapanen,8.425,20,4700,BOS@TOR,TOR,BOS,,,
,,,,,,,,,,,,,40584-9107:P.K. Subban,40584-9107,D,P.K.,P.K. Subban,Subban,8.56470624138327,17,4700,PIT@NJ,NJ,PIT,,,
,,,,,,,,,,,,,40584-11204:Jake Muzzin,40584-11204,D,Jake,Jake Muzzin,Muzzin,11.1789470471834,19,4700,BOS@TOR,TOR,BOS,,,
,,,,,,,,,,,,,40584-79898:Colin White,40584-79898,C,Colin,Colin White,White,6.54545454545455,11,4600,PHI@OTT,OTT,PHI,,,
,,,,,,,,,,,,,40584-80475:Oskar Lindblom,40584-80475,W,Oskar,Oskar Lindblom,Lindblom,12.022221883138,18,4600,PHI@OTT,PHI,OTT,,,
,,,,,,,,,,,,,40584-61246:Colton Parayko,40584-61246,D,Colton,Colton Parayko,Parayko,10.7263159500925,19,4600,STL@CBJ,STL,CBJ,,,
,,,,,,,,,,,,,40584-66709:Jared McCann,40584-66709,C,Jared,Jared McCann,McCann,10.7312498092651,16,4500,PIT@NJ,PIT,NJ,,,
,,,,,,,,,,,,,40584-23226:Tom Wilson,40584-23226,W,Tom,Tom Wilson,Wilson,13.2949996948242,20,4500,MON@WSH,WSH,MON,,,
,,,,,,,,,,,,,40584-54477:Bryan Rust,40584-54477,W,Bryan,Bryan Rust,Rust,15.7142857142857,7,4500,PIT@NJ,PIT,NJ,,,
,,,,,,,,,,,,,40584-70128:Danton Heinen,40584-70128,W,Danton,Danton Heinen,Heinen,7.25555589463976,18,4500,BOS@TOR,BOS,TOR,,,
,,,,,,,,,,,,,40584-70912:Charlie McAvoy,40584-70912,D,Charlie,Charlie McAvoy,McAvoy,6.33888880411784,18,4400,BOS@TOR,BOS,TOR,,,
,,,,,,,,,,,,,40584-9990:Lars Eller,40584-9990,C,Lars,Lars Eller,Eller,9.30999984741211,20,4400,MON@WSH,WSH,MON,,,
,,,,,,,,,,,,,40584-15313:Vladislav Namestnikov,40584-15313,W,Vladislav,Vladislav Namestnikov,Namestnikov,10.9444444444444,18,4400,PHI@OTT,OTT,PHI,,,
,,,,,,,,,,,,,40584-43022:Connor Brown,40584-43022,W,Connor,Connor Brown,Brown,10.6055552164714,18,4300,PHI@OTT,OTT,PHI,,,
,,,,,,,,,,,,,40584-16969:Charlie Coyle,40584-16969,C,Charlie,Charlie Coyle,Coyle,6.93333350287543,18,4300,BOS@TOR,BOS,TOR,,,
,,,,,,,,,,,,,40584-43120:Anthony Duclair,40584-43120,W,Anthony,Anthony Duclair,Duclair,10.7833336724175,18,4300,PHI@OTT,OTT,PHI,,,
,,,,,,,,,,,,,40584-14474:Sami Vatanen,40584-14474,D,Sami,Sami Vatanen,Vatanen,10.4466664632161,15,4300,PIT@NJ,NJ,PIT,IR,Upper body,
,,,,,,,,,,,,,40584-13981:Tyson Barrie,40584-13981,D,Tyson,Tyson Barrie,Barrie,7.86500015258789,20,4300,BOS@TOR,TOR,BOS,,,
,,,,,,,,,,,,,40584-12609:Zach Hyman,40584-12609,W,Zach,Zach Hyman,Hyman,1.60000002384186,1,4300,BOS@TOR,TOR,BOS,,,
,,,,,,,,,,,,,40584-104140:Ilya Mikheyev,40584-104140,W,Ilya,Ilya Mikheyev,Mikheyev,9.28000030517578,20,4200,BOS@TOR,TOR,BOS,,,
,,,,,,,,,,,,,40584-8404:Wayne Simmonds,40584-8404,W,Wayne,Wayne Simmonds,Simmonds,9.92352923224954,17,4200,PIT@NJ,NJ,PIT,,,
,,,,,,,,,,,,,40584-82179:Alexander Kerfoot,40584-82179,C,Alexander,Alexander Kerfoot,Kerfoot,7.93000030517578,20,4200,BOS@TOR,TOR,BOS,O,Face,
,,,,,,,,,,,,,40584-8516:Artem Anisimov,40584-8516,C,Artem,Artem Anisimov,Anisimov,8,7,4200,PHI@OTT,OTT,PHI,IR,Groin,
,,,,,,,,,,,,,40584-97116:Jesperi Kotkaniemi,40584-97116,C,Jesperi,Jesperi Kotkaniemi,Kotkaniemi,5.77500025431315,12,4200,MON@WSH,MON,WSH,IR,Groin,
,,,,,,,,,,,,,40584-14178:Justin Faulk,40584-14178,D,Justin,Justin Faulk,Faulk,7.01578963430304,19,4200,STL@CBJ,STL,CBJ,,,
,,,,,,,,,,,,,40584-15251:Boone Jenner,40584-15251,C,Boone,Boone Jenner,Jenner,8.08888922797309,18,4200,STL@CBJ,CBJ,STL,,,
,,,,,,,,,,,,,40584-21926:Brian Dumoulin,40584-21926,D,Brian,Brian Dumoulin,Dumoulin,9.03571428571429,14,4200,PIT@NJ,PIT,NJ,,,
,,,,,,,,,,,,,40584-11201:Jeff Petry,40584-11201,D,Jeff,Jeff Petry,Petry,10.6888885498047,18,4200,MON@WSH,MON,WSH,,,
,,,,,,,,,,,,,40584-37880:Scott Laughton,40584-37880,C,Scott,Scott Laughton,Laughton,6.22222222222222,9,4200,PHI@OTT,PHI,OTT,IR,Finger,
,,,,,,,,,,,,,40584-8972:Tyler Bozak,40584-8972,C,Tyler,Tyler Bozak,Bozak,6.50526307758532,19,4100,STL@CBJ,STL,CBJ,,,
,,,,,,,,,,,,,40584-70579:Michal Kempny,40584-70579,D,Michal,Michal Kempny,Kempny,13.1333338419596,12,4100,MON@WSH,WSH,MON,,,
,,,,,,,,,,,,,40584-54743:Alexander Wennberg,40584-54743,C,Alexander,Alexander Wennberg,Wennberg,6.12777794731988,18,4100,STL@CBJ,CBJ,STL,,,
,,,,,,,,,,,,,40584-42983:Joel Armia,40584-42983,W,Joel,Joel Armia,Armia,11.0187501907349,16,4100,MON@WSH,MON,WSH,,,
,,,,,,,,,,,,,40584-80992:Nolan Patrick,40584-80992,C,Nolan,Nolan Patrick,Patrick,7.31388854980469,72,4000,PHI@OTT,PHI,OTT,O,Head,
,,,,,,,,,,,,,40584-8328:Matt Niskanen,40584-8328,D,Matt,Matt Niskanen,Niskanen,8.67222256130642,18,4000,PHI@OTT,PHI,OTT,,,
,,,,,,,,,,,,,40584-58881:Sammy Blais,40584-58881,W,Sammy,Sammy Blais,Blais,7.8588238884421,17,3900,STL@CBJ,STL,CBJ,,,
,,,,,,,,,,,,,40584-66606:Brandon Carlo,40584-66606,D,Brandon,Brandon Carlo,Carlo,6.48888905843099,18,3900,BOS@TOR,BOS,TOR,,,
,,,,,,,,,,,,,40584-83096:Dominik Kahun,40584-83096,W,Dominik,Dominik Kahun,Kahun,7.10588253245634,17,3900,PIT@NJ,PIT,NJ,,,
,,,,,,,,,,,,,40584-82075:Will Butcher,40584-82075,D,Will,Will Butcher,Butcher,7.03999989827474,15,3900,PIT@NJ,NJ,PIT,,,
,,,,,,,,,,,,,40584-13472:Dmitry Orlov,40584-13472,D,Dmitry,Dmitry Orlov,Orlov,7.60999984741211,20,3900,MON@WSH,WSH,MON,,,
,,,,,,,,,,,,,40584-70483:Artturi Lehkonen,40584-70483,W,Artturi,Artturi Lehkonen,Lehkonen,7.46666632758247,18,3900,MON@WSH,MON,WSH,,,
,,,,,,,,,,,,,40584-59271:Travis Sanheim,40584-59271,D,Travis,Travis Sanheim,Sanheim,6.62222205268012,18,3900,PHI@OTT,PHI,OTT,,,
,,,,,,,,,,,,,40584-66515:Vince Dunn,40584-66515,D,Vince,Vince Dunn,Dunn,6.50526307758532,19,3900,STL@CBJ,STL,CBJ,,,
,,,,,,,,,,,,,40584-8186:Zdeno Chara,40584-8186,D,Zdeno,Zdeno Chara,Chara,9.37777794731988,18,3900,BOS@TOR,BOS,TOR,,,
,,,,,,,,,,,,,40584-8490:Andy Greene,40584-8490,D,Andy,Andy Greene,Greene,7.26153857891376,13,3800,PIT@NJ,NJ,PIT,,,
,,,,,,,,,,,,,40584-39235:Chris Tierney,40584-39235,C,Chris,Chris Tierney,Tierney,7.73888905843099,18,3800,PHI@OTT,OTT,PHI,,,
,,,,,,,,,,,,,40584-13742:Ben Chiarot,40584-13742,D,Ben,Ben Chiarot,Chiarot,8.22222222222222,18,3800,MON@WSH,MON,WSH,,,
,,,,,,,,,,,,,40584-8138:Bobby Ryan,40584-8138,W,Bobby,Bobby Ryan,Ryan,5.08571406773159,14,3800,PHI@OTT,OTT,PHI,,,
,,,,,,,,,,,,,40584-81983:Robert Thomas,40584-81983,W,Robert,Robert Thomas,Thomas,5.08571406773159,14,3700,STL@CBJ,STL,CBJ,,,
,,,,,,,,,,,,,40584-66674:Dominik Simon,40584-66674,W,Dominik,Dominik Simon,Simon,8.82777743869358,18,3700,PIT@NJ,PIT,NJ,,,
,,,,,,,,,,,,,40584-39249:Nick Bjugstad,40584-39249,C,Nick,Nick Bjugstad,Bjugstad,5.06666649712457,9,3700,PIT@NJ,PIT,NJ,,,
,,,,,,,,,,,,,40584-66407:Philippe Myers,40584-66407,D,Philippe,Philippe Myers,Myers,10.6285716465541,7,3700,PHI@OTT,PHI,OTT,,,
,,,,,,,,,,,,,40584-21936:Dylan DeMelo,40584-21936,D,Dylan,Dylan DeMelo,DeMelo,4.80000008477105,18,3700,PHI@OTT,OTT,PHI,,,
,,,,,,,,,,,,,40584-65970:Pavel Zacha,40584-65970,W,Pavel,Pavel Zacha,Zacha,7.5,16,3700,PIT@NJ,NJ,PIT,,,
,,,,,,,,,,,,,40584-8641:Alexander Steen,40584-8641,W,Alexander,Alexander Steen,Steen,6.40000017951517,17,3700,STL@CBJ,STL,CBJ,IR,Ankle,
,,,,,,,,,,,,,40584-37883:Cody Ceci,40584-37883,D,Cody,Cody Ceci,Ceci,6.35999984741211,20,3700,BOS@TOR,TOR,BOS,,,
,,,,,,,,,,,,,40584-103524:Nikita Gusev,40584-103524,W,Nikita,Nikita Gusev,Gusev,8,14,3600,PIT@NJ,NJ,PIT,,,
,,,,,,,,,,,,,40584-66682:Travis Dermott,40584-66682,D,Travis,Travis Dermott,Dermott,6.74285725184849,7,3600,BOS@TOR,TOR,BOS,,,
,,,,,,,,,,,,,40584-43152:Damon Severson,40584-43152,D,Damon,Damon Severson,Severson,5.27058814553654,17,3600,PIT@NJ,NJ,PIT,,,
,,,,,,,,,,,,,40584-11410:Justin Braun,40584-11410,D,Justin,Justin Braun,Braun,5.51111094156901,18,3600,PHI@OTT,PHI,OTT,,,
,,,,,,,,,,,,,40584-70375:Nikita Zaitsev,40584-70375,D,Nikita,Nikita Zaitsev,Zaitsev,8.88888888888889,18,3600,PHI@OTT,OTT,PHI,,,
,,,,,,,,,,,,,40584-59127:Garnet Hathaway,40584-59127,W,Garnet,Garnet Hathaway,Hathaway,5.62000007629395,20,3600,MON@WSH,WSH,MON,,,
,,,,,,,,,,,,,40584-42772:Josh Anderson,40584-42772,W,Josh,Josh Anderson,Anderson,5.93333307902018,12,3600,STL@CBJ,CBJ,STL,,,
,,,,,,,,,,,,,40584-103203:Joel Farabee,40584-103203,W,Joel,Joel Farabee,Farabee,7.46666653951009,12,3600,PHI@OTT,PHI,OTT,,,
,,,,,,,,,,,,,40584-59269:Robert Hagg,40584-59269,D,Robert,Robert Hagg,Hagg,5.6,10,3600,PHI@OTT,PHI,OTT,,,
,,,,,,,,,,,,,40584-62923:Marcus Pettersson,40584-62923,D,Marcus,Marcus Pettersson,Pettersson,6.73888905843099,18,3600,PIT@NJ,PIT,NJ,,,
,,,,,,,,,,,,,40584-70118:Miles Wood,40584-70118,W,Miles,Miles Wood,Wood,6.02352950152229,17,3600,PIT@NJ,NJ,PIT,,,
,,,,,,,,,,,,,40584-79860:Victor Mete,40584-79860,D,Victor,Victor Mete,Mete,7.86666700575087,18,3600,MON@WSH,MON,WSH,,,
,,,,,,,,,,,,,40584-12280:Magnus Paajarvi,40584-12280,W,Magnus,Magnus Paajarvi,Paajarvi,6.22000007629395,80,3600,PHI@OTT,OTT,PHI,,,
,,,,,,,,,,,,,40584-58878:Oskar Sundqvist,40584-58878,C,Oskar,Oskar Sundqvist,Sundqvist,5.76842097232216,19,3600,STL@CBJ,STL,CBJ,,,
,,,,,,,,,,,,,40584-117248:Jon Lizotte,40584-117248,D,Jon,Jon Lizotte,Lizotte,0,0,3500,PIT@NJ,PIT,NJ,,,
,,,,,,,,,,,,,40584-12299:David Savard,40584-12299,D,David,David Savard,Savard,5.77777777777778,18,3500,STL@CBJ,CBJ,STL,,,
,,,,,,,,,,,,,40584-15374:Scott Harrington,40584-15374,D,Scott,Scott Harrington,Harrington,5.59999974568685,6,3500,STL@CBJ,CBJ,STL,,,
,,,,,,,,,,,,,40584-68623:Teddy Blueger,40584-68623,C,Teddy,Teddy Blueger,Blueger,5.51111094156901,18,3500,PIT@NJ,PIT,NJ,,,
,,,,,,,,,,,,,40584-103445:Vladislav Gavrikov,40584-103445,D,Vladislav,Vladislav Gavrikov,Gavrikov,3.95294099695542,17,3500,STL@CBJ,CBJ,STL,,,
,,,,,,,,,,,,,40584-8731:Karl Alzner,40584-8731,D,Karl,Karl Alzner,Alzner,4.08888880411784,9,3500,MON@WSH,MON,WSH,,,
,,,,,,,,,,,,,40584-23069:Adam Clendening,40584-23069,D,Adam,Adam Clendening,Clendening,2.40000009536743,4,3500,STL@CBJ,CBJ,STL,,,
,,,,,,,,,,,,,40584-11295:Steven Kampfer,40584-11295,D,Steven,Steven Kampfer,Kampfer,4,2,3500,BOS@TOR,BOS,TOR,,,
,,,,,,,,,,,,,40584-96800:Urho Vaakanainen,40584-96800,D,Urho,Urho Vaakanainen,Vaakanainen,1.60000002384186,1,3500,BOS@TOR,BOS,TOR,,,
,,,,,,,,,,,,,40584-8226:Jay Bouwmeester,40584-8226,D,Jay,Jay Bouwmeester,Bouwmeester,4.8421052631579,19,3500,STL@CBJ,STL,CBJ,,,
,,,,,,,,,,,,,40584-66598:Jakub Zboril,40584-66598,D,Jakub,Jakub Zboril,Zboril,0.800000011920929,2,3500,BOS@TOR,BOS,TOR,,,
,,,,,,,,,,,,,40584-68646:Brandon Tanev,40584-68646,W,Brandon,Brandon Tanev,Tanev,7.53333367241754,18,3500,PIT@NJ,PIT,NJ,,,
,,,,,,,,,,,,,40584-68649:Rob O'Gara,40584-68649,D,Rob,Rob O'Gara,O'Gara,0,0,3500,STL@CBJ,STL,CBJ,,,
,,,,,,,,,,,,,40584-15401:Kevan Miller,40584-15401,D,Kevan,Kevan Miller,Miller,5.98974374624399,39,3500,BOS@TOR,BOS,TOR,O,Kneecap,
,,,,,,,,,,,,,40584-68655:Matt Grzelcyk,40584-68655,D,Matt,Matt Grzelcyk,Grzelcyk,5.36111111111111,18,3500,BOS@TOR,BOS,TOR,,,
,,,,,,,,,,,,,40584-66608:Jeremy Lauzon,40584-66608,D,Jeremy,Jeremy Lauzon,Lauzon,3.34999990463257,16,3500,BOS@TOR,BOS,TOR,,,
,,,,,,,,,,,,,40584-68663:Andy Welinski,40584-68663,D,Andy,Andy Welinski,Welinski,4.46153846153846,26,3500,PHI@OTT,PHI,OTT,,,
,,,,,,,,,,,,,40584-68664:Andreas Englund,40584-68664,D,Andreas,Andreas Englund,Englund,2.13333336512248,3,3500,PHI@OTT,OTT,PHI,,,
,,,,,,,,,,,,,40584-8764:Carl Gunnarsson,40584-8764,D,Carl,Carl Gunnarsson,Gunnarsson,6.09999974568685,12,3500,STL@CBJ,STL,CBJ,,,
,,,,,,,,,,,,,40584-70225:Gabriel Carlsson,40584-70225,D,Gabriel,Gabriel Carlsson,Carlsson,1.60000002384186,1,3500,STL@CBJ,CBJ,STL,,,
,,,,,,,,,,,,,40584-66656:Mike Reilly,40584-66656,D,Mike,Mike Reilly,Reilly,5.40000009536743,8,3500,MON@WSH,MON,WSH,,,
,,,,,,,,,,,,,40584-80480:Christian Jaros,40584-80480,D,Christian,Christian Jaros,Jaros,5.24918052798412,61,3500,PHI@OTT,OTT,PHI,,,
,,,,,,,,,,,,,40584-58986:Erik Burgdoerfer,40584-58986,D,Erik,Erik Burgdoerfer,Burgdoerfer,0.800000011920929,4,3500,MON@WSH,WSH,MON,,,
,,,,,,,,,,,,,40584-66671:Jonas Siegenthaler,40584-66671,D,Jonas,Jonas Siegenthaler,Siegenthaler,5.64000015258789,20,3500,MON@WSH,WSH,MON,,,
,,,,,,,,,,,,,40584-8829:Nate Thompson,40584-8829,C,Nate,Nate Thompson,Thompson,6.82222239176432,18,3500,MON@WSH,MON,WSH,,,
,,,,,,,,,,,,,40584-8847:Robert Bortuzzo,40584-8847,D,Robert,Robert Bortuzzo,Bortuzzo,2.51428576878139,7,3500,STL@CBJ,STL,CBJ,,,
,,,,,,,,,,,,,40584-21649:Zach Trotman,40584-21649,D,Zach,Zach Trotman,Trotman,4.83846165583684,13,3500,PIT@NJ,PIT,NJ,,,
,,,,,,,,,,,,,40584-21650:Xavier Ouellet,40584-21650,D,Xavier,Xavier Ouellet,Ouellet,6.48421036569696,19,3500,MON@WSH,MON,WSH,,,
,,,,,,,,,,,,,40584-116883:Matt Abt,40584-116883,D,Matt,Matt Abt,Abt,0,0,3500,PIT@NJ,PIT,NJ,,,
,,,,,,,,,,,,,40584-116885:John Marino,40584-116885,D,John,John Marino,Marino,5.94999980926514,16,3500,PIT@NJ,PIT,NJ,,,
,,,,,,,,,,,,,40584-84116:Erik Brannstrom,40584-84116,D,Erik,Erik Brannstrom,Brannstrom,3.10588230806239,17,3500,PHI@OTT,OTT,PHI,,,
,,,,,,,,,,,,,40584-116884:Michael Kim,40584-116884,D,Michael,Michael Kim,Kim,0,0,3500,PIT@NJ,PIT,NJ,,,
,,,,,,,,,,,,,40584-66712:Noah Juulsen,40584-66712,D,Noah,Noah Juulsen,Juulsen,6.74285743350074,21,3500,MON@WSH,MON,WSH,,,
,,,,,,,,,,,,,40584-8860:John Moore,40584-8860,D,John,John Moore,Moore,6.52950799660605,61,3500,BOS@TOR,BOS,TOR,O,Shoulder,
,,,,,,,,,,,,,40584-43167:Mirco Mueller,40584-43167,D,Mirco,Mirco Mueller,Mueller,3.2,10,3500,PIT@NJ,NJ,PIT,,,
,,,,,,,,,,,,,40584-66745:Josh Jacobs,40584-66745,D,Josh,Josh Jacobs,Jacobs,3.20000004768372,1,3500,PIT@NJ,NJ,PIT,,,
,,,,,,,,,,,,,40584-43207:Jake Dotchin,40584-43207,D,Jake,Jake Dotchin,Dotchin,2.33999996185303,20,3500,STL@CBJ,STL,CBJ,,,
,,,,,,,,,,,,,40584-54475:Christian Folin,40584-54475,D,Christian,Christian Folin,Folin,5.12000007629395,5,3500,MON@WSH,MON,WSH,,,
,,,,,,,,,,,,,40584-8410:Jack Johnson,40584-8410,D,Jack,Jack Johnson,Johnson,3.6705883250517,17,3500,PIT@NJ,PIT,NJ,,,
,,,,,,,,,,,,,40584-21735:Matt Tennyson,40584-21735,D,Matt,Matt Tennyson,Tennyson,4.50909077037464,11,3500,PIT@NJ,NJ,PIT,,,
,,,,,,,,,,,,,40584-104173:Teemu Kivihalme,40584-104173,D,Teemu,Teemu Kivihalme,Kivihalme,0,0,3500,BOS@TOR,TOR,BOS,,,
,,,,,,,,,,,,,40584-104175:Otto Leskinen,40584-104175,D,Otto,Otto Leskinen,Leskinen,0,0,3500,MON@WSH,MON,WSH,,,
,,,,,,,,,,,,,40584-23286:Ryan Murray,40584-23286,D,Ryan,Ryan Murray,Murray,8.94545468417081,11,3500,STL@CBJ,CBJ,STL,O,Knee,
,,,,,,,,,,,,,40584-59135:Justin Holl,40584-59135,D,Justin,Justin Holl,Holl,6.44444444444444,18,3500,BOS@TOR,TOR,BOS,,,
,,,,,,,,,,,,,40584-82177:Connor Clifton,40584-82177,D,Connor,Connor Clifton,Clifton,3.84999990463257,16,3500,BOS@TOR,BOS,TOR,,,
,,,,,,,,,,,,,40584-59140:Kevin Gravel,40584-59140,D,Kevin,Kevin Gravel,Gravel,2.66666666666667,3,3500,BOS@TOR,TOR,BOS,,,
,,,,,,,,,,,,,40584-117000:Rob Michel,40584-117000,D,Rob,Rob Michel,Michel,0,0,3500,PHI@OTT,PHI,OTT,,,
,,,,,,,,,,,,,40584-70416:Markus Nutivaara,40584-70416,D,Markus,Markus Nutivaara,Nutivaara,6.4,10,3500,STL@CBJ,CBJ,STL,IR,Upper body,
,,,,,,,,,,,,,40584-39710:Nick Jensen,40584-39710,D,Nick,Nick Jensen,Jensen,3.94500007629395,20,3500,MON@WSH,WSH,MON,,,
,,,,,,,,,,,,,40584-117054:Cooper Zech,40584-117054,D,Cooper,Cooper Zech,Zech,0,0,3500,BOS@TOR,BOS,TOR,,,
,,,,,,,,,,,,,40584-97091:Martin Fehervary,40584-97091,D,Martin,Martin Fehervary,Fehervary,2.13333336512248,3,3500,MON@WSH,WSH,MON,,,
,,,,,,,,,,,,,40584-12613:Radko Gudas,40584-12613,D,Radko,Radko Gudas,Gudas,6.71999969482422,20,3500,MON@WSH,WSH,MON,,,
,,,,,,,,,,,,,40584-104277:Niclas Almari,40584-104277,D,Niclas,Niclas Almari,Almari,0,0,3500,PIT@NJ,PIT,NJ,,,
,,,,,,,,,,,,,40584-8534:Jason Spezza,40584-8534,C,Jason,Jason Spezza,Spezza,6.64000015258789,10,3500,BOS@TOR,TOR,BOS,,,
,,,,,,,,,,,,,40584-12121:Cody Goloubef,40584-12121,D,Cody,Cody Goloubef,Goloubef,1.60000002384186,1,3500,PHI@OTT,OTT,PHI,,,
,,,,,,,,,,,,,40584-42844:Connor Carrick,40584-42844,D,Connor,Connor Carrick,Carrick,6,4,3500,PIT@NJ,NJ,PIT,IR,Finger,
,,,,,,,,,,,,,40584-42846:Tyler Lewington,40584-42846,D,Tyler,Tyler Lewington,Lewington,2.23999996185303,5,3500,MON@WSH,WSH,MON,,,
,,,,,,,,,,,,,40584-54110:Gustav Olofsson,40584-54110,D,Gustav,Gustav Olofsson,Olofsson,0,0,3500,MON@WSH,MON,WSH,,,
,,,,,,,,,,,,,40584-97120:Cale Fleury,40584-97120,D,Cale,Cale Fleury,Fleury,4.06153840285081,13,3500,MON@WSH,MON,WSH,,,
,,,,,,,,,,,,,40584-42855:Ben Harpur,40584-42855,D,Ben,Ben Harpur,Harpur,4.59607831169577,51,3500,BOS@TOR,TOR,BOS,,,
,,,,,,,,,,,,,40584-14184:Martin Marincin,40584-14184,D,Martin,Martin Marincin,Marincin,3.19999994550432,7,3500,BOS@TOR,TOR,BOS,,,
,,,,,,,,,,,,,40584-62825:Jordan Schmaltz,40584-62825,D,Jordan,Jordan Schmaltz,Schmaltz,3.44000015258789,20,3500,BOS@TOR,TOR,BOS,,,
,,,,,,,,,,,,,40584-11119:Nate Prosser,40584-11119,D,Nate,Nate Prosser,Prosser,2.4533332824707,15,3500,PHI@OTT,PHI,OTT,,,
,,,,,,,,,,,,,40584-42863:Derrick Pouliot,40584-42863,D,Derrick,Derrick Pouliot,Pouliot,5.07903215962072,62,3500,STL@CBJ,STL,CBJ,,,
,,,,,,,,,,,,,40584-117111:Maxence Guenette,40584-117111,D,Maxence,Maxence Guenette,Guenette,0,0,3500,PHI@OTT,OTT,PHI,,,
,,,,,,,,,,,,,40584-62858:Dean Kukan,40584-62858,D,Dean,Dean Kukan,Kukan,5.12000007629395,10,3500,STL@CBJ,CBJ,STL,,,
,,,,,,,,,,,,,40584-84363:Juuso Riikola,40584-84363,D,Juuso,Juuso Riikola,Riikola,4.7999997820173,7,3500,PIT@NJ,PIT,NJ,,,
,,,,,,,,,,,,,40584-11148:Paul Byron,40584-11148,W,Paul,Paul Byron,Byron,3.95555538601345,18,3500,MON@WSH,MON,WSH,,,
,,,,,,,,,,,,,40584-39309:Chad Ruhwedel,40584-39309,D,Chad,Chad Ruhwedel,Ruhwedel,4.48888905843099,18,3500,PIT@NJ,PIT,NJ,,,
,,,,,,,,,,,,,40584-82828:Christian Wolanin,40584-82828,D,Christian,Christian Wolanin,Wolanin,7.35666656494141,30,3500,PHI@OTT,OTT,PHI,O,Shoulder,
,,,,,,,,,,,,,40584-74132:Maxime Lajoie,40584-74132,D,Maxime,Maxime Lajoie,Lajoie,7.31428582327707,56,3500,PHI@OTT,OTT,PHI,,,
,,,,,,,,,,,,,40584-97176:Rasmus Sandin,40584-97176,D,Rasmus,Rasmus Sandin,Sandin,4.79999987284343,6,3500,BOS@TOR,TOR,BOS,,,
,,,,,,,,,,,,,40584-13743:Mark Borowiecki,40584-13743,D,Mark,Mark Borowiecki,Borowiecki,8.62222205268012,18,3500,PHI@OTT,OTT,PHI,,,
,,,,,,,,,,,,,40584-84407:Alexandre Texier,40584-84407,W,Alexandre,Alexandre Texier,Texier,5.06428582327707,14,3500,STL@CBJ,CBJ,STL,,,
,,,,,,,,,,,,,40584-97213:Ty Smith,40584-97213,D,Ty,Ty Smith,Smith,0,0,3500,PIT@NJ,NJ,PIT,,,
,,,,,,,,,,,,,40584-42962:Brett Kulak,40584-42962,D,Brett,Brett Kulak,Kulak,4.64000015258789,10,3500,MON@WSH,MON,WSH,,,
,,,,,,,,,,,,,40584-54744:Christian Djoos,40584-54744,D,Christian,Christian Djoos,Djoos,4.03555569118924,45,3500,MON@WSH,WSH,MON,,,
,,,,,,,,,,,,,40584-8167:Ron Hainsey,40584-8167,D,Ron,Ron Hainsey,Hainsey,5.22222222222222,18,3500,PHI@OTT,OTT,PHI,,,
,,,,,,,,,,,,,40584-11245:Brian Strait,40584-11245,D,Brian,Brian Strait,Strait,0,0,3500,PIT@NJ,NJ,PIT,,,
,,,,,,,,,,,,,40584-80369:Jesper Bratt,40584-80369,W,Jesper,Jesper Bratt,Bratt,6.28571428571429,14,3500,PIT@NJ,NJ,PIT,,,
,,,,,,,,,,,,,40584-15349:Joe Morrow,40584-15349,D,Joe,Joe Morrow,Morrow,4.46829260849371,41,3500,PIT@NJ,NJ,PIT,,,
,,,,,,,,,,,,,40584-43000:Samuel Morin,40584-43000,D,Samuel,Samuel Morin,Morin,0,1,3500,PHI@OTT,PHI,OTT,IR,Knee,
,,,,,,,,,,,,,40584-15357:Carl Hagelin,40584-15357,W,Carl,Carl Hagelin,Hagelin,5.38823520436007,17,3500,MON@WSH,WSH,MON,O,Upper body,
,,,,,,,,,,,,,40584-82973:Karson Kuhlman,40584-82973,W,Karson,Karson Kuhlman,Kuhlman,3.20000004768372,8,3400,BOS@TOR,BOS,TOR,IR,Leg,
,,,,,,,,,,,,,40584-66600:Blake Coleman,40584-66600,W,Blake,Blake Coleman,Coleman,7.10588253245634,17,3400,PIT@NJ,NJ,PIT,,,
,,,,,,,,,,,,,40584-82006:Nick Suzuki,40584-82006,C,Nick,Nick Suzuki,Suzuki,6.38333341810438,18,3400,MON@WSH,MON,WSH,,,
,,,,,,,,,,,,,40584-40039:Michael Raffl,40584-40039,W,Michael,Michael Raffl,Raffl,6.17777760823568,18,3400,PHI@OTT,PHI,OTT,,,
,,,,,,,,,,,,,40584-8475:Travis Zajac,40584-8475,C,Travis,Travis Zajac,Zajac,4,17,3400,PIT@NJ,NJ,PIT,,,
,,,,,,,,,,,,,40584-59261:Nick Paul,40584-59261,W,Nick,Nick Paul,Paul,9.88461538461539,13,3400,PHI@OTT,OTT,PHI,,,
,,,,,,,,,,,,,40584-58880:Ivan Barbashev,40584-58880,W,Ivan,Ivan Barbashev,Barbashev,5.83157910798725,19,3300,STL@CBJ,STL,CBJ,,,
,,,,,,,,,,,,,40584-68648:Sean Kuraly,40584-68648,C,Sean,Sean Kuraly,Kuraly,5.11111111111111,18,3300,BOS@TOR,BOS,TOR,,,
,,,,,,,,,,,,,40584-66757:Filip Chlapik,40584-66757,W,Filip,Filip Chlapik,Chlapik,6.30000019073486,8,3300,PHI@OTT,OTT,PHI,,,
,,,,,,,,,,,,,40584-70909:Logan Brown,40584-70909,C,Logan,Logan Brown,Brown,6.125,4,3300,PHI@OTT,OTT,PHI,,,
,,,,,,,,,,,,,40584-74112:Trevor Moore,40584-74112,W,Trevor,Trevor Moore,Moore,6.54000015258789,20,3300,BOS@TOR,TOR,BOS,,,
,,,,,,,,,,,,,40584-21895:Chris Wagner,40584-21895,W,Chris,Chris Wagner,Wagner,5.31764714858111,17,3300,BOS@TOR,BOS,TOR,,,
,,,,,,,,,,,,,40584-79820:Zach Aston-Reese,40584-79820,W,Zach,Zach Aston-Reese,Aston-Reese,7.26666683620877,18,3300,PIT@NJ,PIT,NJ,,,
,,,,,,,,,,,,,40584-15395:Brett Ritchie,40584-15395,W,Brett,Brett Ritchie,Ritchie,5.08461526724008,13,3200,BOS@TOR,BOS,TOR,O,Upper body,
,,,,,,,,,,,,,40584-80481:Anders Bjork,40584-80481,W,Anders,Anders Bjork,Bjork,7.65,10,3200,BOS@TOR,BOS,TOR,,,
,,,,,,,,,,,,,40584-58977:Sonny Milano,40584-58977,W,Sonny,Sonny Milano,Milano,6.15000009536743,16,3200,STL@CBJ,CBJ,STL,,,
,,,,,,,,,,,,,40584-14486:Garrett Wilson,40584-14486,W,Garrett,Garrett Wilson,Wilson,3.68,50,3200,BOS@TOR,TOR,BOS,,,
,,,,,,,,,,,,,40584-66719:Dmytro Timashov,40584-66719,W,Dmytro,Dmytro Timashov,Timashov,4.53333333333333,15,3200,BOS@TOR,TOR,BOS,,,
,,,,,,,,,,,,,40584-54478:Nic Dowd,40584-54478,C,Nic,Nic Dowd,Dowd,4.71428571428571,14,3200,MON@WSH,WSH,MON,O,Upper body,
,,,,,,,,,,,,,40584-73998:Vitaly Abramov,40584-73998,W,Vitaly,Vitaly Abramov,Abramov,8.39999961853027,2,3200,PHI@OTT,OTT,PHI,,,
,,,,,,,,,,,,,40584-82190:Drake Batherson,40584-82190,W,Drake,Drake Batherson,Batherson,1.60000002384186,2,3200,PHI@OTT,OTT,PHI,,,
,,,,,,,,,,,,,40584-9006:Tyler Ennis,40584-9006,W,Tyler,Tyler Ennis,Ennis,8.1000001695421,18,3200,PHI@OTT,OTT,PHI,,,
,,,,,,,,,,,,,40584-74041:Zach Sanford,40584-74041,W,Zach,Zach Sanford,Sanford,4.17142868041992,14,3200,STL@CBJ,STL,CBJ,,,
,,,,,,,,,,,,,40584-12625:Jordan Weal,40584-12625,W,Jordan,Jordan Weal,Weal,7.40999984741211,10,3200,MON@WSH,MON,WSH,,,
,,,,,,,,,,,,,40584-42839:Chandler Stephenson,40584-42839,W,Chandler,Chandler Stephenson,Stephenson,4.22499990463257,16,3200,MON@WSH,WSH,MON,,,
,,,,,,,,,,,,,40584-82796:Sam Lafferty,40584-82796,W,Sam,Sam Lafferty,Lafferty,9.23636349764737,11,3200,PIT@NJ,PIT,NJ,,,
,,,,,,,,,,,,,40584-84348:Par Lindholm,40584-84348,W,Par,Par Lindholm,Lindholm,3.46666675143772,9,3200,BOS@TOR,BOS,TOR,,,
,,,,,,,,,,,,,40584-15307:Nick Cousins,40584-15307,W,Nick,Nick Cousins,Cousins,8.57500012715658,12,3200,MON@WSH,MON,WSH,,,
,,,,,,,,,,,,,40584-42977:Nic Petan,40584-42977,W,Nic,Nic Petan,Petan,3.73333326975505,6,3200,BOS@TOR,TOR,BOS,,,
,,,,,,,,,,,,,40584-68645:MacKenzie MacEachern,40584-68645,W,MacKenzie,MacKenzie MacEachern,MacEachern,4.73333326975505,12,3100,STL@CBJ,STL,CBJ,,,
,,,,,,,,,,,,,40584-40019:Brendan Leipsic,40584-40019,W,Brendan,Brendan Leipsic,Leipsic,5.14500007629395,20,3100,MON@WSH,WSH,MON,,,
,,,,,,,,,,,,,40584-73969:Rudolfs Balcers,40584-73969,W,Rudolfs,Rudolfs Balcers,Balcers,6.92222213745117,36,3100,PHI@OTT,OTT,PHI,,,
,,,,,,,,,,,,,40584-54517:Jacob de la Rose,40584-54517,W,Jacob,Jacob de la Rose,de la Rose,4.13333341810438,18,3100,STL@CBJ,STL,CBJ,,,
,,,,,,,,,,,,,40584-82191:Alex Formenton,40584-82191,W,Alex,Alex Formenton,Formenton,5.42222213745117,9,3100,PHI@OTT,OTT,PHI,,,
,,,,,,,,,,,,,40584-9002:Richard Panik,40584-9002,W,Richard,Richard Panik,Panik,2.4,10,3100,MON@WSH,WSH,MON,,,
,,,,,,,,,,,,,40584-54577:Pontus Aberg,40584-54577,W,Pontus,Pontus Aberg,Aberg,7.30000020689884,59,3100,BOS@TOR,TOR,BOS,,,
,,,,,,,,,,,,,40584-103240:Ryan Poehling,40584-103240,W,Ryan,Ryan Poehling,Poehling,2,4,3100,MON@WSH,MON,WSH,,,
,,,,,,,,,,,,,40584-42918:Scott Sabourin,40584-42918,W,Scott,Scott Sabourin,Sabourin,3.85454559326172,11,3100,PHI@OTT,OTT,PHI,IR,Head,
,,,,,,,,,,,,,40584-68609:Nick Lappin,40584-68609,W,Nick,Nick Lappin,Lappin,2.03636360168457,11,3000,STL@CBJ,STL,CBJ,,,
,,,,,,,,,,,,,40584-104448:Emil Bemstrom,40584-104448,W,Emil,Emil Bemstrom,Bemstrom,5.77222230699327,18,3000,STL@CBJ,CBJ,STL,,,
,,,,,,,,,,,,,40584-23051:Joakim Nordstrom,40584-23051,W,Joakim,Joakim Nordstrom,Nordstrom,7.08571406773159,7,3000,BOS@TOR,BOS,TOR,,,
,,,,,,,,,,,,,40584-43024:Frederik Gauthier,40584-43024,C,Frederik,Frederik Gauthier,Gauthier,3.84000015258789,20,3000,BOS@TOR,TOR,BOS,,,
,,,,,,,,,,,,,40584-21521:Phil Varone,40584-21521,W,Phil,Phil Varone,Varone,3.25106389471825,47,3000,MON@WSH,MON,WSH,,,
,,,,,,,,,,,,,40584-23071:Vladimir Tarasenko,40584-23071,W,Vladimir,Vladimir Tarasenko,Tarasenko,14.6300003051758,10,3000,STL@CBJ,STL,CBJ,IR,Shoulder,
,,,,,,,,,,,,,40584-104485:Kasper Bjorkqvist,40584-104485,W,Kasper,Kasper Bjorkqvist,Bjorkqvist,0,0,3000,PIT@NJ,PIT,NJ,,,
,,,,,,,,,,,,,40584-68651:Kalle Kossila,40584-68651,W,Kalle,Kalle Kossila,Kossila,4.30000019073486,8,3000,BOS@TOR,TOR,BOS,,,
,,,,,,,,,,,,,40584-66605:Zach Senyshyn,40584-66605,W,Zach,Zach Senyshyn,Senyshyn,4.80000019073486,4,3000,BOS@TOR,BOS,TOR,IR,Lower body,
,,,,,,,,,,,,,40584-82993:Joey Anderson,40584-82993,W,Joey,Joey Anderson,Anderson,5,34,3000,PIT@NJ,NJ,PIT,,,
,,,,,,,,,,,,,40584-81974:Morgan Frost,40584-81974,C,Morgan,Morgan Frost,Frost,0,0,3000,PHI@OTT,PHI,OTT,,,
,,,,,,,,,,,,,40584-81981:Klim Kostin,40584-81981,W,Klim,Klim Kostin,Kostin,0,0,3000,STL@CBJ,STL,CBJ,,,
,,,,,,,,,,,,,40584-66629:Kole Sherwood,40584-66629,W,Kole,Kole Sherwood,Sherwood,3.73333326975505,3,3000,STL@CBJ,CBJ,STL,IR,Oblique,
,,,,,,,,,,,,,40584-9293:Troy Brouwer,40584-9293,W,Troy,Troy Brouwer,Brouwer,5.55199991861979,75,3000,STL@CBJ,STL,CBJ,,,
,,,,,,,,,,,,,40584-12880:Darren Archibald,40584-12880,W,Darren,Darren Archibald,Archibald,3.53333346048991,12,3000,BOS@TOR,TOR,BOS,,,
,,,,,,,,,,,,,40584-102994:Max Veronneau,40584-102994,W,Max,Max Veronneau,Veronneau,6.04166666666667,12,3000,PHI@OTT,OTT,PHI,,,
,,,,,,,,,,,,,40584-79963:Mikhail Vorobyev,40584-79963,W,Mikhail,Mikhail Vorobyev,Vorobyev,2.66666666666667,6,3000,PHI@OTT,PHI,OTT,,,
,,,,,,,,,,,,,40584-8284:Chris Stewart,40584-8284,W,Chris,Chris Stewart,Stewart,1.79999995231628,8,3000,PHI@OTT,PHI,OTT,,,
,,,,,,,,,,,,,40584-13932:Matt Read,40584-13932,W,Matt,Matt Read,Read,3.79999987284342,12,3000,BOS@TOR,TOR,BOS,,,
,,,,,,,,,,,,,40584-42628:Andrew Agozzino,40584-42628,W,Andrew,Andrew Agozzino,Agozzino,0,1,3000,PIT@NJ,PIT,NJ,,,
,,,,,,,,,,,,,40584-42629:Joseph Blandisi,40584-42629,W,Joseph,Joseph Blandisi,Blandisi,4.2285714830671,7,3000,PIT@NJ,PIT,NJ,,,
,,,,,,,,,,,,,40584-14484:Jordan Szwarz,40584-14484,W,Jordan,Jordan Szwarz,Szwarz,1.60000006357829,3,3000,PHI@OTT,OTT,PHI,,,
,,,,,,,,,,,,,40584-12438:Riley Nash,40584-12438,W,Riley,Riley Nash,Nash,5.24705864401425,17,3000,STL@CBJ,CBJ,STL,,,
,,,,,,,,,,,,,40584-116887:Sam Poulin,40584-116887,W,Sam,Sam Poulin,Poulin,0,0,3000,PIT@NJ,PIT,NJ,,,
,,,,,,,,,,,,,40584-116886:Nathan Legare,40584-116886,W,Nathan,Nathan Legare,Legare,0,0,3000,PIT@NJ,PIT,NJ,,,
,,,,,,,,,,,,,40584-116907:Jakob Lilja,40584-116907,W,Jakob,Jakob Lilja,Lilja,4.64000015258789,10,3000,STL@CBJ,CBJ,STL,,,
,,,,,,,,,,,,,40584-66734:J.C. Beaudin,40584-66734,C,J.C.,J.C. Beaudin,Beaudin,2.07999992370605,10,3000,PHI@OTT,OTT,PHI,,,
,,,,,,,,,,,,,40584-43188:Kurtis Gabriel,40584-43188,W,Kurtis,Kurtis Gabriel,Gabriel,2.90909090909091,22,3000,PHI@OTT,PHI,OTT,,,
,,,,,,,,,,,,,40584-39105:Kenny Agostino,40584-39105,W,Kenny,Kenny Agostino,Agostino,5.83015853639633,63,3000,BOS@TOR,TOR,BOS,,,
,,,,,,,,,,,,,40584-73930:Connor Bunnaman,40584-73930,C,Connor,Connor Bunnaman,Bunnaman,2,4,3000,PHI@OTT,PHI,OTT,,,
,,,,,,,,,,,,,40584-73935:Carsen Twarynski,40584-73935,W,Carsen,Carsen Twarynski,Twarynski,3.13846147977389,13,3000,PHI@OTT,PHI,OTT,,,
,,,,,,,,,,,,,40584-73940:Jordan Kyrou,40584-73940,W,Jordan,Jordan Kyrou,Kyrou,3.65000009536743,16,3000,STL@CBJ,STL,CBJ,,,
,,,,,,,,,,,,,40584-82144:Adam Johnson,40584-82144,W,Adam,Adam Johnson,Johnson,4.68571417672294,7,3000,PIT@NJ,PIT,NJ,,,
,,,,,,,,,,,,,40584-39677:Brendan Gaunce,40584-39677,W,Brendan,Brendan Gaunce,Gaunce,10.4000002543132,3,3000,BOS@TOR,BOS,TOR,,,
,,,,,,,,,,,,,40584-70910:Michael McLeod,40584-70910,C,Michael,Michael McLeod,McLeod,3.04761904761905,21,3000,PIT@NJ,NJ,PIT,,,
,,,,,,,,,,,,,40584-82176:Jack Studnicka,40584-82176,C,Jack,Jack Studnicka,Studnicka,0,0,3000,BOS@TOR,BOS,TOR,,,
,,,,,,,,,,,,,40584-62724:Andreas Martinsen,40584-62724,W,Andreas,Andreas Martinsen,Martinsen,3.5,24,3000,PIT@NJ,PIT,NJ,,,
,,,,,,,,,,,,,40584-70920:German Rubtsov,40584-70920,C,German,German Rubtsov,Rubtsov,2.66666666666667,3,3000,PHI@OTT,PHI,OTT,,,
,,,,,,,,,,,,,40584-70927:Trent Frederic,40584-70927,C,Trent,Trent Frederic,Frederic,2.3466667175293,15,3000,BOS@TOR,BOS,TOR,,,
,,,,,,,,,,,,,40584-53527:Marko Dano,40584-53527,W,Marko,Marko Dano,Dano,1.20000004768372,8,3000,STL@CBJ,CBJ,STL,,,
,,,,,,,,,,,,,40584-39714:Charles Hudon,40584-39714,W,Charles,Charles Hudon,Hudon,4.59062480926514,32,3000,MON@WSH,MON,WSH,,,
,,,,,,,,,,,,,40584-42795:Michael McCarron,40584-42795,W,Michael,Michael McCarron,McCarron,0,0,3000,MON@WSH,MON,WSH,,,
,,,,,,,,,,,,,40584-117053:Robert Lantosi,40584-117053,W,Robert,Robert Lantosi,Lantosi,0,0,3000,BOS@TOR,BOS,TOR,,,
,,,,,,,,,,,,,40584-116547:Tristan Scherwey,40584-116547,W,Tristan,Tristan Scherwey,Scherwey,0,0,3000,PHI@OTT,OTT,PHI,,,
,,,,,,,,,,,,,40584-8515:Brandon Dubinsky,40584-8515,W,Brandon,Brandon Dubinsky,Dubinsky,4.64918042792649,61,3000,STL@CBJ,CBJ,STL,IR,Wrist,
,,,,,,,,,,,,,40584-62275:Travis Boyd,40584-62275,W,Travis,Travis Boyd,Boyd,5.86666679382324,6,3000,MON@WSH,WSH,MON,,,
,,,,,,,,,,,,,40584-82757:Erik Foley,40584-82757,W,Erik,Erik Foley,Foley,0,0,3000,STL@CBJ,STL,CBJ,O,Concussion,
,,,,,,,,,,,,,40584-8520:Ryan Callahan,40584-8520,W,Ryan,Ryan Callahan,Callahan,6.30961550199069,52,3000,PHI@OTT,OTT,PHI,O,Back,
,,,,,,,,,,,,,40584-74067:Kevin Rooney,40584-74067,C,Kevin,Kevin Rooney,Rooney,3.1999998826247,13,3000,PIT@NJ,NJ,PIT,O,Upper body,
,,,,,,,,,,,,,40584-62293:Matthew Peca,40584-62293,C,Matthew,Matthew Peca,Peca,4.70769246419271,39,3000,MON@WSH,MON,WSH,,,
,,,,,,,,,,,,,40584-74071:Nathan Bastian,40584-74071,W,Nathan,Nathan Bastian,Bastian,8.34285736083984,7,3000,PIT@NJ,NJ,PIT,,,
,,,,,,,,,,,,,40584-74070:Brandon Gignac,40584-74070,W,Brandon,Brandon Gignac,Gignac,3.20000004768372,1,3000,PIT@NJ,NJ,PIT,,,
,,,,,,,,,,,,,40584-117078:Derek Barach,40584-117078,C,Derek,Derek Barach,Barach,0,0,3000,STL@CBJ,CBJ,STL,,,
,,,,,,,,,,,,,40584-42841:Nathan Walker,40584-42841,W,Nathan,Nathan Walker,Walker,3.73333326975505,3,3000,STL@CBJ,STL,CBJ,,,
,,,,,,,,,,,,,40584-97118:Joel Teasdale,40584-97118,W,Joel,Joel Teasdale,Teasdale,0,0,3000,MON@WSH,MON,WSH,,,
,,,,,,,,,,,,,40584-108386:Samuel Asselin,40584-108386,C,Samuel,Samuel Asselin,Asselin,0,0,3000,BOS@TOR,BOS,TOR,,,
,,,,,,,,,,,,,40584-117098:Joe Cox,40584-117098,W,Joe,Joe Cox,Cox,0,0,3000,MON@WSH,MON,WSH,,,
,,,,,,,,,,,,,40584-117106:Ludvig Larsson,40584-117106,C,Ludvig,Ludvig Larsson,Larsson,0,0,3000,PIT@NJ,NJ,PIT,,,
,,,,,,,,,,,,,40584-82808:Brett Seney,40584-82808,W,Brett,Brett Seney,Seney,4.44901948816636,51,3000,PIT@NJ,NJ,PIT,,,
,,,,,,,,,,,,,40584-9085:Cal O'Reilly,40584-9085,C,Cal,Cal O'Reilly,O'Reilly,0,0,3000,PHI@OTT,PHI,OTT,,,
,,,,,,,,,,,,,40584-59263:Nicolas Aube-Kubel,40584-59263,W,Nicolas,Nicolas Aube-Kubel,Aube-Kubel,0.355555560853746,9,3000,PHI@OTT,PHI,OTT,,,
,,,,,,,,,,,,,40584-8584:Mikkel Boedker,40584-8584,W,Mikkel,Mikkel Boedker,Boedker,3.2,5,3000,PHI@OTT,OTT,PHI,,,
,,,,,,,,,,,,,40584-39311:Nicholas Shore,40584-39311,C,Nicholas,Nicholas Shore,Shore,2.30588239781997,17,3000,BOS@TOR,TOR,BOS,,,
,,,,,,,,,,,,,40584-82835:Shane Gersich,40584-82835,C,Shane,Shane Gersich,Gersich,0,0,3000,MON@WSH,WSH,MON,,,
,,,,,,,,,,,,,40584-117141:Colt Conrad,40584-117141,C,Colt,Colt Conrad,Conrad,0,0,3000,BOS@TOR,TOR,BOS,,,
,,,,,,,,,,,,,40584-74134:Peter Cehlarik,40584-74134,W,Peter,Peter Cehlarik,Cehlarik,3.73333326975505,3,3000,BOS@TOR,BOS,TOR,,,
,,,,,,,,,,,,,40584-49563:Tyler Gaudet,40584-49563,C,Tyler,Tyler Gaudet,Gaudet,0,0,3000,BOS@TOR,TOR,BOS,,,
,,,,,,,,,,,,,40584-82852:Eric Robinson,40584-82852,W,Eric,Eric Robinson,Robinson,16.7999992370605,1,3000,STL@CBJ,CBJ,STL,,,
,,,,,,,,,,,,,40584-8620:Jamie McGinn,40584-8620,W,Jamie,Jamie McGinn,McGinn,6.00526307758532,19,3000,STL@CBJ,STL,CBJ,,,
,,,,,,,,,,,,,40584-12718:Tyler Pitlick,40584-12718,W,Tyler,Tyler Pitlick,Pitlick,3.08571434020996,14,3000,PHI@OTT,PHI,OTT,,,
,,,,,,,,,,,,,40584-15286:Stefan Noesen,40584-15286,W,Stefan,Stefan Noesen,Noesen,5.17073170731707,41,3000,PIT@NJ,PIT,NJ,,,
,,,,,,,,,,,,,40584-12732:Michael Sgarbossa,40584-12732,W,Michael,Michael Sgarbossa,Sgarbossa,0,0,3000,MON@WSH,WSH,MON,,,
,,,,,,,,,,,,,40584-8643:David Backes,40584-8643,W,David,David Backes,Backes,4,8,3000,BOS@TOR,BOS,TOR,IR,Upper body,
,,,,,,,,,,,,,40584-79812:John Hayden,40584-79812,W,John,John Hayden,Hayden,1.82857145581927,7,3000,PIT@NJ,NJ,PIT,,,
,,,,,,,,,,,,,40584-97233:Jesper Boqvist,40584-97233,W,Jesper,Jesper Boqvist,Boqvist,1.86666663487752,6,3000,PIT@NJ,NJ,PIT,,,
,,,,,,,,,,,,,40584-11225:Dale Weise,40584-11225,W,Dale,Dale Weise,Weise,4.63529399797028,51,3000,MON@WSH,MON,WSH,,,
,,,,,,,,,,,,,40584-62442:Markus Hannikainen,40584-62442,W,Markus,Markus Hannikainen,Hannikainen,3.81818181818182,44,3000,STL@CBJ,CBJ,STL,,,
,,,,,,,,,,,,,40584-37884:Ben Street,40584-37884,C,Ben,Ben Street,Street,4.60952395484561,21,3000,PIT@NJ,NJ,PIT,,,
