entry_id,contest_id,contest_name,C,C,W,W,W,W,D,D,G,,Instructions,,,,,,,,,,,,,,
1875016165,40490-231396825,$2K Wed NHL Deflection (Only $0.25 to Enter),40490-15308:SEAN COUTURIER,40490-80991:NICO HISCHIER,40490-12410:TAYLOR HALL,40490-12644:KYLE PALMIERI,40490-21689:REILLY SMITH,40490-70168:ALEX TUCH,40490-9015:JOHN CARLSON,40490-9107:P.K. SUBBAN,40490-8292:CRAIG ANDERSON,,1) Edit your lineup by inserting any player from this list into their appropriate position columns,,,,,,,,,,,,,,
1875016562,40490-231396825,$2K Wed NHL Deflection (Only $0.25 to Enter),40490-15308:SEAN COUTURIER,40490-80991:NICO HISCHIER,40490-12410:TAYLOR HALL,40490-12644:KYLE PALMIERI,40490-21689:REILLY SMITH,40490-70168:ALEX TUCH,40490-9015:JOHN CARLSON,40490-9107:P.K. SUBBAN,40490-11301:CAM TALBOT,,2) You can paste either the Player ID + Name OR ID from their respective columns,,,,,,,,,,,,,,
1875016563,40490-231396825,$2K Wed NHL Deflection (Only $0.25 to Enter),40490-15308:SEAN COUTURIER,40490-80991:NICO HISCHIER,40490-12410:TAYLOR HALL,40490-12644:KYLE PALMIERI,40490-21689:REILLY SMITH,40490-70168:ALEX TUCH,40490-9015:JOHN CARLSON,40490-9107:P.K. SUBBAN,40490-8273:COREY CRAWFORD,,3) Any information to the right of the last position column will be ignored in the upload. Don't leave blank rows. Any entries after a blank row will not be edited,,,,,,,,,,,,,,
1875016566,40490-231396825,$2K Wed NHL Deflection (Only $0.25 to Enter),40490-70899:AUSTON MATTHEWS,40490-80991:NICO HISCHIER,40490-12410:TAYLOR HALL,40490-12644:KYLE PALMIERI,40490-70168:ALEX TUCH,40490-12682:BRANDON PIRRI,40490-9015:JOHN CARLSON,40490-9107:P.K. SUBBAN,40490-73938:CARTER HART,,4) You can not use this form to create new entries,,,,,,,,,,,,,,
1875016569,40490-231396825,$2K Wed NHL Deflection (Only $0.25 to Enter),40490-39990:WILLIAM KARLSSON,40490-80991:NICO HISCHIER,40490-8718:ALEX OVECHKIN,40490-12410:TAYLOR HALL,40490-70168:ALEX TUCH,40490-12682:BRANDON PIRRI,40490-9015:JOHN CARLSON,40490-9107:P.K. SUBBAN,40490-66744:MACKENZIE BLACKWOOD,,,,,,,,,,,,,,,,
1875016570,40490-231396825,$2K Wed NHL Deflection (Only $0.25 to Enter),40490-15308:SEAN COUTURIER,40490-80991:NICO HISCHIER,40490-8718:ALEX OVECHKIN,40490-12644:KYLE PALMIERI,40490-70168:ALEX TUCH,40490-12682:BRANDON PIRRI,40490-9015:JOHN CARLSON,40490-9107:P.K. SUBBAN,40490-8732:SEMYON VARLAMOV,,Player ID + Player Name,Id,Position,First Name,Nickname,Last Name,FPPG,Played,Salary,Game,Team,Opponent,Injury Indicator,Injury Details,Tier
1875016572,40490-231396825,$2K Wed NHL Deflection (Only $0.25 to Enter),40490-15308:SEAN COUTURIER,40490-80991:NICO HISCHIER,40490-8718:ALEX OVECHKIN,40490-12644:KYLE PALMIERI,40490-70168:ALEX TUCH,40490-12682:BRANDON PIRRI,40490-9015:JOHN CARLSON,40490-9107:P.K. SUBBAN,40490-9416:BRADEN HOLTBY,,40490-8718:Alex Ovechkin,40490-8718,W,Alex,Alex Ovechkin,Ovechkin,21.3631575734992,19,9000,WSH@PHI,WSH,PHI,,,
1875016573,40490-231396825,$2K Wed NHL Deflection (Only $0.25 to Enter),40490-39990:WILLIAM KARLSSON,40490-80991:NICO HISCHIER,40490-8718:ALEX OVECHKIN,40490-12644:KYLE PALMIERI,40490-70168:ALEX TUCH,40490-12682:BRANDON PIRRI,40490-9015:JOHN CARLSON,40490-9107:P.K. SUBBAN,40490-23072:FREDERIK ANDERSEN,,40490-70899:Auston Matthews,40490-70899,C,Auston,Auston Matthews,Matthews,21.0263157894737,19,8900,TOR@NYI,TOR,NYI,,,
1875016577,40490-231396825,$2K Wed NHL Deflection (Only $0.25 to Enter),40490-39990:WILLIAM KARLSSON,40490-80991:NICO HISCHIER,40490-8718:ALEX OVECHKIN,40490-12644:KYLE PALMIERI,40490-70168:ALEX TUCH,40490-12682:BRANDON PIRRI,40490-9015:JOHN CARLSON,40490-9107:P.K. SUBBAN,40490-8883:BEN BISHOP,,40490-8612:Marc-Andre Fleury,40490-8612,G,Marc-Andre,Marc-Andre Fleury,Fleury,20.3199991861979,15,8900,CHI@VGK,VGK,CHI,,,
1875016579,40490-231396825,$2K Wed NHL Deflection (Only $0.25 to Enter),40490-39990:WILLIAM KARLSSON,40490-80991:NICO HISCHIER,40490-8718:ALEX OVECHKIN,40490-12644:KYLE PALMIERI,40490-70168:ALEX TUCH,40490-12682:BRANDON PIRRI,40490-9015:JOHN CARLSON,40490-9107:P.K. SUBBAN,40490-8612:MARC-ANDRE FLEURY,,40490-23072:Frederik Andersen,40490-23072,G,Frederik,Frederik Andersen,Andersen,20.057141985212,14,8800,TOR@NYI,TOR,NYI,,,
,,,,,,,,,,,,,40490-70635:David Rittich,40490-70635,G,David,David Rittich,Rittich,20.1499996185303,16,8800,DAL@CGY,CGY,DAL,,,
,,,,,,,,,,,,,40490-8883:Ben Bishop,40490-8883,G,Ben,Ben Bishop,Bishop,18.0666669209798,12,8700,DAL@CGY,DAL,CGY,,,
,,,,,,,,,,,,,40490-9416:Braden Holtby,40490-9416,G,Braden,Braden Holtby,Holtby,16.7999995304988,13,8200,WSH@PHI,WSH,PHI,,,
,,,,,,,,,,,,,40490-8732:Semyon Varlamov,40490-8732,G,Semyon,Semyon Varlamov,Varlamov,21.3999996185303,8,8100,TOR@NYI,NYI,TOR,,,
,,,,,,,,,,,,,40490-8262:Patrick Kane,40490-8262,W,Patrick,Patrick Kane,Kane,16.7411768296186,17,8100,CHI@VGK,CHI,VGK,,,
,,,,,,,,,,,,,40490-8633:Thomas Greiss,40490-8633,G,Thomas,Thomas Greiss,Greiss,25.2444441053602,9,8100,TOR@NYI,NYI,TOR,,,
,,,,,,,,,,,,,40490-83235:Ilya Samsonov,40490-83235,G,Ilya,Ilya Samsonov,Samsonov,19.7714276994978,7,7900,WSH@PHI,WSH,PHI,,,
,,,,,,,,,,,,,40490-66683:Mitchell Marner,40490-66683,W,Mitchell,Mitchell Marner,Marner,14.5277777777778,18,7700,TOR@NYI,TOR,NYI,IR,Ankle,
,,,,,,,,,,,,,40490-43131:Malcolm Subban,40490-43131,G,Malcolm,Malcolm Subban,Subban,8.60000038146973,4,7700,CHI@VGK,VGK,CHI,,,
,,,,,,,,,,,,,40490-12417:Tyler Seguin,40490-12417,C,Tyler,Tyler Seguin,Seguin,11.0333336724175,18,7700,DAL@CGY,DAL,CGY,,,
,,,,,,,,,,,,,40490-52475:Evgeny Kuznetsov,40490-52475,C,Evgeny,Evgeny Kuznetsov,Kuznetsov,16.0562496185303,16,7700,WSH@PHI,WSH,PHI,,,
,,,,,,,,,,,,,40490-12410:Taylor Hall,40490-12410,W,Taylor,Taylor Hall,Hall,14.5874996185303,16,7600,OTT@NJ,NJ,OTT,,,
,,,,,,,,,,,,,40490-8864:Robin Lehner,40490-8864,G,Robin,Robin Lehner,Lehner,21.7600006103516,10,7600,CHI@VGK,CHI,VGK,,,
,,,,,,,,,,,,,40490-8893:Anton Khudobin,40490-8893,G,Anton,Anton Khudobin,Khudobin,15.7714287894113,7,7500,DAL@CGY,DAL,CGY,,,
,,,,,,,,,,,,,40490-73938:Carter Hart,40490-73938,G,Carter,Carter Hart,Hart,13.6727267178622,11,7500,WSH@PHI,PHI,WSH,,,
,,,,,,,,,,,,,40490-12628:Mark Stone,40490-12628,W,Mark,Mark Stone,Stone,14.5210523103413,19,7500,CHI@VGK,VGK,CHI,,,
,,,,,,,,,,,,,40490-8273:Corey Crawford,40490-8273,G,Corey,Corey Crawford,Crawford,14.6999998092651,8,7400,CHI@VGK,CHI,VGK,,,
,,,,,,,,,,,,,40490-66744:MacKenzie Blackwood,40490-66744,G,MacKenzie,MacKenzie Blackwood,Blackwood,14.3999994451349,11,7400,OTT@NJ,NJ,OTT,,,
,,,,,,,,,,,,,40490-8494:John Tavares,40490-8494,C,John,John Tavares,Tavares,13.0749994913737,12,7400,TOR@NYI,TOR,NYI,,,
,,,,,,,,,,,,,40490-8553:Brian Elliott,40490-8553,G,Brian,Brian Elliott,Elliott,15.2000003390842,9,7400,WSH@PHI,PHI,WSH,,,
,,,,,,,,,,,,,40490-8556:Claude Giroux,40490-8556,C,Claude,Claude Giroux,Giroux,12.9470591825597,17,7400,WSH@PHI,PHI,WSH,,,
,,,,,,,,,,,,,40490-14468:Anders Nilsson,40490-14468,G,Anders,Anders Nilsson,Nilsson,19.6444447835286,9,7300,OTT@NJ,OTT,NJ,,,
,,,,,,,,,,,,,40490-54514:Johnny Gaudreau,40490-54514,W,Johnny,Johnny Gaudreau,Gaudreau,12.4849998474121,20,7300,DAL@CGY,CGY,DAL,,,
,,,,,,,,,,,,,40490-9015:John Carlson,40490-9015,D,John,John Carlson,Carlson,21.7105263157895,19,7200,WSH@PHI,WSH,PHI,,,
,,,,,,,,,,,,,40490-8441:Max Pacioretty,40490-8441,W,Max,Max Pacioretty,Pacioretty,15.6789470471834,19,7100,CHI@VGK,VGK,CHI,,,
,,,,,,,,,,,,,40490-41389:Sean Monahan,40490-41389,C,Sean,Sean Monahan,Monahan,11.6699996948242,20,7100,DAL@CGY,CGY,DAL,,,
,,,,,,,,,,,,,40490-11294:Michael Hutchinson,40490-11294,G,Michael,Michael Hutchinson,Hutchinson,6.93333307902018,6,7000,TOR@NYI,TOR,NYI,,,
,,,,,,,,,,,,,40490-11301:Cam Talbot,40490-11301,G,Cam,Cam Talbot,Talbot,9.91999969482422,5,7000,DAL@CGY,CGY,DAL,,,
,,,,,,,,,,,,,40490-8781:Cory Schneider,40490-8781,G,Cory,Cory Schneider,Schneider,2.66666666666667,6,7000,OTT@NJ,NJ,OTT,,,
,,,,,,,,,,,,,40490-82001:Collin Delia,40490-82001,G,Collin,Collin Delia,Delia,16.75,16,7000,CHI@VGK,CHI,VGK,,,
,,,,,,,,,,,,,40490-9302:Michal Neuvirth,40490-9302,G,Michal,Michal Neuvirth,Neuvirth,4.91428593226842,7,7000,TOR@NYI,TOR,NYI,,,
,,,,,,,,,,,,,40490-8292:Craig Anderson,40490-8292,G,Craig,Craig Anderson,Anderson,10.3199996948242,10,7000,OTT@NJ,OTT,NJ,,,
,,,,,,,,,,,,,40490-14483:Louis Domingue,40490-14483,G,Louis,Louis Domingue,Domingue,20.8307682917668,26,7000,OTT@NJ,NJ,OTT,,,
,,,,,,,,,,,,,40490-54028:Pheonix Copley,40490-54028,G,Pheonix,Pheonix Copley,Copley,17.2444446705006,27,7000,WSH@PHI,WSH,PHI,,,
,,,,,,,,,,,,,40490-42782:Oscar Dansk,40490-42782,G,Oscar,Oscar Dansk,Dansk,0.800000011920929,1,7000,CHI@VGK,VGK,CHI,,,
,,,,,,,,,,,,,40490-15258:Garret Sparks,40490-15258,G,Garret,Garret Sparks,Sparks,1.60000002384186,1,7000,CHI@VGK,VGK,CHI,,,
,,,,,,,,,,,,,40490-15308:Sean Couturier,40490-15308,C,Sean,Sean Couturier,Couturier,12.0882352941176,17,7000,WSH@PHI,PHI,WSH,,,
,,,,,,,,,,,,,40490-70904:Matthew Tkachuk,40490-70904,W,Matthew,Matthew Tkachuk,Tkachuk,14.8199996948242,20,6900,DAL@CGY,CGY,DAL,,,
,,,,,,,,,,,,,40490-21546:Alexander Radulov,40490-21546,W,Alexander,Alexander Radulov,Radulov,10.8555552164714,18,6800,DAL@CGY,DAL,CGY,,,
,,,,,,,,,,,,,40490-39238:Anders Lee,40490-39238,W,Anders,Anders Lee,Lee,10.5500001907349,16,6700,TOR@NYI,NYI,TOR,,,
,,,,,,,,,,,,,40490-8303:Jakub Voracek,40490-8303,W,Jakub,Jakub Voracek,Voracek,10.7823531206916,17,6600,WSH@PHI,PHI,WSH,,,
,,,,,,,,,,,,,40490-41390:Elias Lindholm,40490-41390,W,Elias,Elias Lindholm,Lindholm,14.2300003051758,20,6600,DAL@CGY,CGY,DAL,,,
,,,,,,,,,,,,,40490-37881:Morgan Rielly,40490-37881,D,Morgan,Morgan Rielly,Rielly,14.0684204101563,19,6600,TOR@NYI,TOR,NYI,,,
,,,,,,,,,,,,,40490-37968:Jonathan Marchessault,40490-37968,W,Jonathan,Jonathan Marchessault,Marchessault,11.4157891524465,19,6500,CHI@VGK,VGK,CHI,,,
,,,,,,,,,,,,,40490-66685:Mathew Barzal,40490-66685,C,Mathew,Mathew Barzal,Barzal,14.0812501907349,16,6500,TOR@NYI,NYI,TOR,,,
,,,,,,,,,,,,,40490-39990:William Karlsson,40490-39990,C,William,William Karlsson,Karlsson,12.5421054237767,19,6400,CHI@VGK,VGK,CHI,,,
,,,,,,,,,,,,,40490-8254:Jonathan Toews,40490-8254,C,Jonathan,Jonathan Toews,Toews,8.73529411764706,17,6400,CHI@VGK,CHI,VGK,,,
,,,,,,,,,,,,,40490-73885:Alex DeBrincat,40490-73885,W,Alex,Alex DeBrincat,DeBrincat,12.8705884148093,17,6400,CHI@VGK,CHI,VGK,,,
,,,,,,,,,,,,,40490-66508:Travis Konecny,40490-66508,W,Travis,Travis Konecny,Konecny,15.4529418945312,17,6400,WSH@PHI,PHI,WSH,,,
,,,,,,,,,,,,,40490-12644:Kyle Palmieri,40490-12644,W,Kyle,Kyle Palmieri,Palmieri,11.9562501907349,16,6300,OTT@NJ,NJ,OTT,,,
,,,,,,,,,,,,,40490-8635:T.J. Oshie,40490-8635,W,T.J.,T.J. Oshie,Oshie,12.3578948974609,19,6300,WSH@PHI,WSH,PHI,,,
,,,,,,,,,,,,,40490-8986:Jamie Benn,40490-8986,W,Jamie,Jamie Benn,Benn,7.74444410536024,18,6200,DAL@CGY,DAL,CGY,,,
,,,,,,,,,,,,,40490-8230:Mark Giordano,40490-8230,D,Mark,Mark Giordano,Giordano,13.7,20,6100,DAL@CGY,CGY,DAL,,,
,,,,,,,,,,,,,40490-59276:William Nylander,40490-59276,W,William,William Nylander,Nylander,11.9947365208676,19,6000,TOR@NYI,TOR,NYI,,,
,,,,,,,,,,,,,40490-8615:Joe Pavelski,40490-8615,W,Joe,Joe Pavelski,Pavelski,8.03888871934679,18,6000,DAL@CGY,DAL,CGY,,,
,,,,,,,,,,,,,40490-8714:Nicklas Backstrom,40490-8714,C,Nicklas,Nicklas Backstrom,Backstrom,12.2263159500925,19,5900,WSH@PHI,WSH,PHI,,,
,,,,,,,,,,,,,40490-58985:Jakub Vrana,40490-58985,W,Jakub,Jakub Vrana,Vrana,14.0157888312089,19,5800,WSH@PHI,WSH,PHI,,,
,,,,,,,,,,,,,40490-80286:Roope Hintz,40490-80286,C,Roope,Roope Hintz,Hintz,11.7687501907349,16,5800,DAL@CGY,DAL,CGY,O,Lower body,
,,,,,,,,,,,,,40490-21689:Reilly Smith,40490-21689,W,Reilly,Reilly Smith,Smith,13.5894743266859,19,5700,CHI@VGK,VGK,CHI,,,
,,,,,,,,,,,,,40490-8495:Josh Bailey,40490-8495,W,Josh,Josh Bailey,Bailey,10.7937498092651,16,5700,TOR@NYI,NYI,TOR,,,
,,,,,,,,,,,,,40490-9025:Jordan Eberle,40490-9025,W,Jordan,Jordan Eberle,Eberle,8.96666653951009,6,5500,TOR@NYI,NYI,TOR,,,
,,,,,,,,,,,,,40490-66759:Thomas Chabot,40490-66759,D,Thomas,Thomas Chabot,Chabot,12.3411766501034,17,5400,OTT@NJ,OTT,NJ,,,
,,,,,,,,,,,,,40490-97147:Brady Tkachuk,40490-97147,W,Brady,Brady Tkachuk,Tkachuk,13.3647057028378,17,5400,OTT@NJ,OTT,NJ,,,
,,,,,,,,,,,,,40490-8797:James van Riemsdyk,40490-8797,W,James,James van Riemsdyk,van Riemsdyk,10.8529411764706,17,5300,WSH@PHI,PHI,WSH,,,
,,,,,,,,,,,,,40490-21897:Brock Nelson,40490-21897,C,Brock,Brock Nelson,Nelson,12.0625,16,5300,TOR@NYI,NYI,TOR,,,
,,,,,,,,,,,,,40490-62869:Andreas Johnsson,40490-62869,W,Andreas,Andreas Johnsson,Johnsson,10.3368417840255,19,5300,TOR@NYI,TOR,NYI,,,
,,,,,,,,,,,,,40490-58990:Kevin Hayes,40490-58990,C,Kevin,Kevin Hayes,Hayes,9.37058841480928,17,5200,WSH@PHI,PHI,WSH,,,
,,,,,,,,,,,,,40490-111493:Jack Hughes,40490-111493,C,Jack,Jack Hughes,Hughes,9.22500038146973,16,5100,OTT@NJ,NJ,OTT,,,
,,,,,,,,,,,,,40490-66511:Ivan Provorov,40490-66511,D,Ivan,Ivan Provorov,Provorov,11.1411761115579,17,5000,WSH@PHI,PHI,WSH,,,
,,,,,,,,,,,,,40490-8294:Derick Brassard,40490-8294,W,Derick,Derick Brassard,Brassard,8.75,16,4900,TOR@NYI,NYI,TOR,,,
,,,,,,,,,,,,,40490-14457:John Klingberg,40490-14457,D,John,John Klingberg,Klingberg,7.25882361916935,17,4900,DAL@CGY,DAL,CGY,O,Lower body,
,,,,,,,,,,,,,40490-54521:Shayne Gostisbehere,40490-54521,D,Shayne,Shayne Gostisbehere,Gostisbehere,7.41176470588235,17,4800,WSH@PHI,PHI,WSH,,,
,,,,,,,,,,,,,40490-9107:P.K. Subban,40490-9107,D,P.K.,P.K. Subban,Subban,8.69999980926514,16,4800,OTT@NJ,NJ,OTT,,,
,,,,,,,,,,,,,40490-8274:Paul Stastny,40490-8274,C,Paul,Paul Stastny,Stastny,8.62105279219778,19,4700,CHI@VGK,VGK,CHI,,,
,,,,,,,,,,,,,40490-43093:Shea Theodore,40490-43093,D,Shea,Shea Theodore,Theodore,8.56842121325041,19,4700,CHI@VGK,VGK,CHI,,,
,,,,,,,,,,,,,40490-80475:Oskar Lindblom,40490-80475,W,Oskar,Oskar Lindblom,Lindblom,12.4470591825597,17,4700,WSH@PHI,PHI,WSH,,,
,,,,,,,,,,,,,40490-15280:Brandon Saad,40490-15280,W,Brandon,Brandon Saad,Saad,10.376470229205,17,4700,CHI@VGK,CHI,VGK,,,
,,,,,,,,,,,,,40490-65969:Dylan Strome,40490-65969,C,Dylan,Dylan Strome,Strome,9.42352923224954,17,4700,CHI@VGK,CHI,VGK,,,
,,,,,,,,,,,,,40490-15287:Jean-Gabriel Pageau,40490-15287,C,Jean-Gabriel,Jean-Gabriel Pageau,Pageau,13.4117647058824,17,4700,OTT@NJ,OTT,NJ,,,
,,,,,,,,,,,,,40490-11204:Jake Muzzin,40490-11204,D,Jake,Jake Muzzin,Muzzin,11.1777776082357,18,4700,TOR@NYI,TOR,NYI,,,
,,,,,,,,,,,,,40490-9189:Mikael Backlund,40490-9189,C,Mikael,Mikael Backlund,Backlund,7.69000015258789,20,4700,DAL@CGY,CGY,DAL,,,
,,,,,,,,,,,,,40490-8266:Duncan Keith,40490-8266,D,Duncan,Duncan Keith,Keith,8.8588238884421,17,4600,CHI@VGK,CHI,VGK,,,
,,,,,,,,,,,,,40490-80991:Nico Hischier,40490-80991,C,Nico,Nico Hischier,Hischier,8.26428549630301,14,4600,OTT@NJ,NJ,OTT,,,
,,,,,,,,,,,,,40490-23226:Tom Wilson,40490-23226,W,Tom,Tom Wilson,Wilson,13.4894730417352,19,4600,WSH@PHI,WSH,PHI,,,
,,,,,,,,,,,,,40490-82174:Miro Heiskanen,40490-82174,D,Miro,Miro Heiskanen,Heiskanen,11.022221883138,18,4600,DAL@CGY,DAL,CGY,,,
,,,,,,,,,,,,,40490-9990:Lars Eller,40490-9990,C,Lars,Lars Eller,Eller,9.46315805535567,19,4600,WSH@PHI,WSH,PHI,,,
,,,,,,,,,,,,,40490-79898:Colin White,40490-79898,C,Colin,Colin White,White,6.88000030517578,10,4500,OTT@NJ,OTT,NJ,,,
,,,,,,,,,,,,,40490-70199:Devon Toews,40490-70199,D,Devon,Devon Toews,Toews,10.3625001907349,16,4500,TOR@NYI,NYI,TOR,,,
,,,,,,,,,,,,,40490-66686:Anthony Beauvillier,40490-66686,W,Anthony,Anthony Beauvillier,Beauvillier,8.15625,16,4500,TOR@NYI,NYI,TOR,,,
,,,,,,,,,,,,,40490-15313:Vladislav Namestnikov,40490-15313,W,Vladislav,Vladislav Namestnikov,Namestnikov,11.5882352941176,17,4500,OTT@NJ,OTT,NJ,,,
,,,,,,,,,,,,,40490-70168:Alex Tuch,40490-70168,W,Alex,Alex Tuch,Tuch,8.39999961853027,2,4400,CHI@VGK,VGK,CHI,,,
,,,,,,,,,,,,,40490-13981:Tyson Barrie,40490-13981,D,Tyson,Tyson Barrie,Barrie,7.85789489746094,19,4400,TOR@NYI,TOR,NYI,,,
,,,,,,,,,,,,,40490-58686:Kasperi Kapanen,40490-58686,W,Kasperi,Kasperi Kapanen,Kapanen,7.90000032123766,19,4400,TOR@NYI,TOR,NYI,,,
,,,,,,,,,,,,,40490-12609:Zach Hyman,40490-12609,W,Zach,Zach Hyman,Hyman,9.95492940553477,71,4400,TOR@NYI,TOR,NYI,,,
,,,,,,,,,,,,,40490-39243:Nate Schmidt,40490-39243,D,Nate,Nate Schmidt,Schmidt,9.02857153756278,7,4400,CHI@VGK,VGK,CHI,,,
,,,,,,,,,,,,,40490-43022:Connor Brown,40490-43022,W,Connor,Connor Brown,Brown,10.2882349350873,17,4300,OTT@NJ,OTT,NJ,,,
,,,,,,,,,,,,,40490-82004:Cody Glass,40490-82004,W,Cody,Cody Glass,Glass,6.18421052631579,19,4300,CHI@VGK,VGK,CHI,,,
,,,,,,,,,,,,,40490-43120:Anthony Duclair,40490-43120,W,Anthony,Anthony Duclair,Duclair,11.2294114056756,17,4300,OTT@NJ,OTT,NJ,,,
,,,,,,,,,,,,,40490-14474:Sami Vatanen,40490-14474,D,Sami,Sami Vatanen,Vatanen,10.4466664632161,15,4300,OTT@NJ,NJ,OTT,O,Upper body,
,,,,,,,,,,,,,40490-43200:Ryan Pulock,40490-43200,D,Ryan,Ryan Pulock,Pulock,9.5,16,4300,TOR@NYI,NYI,TOR,,,
,,,,,,,,,,,,,40490-70511:Denis Gurianov,40490-70511,W,Denis,Denis Gurianov,Gurianov,9.44285692487444,14,4300,DAL@CGY,DAL,CGY,,,
,,,,,,,,,,,,,40490-11170:Nick Leddy,40490-11170,D,Nick,Nick Leddy,Leddy,8.84166653951009,12,4300,TOR@NYI,NYI,TOR,,,
,,,,,,,,,,,,,40490-104140:Ilya Mikheyev,40490-104140,W,Ilya,Ilya Mikheyev,Mikheyev,9.68421052631579,19,4200,TOR@NYI,TOR,NYI,,,
,,,,,,,,,,,,,40490-8404:Wayne Simmonds,40490-8404,W,Wayne,Wayne Simmonds,Simmonds,9.49374961853027,16,4200,OTT@NJ,NJ,OTT,,,
,,,,,,,,,,,,,40490-82179:Alexander Kerfoot,40490-82179,C,Alexander,Alexander Kerfoot,Kerfoot,8.26315789473684,19,4200,TOR@NYI,TOR,NYI,,,
,,,,,,,,,,,,,40490-8516:Artem Anisimov,40490-8516,C,Artem,Artem Anisimov,Anisimov,8,7,4200,OTT@NJ,OTT,NJ,IR,Groin,
,,,,,,,,,,,,,40490-9036:Travis Hamonic,40490-9036,D,Travis,Travis Hamonic,Hamonic,7.08000030517578,20,4200,DAL@CGY,CGY,DAL,,,
,,,,,,,,,,,,,40490-59271:Travis Sanheim,40490-59271,D,Travis,Travis Sanheim,Sanheim,6.72941185446347,17,4200,WSH@PHI,PHI,WSH,,,
,,,,,,,,,,,,,40490-37880:Scott Laughton,40490-37880,C,Scott,Scott Laughton,Laughton,6.22222222222222,9,4200,WSH@PHI,PHI,WSH,IR,Finger,
,,,,,,,,,,,,,40490-54575:Esa Lindell,40490-54575,D,Esa,Esa Lindell,Lindell,7.65555572509766,18,4100,DAL@CGY,DAL,CGY,,,
,,,,,,,,,,,,,40490-15281:Andrew Shaw,40490-15281,W,Andrew,Andrew Shaw,Shaw,7.04117629107307,17,4100,CHI@VGK,CHI,VGK,,,
,,,,,,,,,,,,,40490-70579:Michal Kempny,40490-70579,D,Michal,Michal Kempny,Kempny,13.4545454545455,11,4100,WSH@PHI,WSH,PHI,,,
,,,,,,,,,,,,,40490-62492:Erik Gustafsson,40490-62492,D,Erik,Erik Gustafsson,Gustafsson,5.86250019073486,16,4000,CHI@VGK,CHI,VGK,,,
,,,,,,,,,,,,,40490-80992:Nolan Patrick,40490-80992,C,Nolan,Nolan Patrick,Patrick,7.31388854980469,72,4000,WSH@PHI,PHI,WSH,O,Head,
,,,,,,,,,,,,,40490-8328:Matt Niskanen,40490-8328,D,Matt,Matt Niskanen,Niskanen,8.90000017951517,17,4000,WSH@PHI,PHI,WSH,,,
,,,,,,,,,,,,,40490-58332:Sam Bennett,40490-58332,W,Sam,Sam Bennett,Bennett,6.11666658189562,18,4000,DAL@CGY,CGY,DAL,,,
,,,,,,,,,,,,,40490-13472:Dmitry Orlov,40490-13472,D,Dmitry,Dmitry Orlov,Orlov,7.8421052631579,19,3900,WSH@PHI,WSH,PHI,,,
,,,,,,,,,,,,,40490-39235:Chris Tierney,40490-39235,C,Chris,Chris Tierney,Tierney,7.91176470588235,17,3900,OTT@NJ,OTT,NJ,,,
,,,,,,,,,,,,,40490-9033:Casey Cizikas,40490-9033,C,Casey,Casey Cizikas,Cizikas,8.80000027743253,11,3900,TOR@NYI,NYI,TOR,,,
,,,,,,,,,,,,,40490-23928:Radek Faksa,40490-23928,C,Radek,Radek Faksa,Faksa,7.98333316379123,18,3900,DAL@CGY,DAL,CGY,,,
,,,,,,,,,,,,,40490-8490:Andy Greene,40490-8490,D,Andy,Andy Greene,Greene,7.59999974568685,12,3800,OTT@NJ,NJ,OTT,,,
,,,,,,,,,,,,,40490-9040:Calvin de Haan,40490-9040,D,Calvin,Calvin de Haan,de Haan,7.36000010172526,15,3800,CHI@VGK,CHI,VGK,,,
,,,,,,,,,,,,,40490-66407:Philippe Myers,40490-66407,D,Philippe,Philippe Myers,Myers,11.8666661580404,6,3800,WSH@PHI,PHI,WSH,,,
,,,,,,,,,,,,,40490-11158:T.J. Brodie,40490-11158,D,T.J.,T.J. Brodie,Brodie,7.30500030517578,20,3800,DAL@CGY,CGY,DAL,,,
,,,,,,,,,,,,,40490-8138:Bobby Ryan,40490-8138,W,Bobby,Bobby Ryan,Ryan,5.10769242506761,13,3800,OTT@NJ,OTT,NJ,,,
,,,,,,,,,,,,,40490-64101:Noah Hanifin,40490-64101,D,Noah,Noah Hanifin,Hanifin,8.73000030517578,20,3700,DAL@CGY,CGY,DAL,,,
,,,,,,,,,,,,,40490-43152:Damon Severson,40490-43152,D,Damon,Damon Severson,Severson,5.59999990463257,16,3700,OTT@NJ,NJ,OTT,,,
,,,,,,,,,,,,,40490-82075:Will Butcher,40490-82075,D,Will,Will Butcher,Butcher,6.45714296613421,14,3700,OTT@NJ,NJ,OTT,,,
,,,,,,,,,,,,,40490-66756:Andrew Mangiapane,40490-66756,W,Andrew,Andrew Mangiapane,Mangiapane,6.26666683620877,18,3700,DAL@CGY,CGY,DAL,,,
,,,,,,,,,,,,,40490-39261:Scott Mayfield,40490-39261,D,Scott,Scott Mayfield,Mayfield,7.92500019073486,16,3700,TOR@NYI,NYI,TOR,,,
,,,,,,,,,,,,,40490-42862:Olli Maatta,40490-42862,D,Olli,Olli Maatta,Maatta,5.6705883250517,17,3700,CHI@VGK,CHI,VGK,,,
,,,,,,,,,,,,,40490-21936:Dylan DeMelo,40490-21936,D,Dylan,Dylan DeMelo,DeMelo,5.08235303093405,17,3700,OTT@NJ,OTT,NJ,,,
,,,,,,,,,,,,,40490-65970:Pavel Zacha,40490-65970,W,Pavel,Pavel Zacha,Zacha,7.67999979654948,15,3700,OTT@NJ,NJ,OTT,,,
,,,,,,,,,,,,,40490-8142:Corey Perry,40490-8142,W,Corey,Corey Perry,Perry,6.44545468417081,11,3700,DAL@CGY,DAL,CGY,,,
,,,,,,,,,,,,,40490-62927:Derek Ryan,40490-62927,C,Derek,Derek Ryan,Ryan,7.34499969482422,20,3700,DAL@CGY,CGY,DAL,,,
,,,,,,,,,,,,,40490-37883:Cody Ceci,40490-37883,D,Cody,Cody Ceci,Ceci,6.52631578947368,19,3700,TOR@NYI,TOR,NYI,,,
,,,,,,,,,,,,,40490-23054:Leo Komarov,40490-23054,W,Leo,Leo Komarov,Komarov,5.31428582327707,7,3600,TOR@NYI,NYI,TOR,,,
,,,,,,,,,,,,,40490-8267:Brent Seabrook,40490-8267,D,Brent,Brent Seabrook,Seabrook,6.16666666666667,15,3600,CHI@VGK,CHI,VGK,,,
,,,,,,,,,,,,,40490-10842:Nick Holden,40490-10842,D,Nick,Nick Holden,Holden,7.20526283665707,19,3600,CHI@VGK,VGK,CHI,,,
,,,,,,,,,,,,,40490-103524:Nikita Gusev,40490-103524,W,Nikita,Nikita Gusev,Gusev,7.75384638859676,13,3600,OTT@NJ,NJ,OTT,,,
,,,,,,,,,,,,,40490-53866:Adam Pelech,40490-53866,D,Adam,Adam Pelech,Pelech,9.27499961853027,16,3600,TOR@NYI,NYI,TOR,,,
,,,,,,,,,,,,,40490-66682:Travis Dermott,40490-66682,D,Travis,Travis Dermott,Dermott,5.73333358764648,6,3600,TOR@NYI,TOR,NYI,,,
,,,,,,,,,,,,,40490-66688:Rasmus Andersson,40490-66688,D,Rasmus,Rasmus Andersson,Andersson,7.30500030517578,20,3600,DAL@CGY,CGY,DAL,,,
,,,,,,,,,,,,,40490-8838:Johnny Boychuk,40490-8838,D,Johnny,Johnny Boychuk,Boychuk,9.68666687011719,15,3600,TOR@NYI,NYI,TOR,,,
,,,,,,,,,,,,,40490-11410:Justin Braun,40490-11410,D,Justin,Justin Braun,Braun,5.55294126622817,17,3600,WSH@PHI,PHI,WSH,,,
,,,,,,,,,,,,,40490-70375:Nikita Zaitsev,40490-70375,D,Nikita,Nikita Zaitsev,Zaitsev,8.37647022920496,17,3600,OTT@NJ,OTT,NJ,,,
,,,,,,,,,,,,,40490-59127:Garnet Hathaway,40490-59127,W,Garnet,Garnet Hathaway,Hathaway,5.91578955399363,19,3600,WSH@PHI,WSH,PHI,,,
,,,,,,,,,,,,,40490-103203:Joel Farabee,40490-103203,W,Joel,Joel Farabee,Farabee,8.14545440673828,11,3600,WSH@PHI,PHI,WSH,,,
,,,,,,,,,,,,,40490-13629:Taylor Fedun,40490-13629,D,Taylor,Taylor Fedun,Fedun,6.61333312988281,15,3600,DAL@CGY,DAL,CGY,,,
,,,,,,,,,,,,,40490-59235:Tomas Nosek,40490-59235,W,Tomas,Tomas Nosek,Nosek,6.37647067799288,17,3600,CHI@VGK,VGK,CHI,,,
,,,,,,,,,,,,,40490-59269:Robert Hagg,40490-59269,D,Robert,Robert Hagg,Hagg,5.6,10,3600,WSH@PHI,PHI,WSH,,,
,,,,,,,,,,,,,40490-21935:Connor Murphy,40490-21935,D,Connor,Connor Murphy,Murphy,4.79999987284343,6,3600,CHI@VGK,CHI,VGK,IR,Groin,
,,,,,,,,,,,,,40490-15293:Jamie Oleksiak,40490-15293,D,Jamie,Jamie Oleksiak,Oleksiak,4.88888888888889,18,3600,DAL@CGY,DAL,CGY,,,
,,,,,,,,,,,,,40490-70118:Miles Wood,40490-70118,W,Miles,Miles Wood,Wood,5.90000009536743,16,3600,OTT@NJ,NJ,OTT,,,
,,,,,,,,,,,,,40490-80369:Jesper Bratt,40490-80369,W,Jesper,Jesper Bratt,Bratt,6.76923076923077,13,3600,OTT@NJ,NJ,OTT,,,
,,,,,,,,,,,,,40490-12280:Magnus Paajarvi,40490-12280,W,Magnus,Magnus Paajarvi,Paajarvi,6.22000007629395,80,3600,OTT@NJ,OTT,NJ,,,
,,,,,,,,,,,,,40490-12793:Brayden McNabb,40490-12793,D,Brayden,Brayden McNabb,McNabb,5.53684194464433,19,3600,CHI@VGK,VGK,CHI,,,
,,,,,,,,,,,,,40490-104452:Jack Ramsey,40490-104452,D,Jack,Jack Ramsey,Ramsey,0,0,3500,CHI@VGK,CHI,VGK,,,
,,,,,,,,,,,,,40490-43014:William Carrier,40490-43014,W,William,William Carrier,Carrier,4.29473676179585,19,3500,CHI@VGK,VGK,CHI,,,
,,,,,,,,,,,,,40490-38933:Slater Koekkoek,40490-38933,D,Slater,Slater Koekkoek,Koekkoek,6,8,3500,CHI@VGK,CHI,VGK,,,
,,,,,,,,,,,,,40490-54822:Jason Dickinson,40490-54822,C,Jason,Jason Dickinson,Dickinson,4.62857164655413,14,3500,DAL@CGY,DAL,CGY,,,
,,,,,,,,,,,,,40490-82989:Dennis Gilbert,40490-82989,D,Dennis,Dennis Gilbert,Gilbert,2.66666666666667,3,3500,CHI@VGK,CHI,VGK,,,
,,,,,,,,,,,,,40490-68663:Andy Welinski,40490-68663,D,Andy,Andy Welinski,Welinski,4.46153846153846,26,3500,WSH@PHI,PHI,WSH,,,
,,,,,,,,,,,,,40490-68664:Andreas Englund,40490-68664,D,Andreas,Andreas Englund,Englund,2.13333336512248,3,3500,OTT@NJ,OTT,NJ,,,
,,,,,,,,,,,,,40490-82005:Nicolas Hague,40490-82005,D,Nicolas,Nicolas Hague,Hague,4.26363650235263,11,3500,CHI@VGK,VGK,CHI,,,
,,,,,,,,,,,,,40490-58974:Julius Honka,40490-58974,D,Julius,Julius Honka,Honka,4.91034461712015,29,3500,DAL@CGY,DAL,CGY,O,Contract dispute,
,,,,,,,,,,,,,40490-80480:Christian Jaros,40490-80480,D,Christian,Christian Jaros,Jaros,5.24918052798412,61,3500,OTT@NJ,OTT,NJ,,,
,,,,,,,,,,,,,40490-58986:Erik Burgdoerfer,40490-58986,D,Erik,Erik Burgdoerfer,Burgdoerfer,0.800000011920929,4,3500,WSH@PHI,WSH,PHI,,,
,,,,,,,,,,,,,40490-66671:Jonas Siegenthaler,40490-66671,D,Jonas,Jonas Siegenthaler,Siegenthaler,5.76842097232216,19,3500,WSH@PHI,WSH,PHI,,,
,,,,,,,,,,,,,40490-41591:Jon Merrill,40490-41591,D,Jon,Jon Merrill,Merrill,4.44444444444444,18,3500,CHI@VGK,VGK,CHI,,,
,,,,,,,,,,,,,40490-8827:Andrew MacDonald,40490-8827,D,Andrew,Andrew MacDonald,MacDonald,6.24680864050033,47,3500,DAL@CGY,CGY,DAL,,,
,,,,,,,,,,,,,40490-66689:Oliver Kylington,40490-66689,D,Oliver,Oliver Kylington,Kylington,2.97142846243722,14,3500,DAL@CGY,CGY,DAL,,,
,,,,,,,,,,,,,40490-66705:Ian McCoshen,40490-66705,D,Ian,Ian McCoshen,McCoshen,3.41052647640831,19,3500,CHI@VGK,CHI,VGK,,,
,,,,,,,,,,,,,40490-8850:Deryk Engelland,40490-8850,D,Deryk,Deryk Engelland,Engelland,6.42352923224954,17,3500,CHI@VGK,VGK,CHI,,,
,,,,,,,,,,,,,40490-84116:Erik Brannstrom,40490-84116,D,Erik,Erik Brannstrom,Brannstrom,3.29999995231628,16,3500,OTT@NJ,OTT,NJ,,,
,,,,,,,,,,,,,40490-66710:Joel Hanley,40490-66710,D,Joel,Joel Hanley,Hanley,4.34285708836147,7,3500,DAL@CGY,DAL,CGY,,,
,,,,,,,,,,,,,40490-43167:Mirco Mueller,40490-43167,D,Mirco,Mirco Mueller,Mueller,3.19999991522895,9,3500,OTT@NJ,NJ,OTT,,,
,,,,,,,,,,,,,40490-116900:Thomas Harley,40490-116900,D,Thomas,Thomas Harley,Harley,0,0,3500,DAL@CGY,DAL,CGY,,,
,,,,,,,,,,,,,40490-66745:Josh Jacobs,40490-66745,D,Josh,Josh Jacobs,Jacobs,3.20000004768372,1,3500,OTT@NJ,NJ,OTT,,,
,,,,,,,,,,,,,40490-82112:Juuso Valimaki,40490-82112,D,Juuso,Juuso Valimaki,Valimaki,5.90000025431315,24,3500,DAL@CGY,CGY,DAL,O,Knee,
,,,,,,,,,,,,,40490-8391:Dennis Seidenberg,40490-8391,D,Dennis,Dennis Seidenberg,Seidenberg,0,0,3500,TOR@NYI,NYI,TOR,,,
,,,,,,,,,,,,,40490-54482:Stephen Johns,40490-54482,D,Stephen,Stephen Johns,Johns,0,0,3500,DAL@CGY,DAL,CGY,IR,Head,
,,,,,,,,,,,,,40490-8411:Thomas Hickey,40490-8411,D,Thomas,Thomas Hickey,Hickey,5.57000007629395,40,3500,TOR@NYI,NYI,TOR,,,
,,,,,,,,,,,,,40490-21735:Matt Tennyson,40490-21735,D,Matt,Matt Tennyson,Tennyson,4.8,10,3500,OTT@NJ,NJ,OTT,,,
,,,,,,,,,,,,,40490-82154:Sebastian Aho,40490-82154,D,Sebastian,Sebastian Aho,Aho,0,0,3500,TOR@NYI,NYI,TOR,,,
,,,,,,,,,,,,,40490-104173:Teemu Kivihalme,40490-104173,D,Teemu,Teemu Kivihalme,Kivihalme,0,0,3500,TOR@NYI,TOR,NYI,,,
,,,,,,,,,,,,,40490-70906:Alex Nylander,40490-70906,W,Alex,Alex Nylander,Nylander,7.33125019073486,16,3500,CHI@VGK,CHI,VGK,,,
,,,,,,,,,,,,,40490-8956:Michael Stone,40490-8956,D,Michael,Michael Stone,Stone,7.59999974568685,6,3500,DAL@CGY,CGY,DAL,,,
,,,,,,,,,,,,,40490-59135:Justin Holl,40490-59135,D,Justin,Justin Holl,Holl,5.92941194422105,17,3500,TOR@NYI,TOR,NYI,,,
,,,,,,,,,,,,,40490-97024:Adam Boqvist,40490-97024,D,Adam,Adam Boqvist,Boqvist,6.24000015258789,5,3500,CHI@VGK,CHI,VGK,,,
,,,,,,,,,,,,,40490-59140:Kevin Gravel,40490-59140,D,Kevin,Kevin Gravel,Gravel,2.66666666666667,3,3500,TOR@NYI,TOR,NYI,,,
,,,,,,,,,,,,,40490-117000:Rob Michel,40490-117000,D,Rob,Rob Michel,Michel,0,0,3500,WSH@PHI,PHI,WSH,,,
,,,,,,,,,,,,,40490-60686:Mattias Janmark,40490-60686,W,Mattias,Mattias Janmark,Janmark,5.82222239176432,18,3500,DAL@CGY,DAL,CGY,O,Lower body,
,,,,,,,,,,,,,40490-39710:Nick Jensen,40490-39710,D,Nick,Nick Jensen,Jensen,3.98421036569696,19,3500,WSH@PHI,WSH,PHI,,,
,,,,,,,,,,,,,40490-9011:Andrej Sekera,40490-9011,D,Andrej,Andrej Sekera,Sekera,5.25714274815151,14,3500,DAL@CGY,DAL,CGY,,,
,,,,,,,,,,,,,40490-117050:Kaedan Korczak,40490-117050,D,Kaedan,Kaedan Korczak,Korczak,0,0,3500,CHI@VGK,VGK,CHI,,,
,,,,,,,,,,,,,40490-117057:Rob Hamilton,40490-117057,D,Rob,Rob Hamilton,Hamilton,0,0,3500,DAL@CGY,CGY,DAL,,,
,,,,,,,,,,,,,40490-97091:Martin Fehervary,40490-97091,D,Martin,Martin Fehervary,Fehervary,2.13333336512248,3,3500,WSH@PHI,WSH,PHI,,,
,,,,,,,,,,,,,40490-12613:Radko Gudas,40490-12613,D,Radko,Radko Gudas,Gudas,6.82105295281661,19,3500,WSH@PHI,WSH,PHI,,,
,,,,,,,,,,,,,40490-70472:Drake Caggiula,40490-70472,W,Drake,Drake Caggiula,Caggiula,5.27999979654948,15,3500,CHI@VGK,CHI,VGK,O,Concussion,
,,,,,,,,,,,,,40490-8534:Jason Spezza,40490-8534,C,Jason,Jason Spezza,Spezza,6.64000015258789,10,3500,TOR@NYI,TOR,NYI,,,
,,,,,,,,,,,,,40490-12121:Cody Goloubef,40490-12121,D,Cody,Cody Goloubef,Goloubef,1.60000002384186,1,3500,OTT@NJ,OTT,NJ,,,
,,,,,,,,,,,,,40490-42844:Connor Carrick,40490-42844,D,Connor,Connor Carrick,Carrick,6,4,3500,OTT@NJ,NJ,OTT,IR,Finger,
,,,,,,,,,,,,,40490-42846:Tyler Lewington,40490-42846,D,Tyler,Tyler Lewington,Lewington,2.23999996185303,5,3500,WSH@PHI,WSH,PHI,,,
,,,,,,,,,,,,,40490-42855:Ben Harpur,40490-42855,D,Ben,Ben Harpur,Harpur,4.59607831169577,51,3500,TOR@NYI,TOR,NYI,,,
,,,,,,,,,,,,,40490-14184:Martin Marincin,40490-14184,D,Martin,Martin Marincin,Marincin,3.19999994550432,7,3500,TOR@NYI,TOR,NYI,,,
,,,,,,,,,,,,,40490-62825:Jordan Schmaltz,40490-62825,D,Jordan,Jordan Schmaltz,Schmaltz,3.44000015258789,20,3500,TOR@NYI,TOR,NYI,,,
,,,,,,,,,,,,,40490-11119:Nate Prosser,40490-11119,D,Nate,Nate Prosser,Prosser,2.4533332824707,15,3500,WSH@PHI,PHI,WSH,,,
,,,,,,,,,,,,,40490-117111:Maxence Guenette,40490-117111,D,Maxence,Maxence Guenette,Guenette,0,0,3500,OTT@NJ,OTT,NJ,,,
,,,,,,,,,,,,,40490-103298:Jimmy Schuldt,40490-103298,D,Jimmy,Jimmy Schuldt,Schuldt,11.1999998092651,1,3500,CHI@VGK,VGK,CHI,,,
,,,,,,,,,,,,,40490-82828:Christian Wolanin,40490-82828,D,Christian,Christian Wolanin,Wolanin,7.35666656494141,30,3500,OTT@NJ,OTT,NJ,O,Shoulder,
,,,,,,,,,,,,,40490-74132:Maxime Lajoie,40490-74132,D,Maxime,Maxime Lajoie,Lajoie,7.31428582327707,56,3500,OTT@NJ,OTT,NJ,,,
,,,,,,,,,,,,,40490-97176:Rasmus Sandin,40490-97176,D,Rasmus,Rasmus Sandin,Sandin,4.79999987284343,6,3500,TOR@NYI,TOR,NYI,,,
,,,,,,,,,,,,,40490-13743:Mark Borowiecki,40490-13743,D,Mark,Mark Borowiecki,Borowiecki,8.1411761115579,17,3500,OTT@NJ,OTT,NJ,,,
,,,,,,,,,,,,,40490-97213:Ty Smith,40490-97213,D,Ty,Ty Smith,Smith,0,0,3500,OTT@NJ,NJ,OTT,,,
,,,,,,,,,,,,,40490-97214:Noah Dobson,40490-97214,D,Noah,Noah Dobson,Dobson,5.33333333333333,6,3500,TOR@NYI,NYI,TOR,,,
,,,,,,,,,,,,,40490-117193:Justin Murray,40490-117193,D,Justin,Justin Murray,Murray,0,0,3500,TOR@NYI,NYI,TOR,,,
,,,,,,,,,,,,,40490-117192:Samuel Bolduc,40490-117192,D,Samuel,Samuel Bolduc,Bolduc,0,0,3500,TOR@NYI,NYI,TOR,,,
,,,,,,,,,,,,,40490-8650:Roman Polak,40490-8650,D,Roman,Roman Polak,Polak,3.20000004768372,1,3500,DAL@CGY,DAL,CGY,IR,Upper body,
,,,,,,,,,,,,,40490-79822:Gavin Bayreuther,40490-79822,D,Gavin,Gavin Bayreuther,Bayreuther,6.28421060662521,19,3500,DAL@CGY,DAL,CGY,,,
,,,,,,,,,,,,,40490-97230:Bode Wilde,40490-97230,D,Bode,Bode Wilde,Wilde,0,0,3500,TOR@NYI,NYI,TOR,O,Ankle,
,,,,,,,,,,,,,40490-54744:Christian Djoos,40490-54744,D,Christian,Christian Djoos,Djoos,4.03555569118924,45,3500,WSH@PHI,WSH,PHI,,,
,,,,,,,,,,,,,40490-15328:Brandon Davidson,40490-15328,D,Brandon,Brandon Davidson,Davidson,4.32000007629395,10,3500,DAL@CGY,CGY,DAL,,,
,,,,,,,,,,,,,40490-8167:Ron Hainsey,40490-8167,D,Ron,Ron Hainsey,Hainsey,5.3411766501034,17,3500,OTT@NJ,OTT,NJ,,,
,,,,,,,,,,,,,40490-62443:Jaycob Megna,40490-62443,D,Jaycob,Jaycob Megna,Megna,4.71428571428571,28,3500,CHI@VGK,VGK,CHI,,,
,,,,,,,,,,,,,40490-11245:Brian Strait,40490-11245,D,Brian,Brian Strait,Strait,0,0,3500,OTT@NJ,NJ,OTT,,,
,,,,,,,,,,,,,40490-8178:Milan Lucic,40490-8178,W,Milan,Milan Lucic,Lucic,3.8500001695421,18,3500,DAL@CGY,CGY,DAL,,,
,,,,,,,,,,,,,40490-15349:Joe Morrow,40490-15349,D,Joe,Joe Morrow,Morrow,4.46829260849371,41,3500,OTT@NJ,NJ,OTT,,,
,,,,,,,,,,,,,40490-43000:Samuel Morin,40490-43000,D,Samuel,Samuel Morin,Morin,0,1,3500,WSH@PHI,PHI,WSH,IR,Knee,
,,,,,,,,,,,,,40490-15357:Carl Hagelin,40490-15357,W,Carl,Carl Hagelin,Hagelin,5.38823520436007,17,3500,WSH@PHI,WSH,PHI,O,Upper body,
,,,,,,,,,,,,,40490-79870:Jake Bischoff,40490-79870,D,Jake,Jake Bischoff,Bischoff,5.59999990463257,4,3500,CHI@VGK,VGK,CHI,,,
,,,,,,,,,,,,,40490-11284:Cody Eakin,40490-11284,C,Cody,Cody Eakin,Eakin,4.3,15,3400,CHI@VGK,VGK,CHI,,,
,,,,,,,,,,,,,40490-66600:Blake Coleman,40490-66600,W,Blake,Blake Coleman,Coleman,6.94999980926514,16,3400,OTT@NJ,NJ,OTT,,,
,,,,,,,,,,,,,40490-13913:Tom Kuhnhackl,40490-13913,W,Tom,Tom Kuhnhackl,Kuhnhackl,3.46666653951009,6,3400,TOR@NYI,NYI,TOR,IR,Lower body,
,,,,,,,,,,,,,40490-40039:Michael Raffl,40490-40039,W,Michael,Michael Raffl,Raffl,6.44705873377183,17,3400,WSH@PHI,PHI,WSH,,,
,,,,,,,,,,,,,40490-8475:Travis Zajac,40490-8475,C,Travis,Travis Zajac,Zajac,4.25,16,3400,OTT@NJ,NJ,OTT,,,
,,,,,,,,,,,,,40490-8503:Blake Comeau,40490-8503,W,Blake,Blake Comeau,Comeau,2.79999995231628,4,3400,DAL@CGY,DAL,CGY,,,
,,,,,,,,,,,,,40490-59261:Nick Paul,40490-59261,W,Nick,Nick Paul,Paul,9.64166641235352,12,3400,OTT@NJ,OTT,NJ,,,
,,,,,,,,,,,,,40490-42922:Dominik Kubalik,40490-42922,W,Dominik,Dominik Kubalik,Kubalik,9.49374961853027,16,3400,CHI@VGK,CHI,VGK,,,
,,,,,,,,,,,,,40490-80028:David Kampf,40490-80028,C,David,David Kampf,Kampf,7.22352959127987,17,3300,CHI@VGK,CHI,VGK,,,
,,,,,,,,,,,,,40490-8357:Andrew Cogliano,40490-8357,W,Andrew,Andrew Cogliano,Cogliano,2.75555547078451,18,3300,DAL@CGY,DAL,CGY,,,
,,,,,,,,,,,,,40490-8384:Michael Frolik,40490-8384,W,Michael,Michael Frolik,Frolik,3.51111115349664,18,3300,DAL@CGY,CGY,DAL,,,
,,,,,,,,,,,,,40490-70909:Logan Brown,40490-70909,C,Logan,Logan Brown,Brown,6.125,4,3300,OTT@NJ,OTT,NJ,IR,Upper body,
,,,,,,,,,,,,,40490-74112:Trevor Moore,40490-74112,W,Trevor,Trevor Moore,Moore,6.71578939337479,19,3300,TOR@NYI,TOR,NYI,,,
,,,,,,,,,,,,,40490-61550:Cole Bardreau,40490-61550,C,Cole,Cole Bardreau,Bardreau,4,9,3200,TOR@NYI,NYI,TOR,,,
,,,,,,,,,,,,,40490-14486:Garrett Wilson,40490-14486,W,Garrett,Garrett Wilson,Wilson,3.68,50,3200,TOR@NYI,TOR,NYI,,,
,,,,,,,,,,,,,40490-66719:Dmytro Timashov,40490-66719,W,Dmytro,Dmytro Timashov,Timashov,4.53333333333333,15,3200,TOR@NYI,TOR,NYI,,,
,,,,,,,,,,,,,40490-43196:Alan Quine,40490-43196,W,Alan,Alan Quine,Quine,3.82222239176432,9,3200,DAL@CGY,CGY,DAL,,,
,,,,,,,,,,,,,40490-66757:Filip Chlapik,40490-66757,W,Filip,Filip Chlapik,Chlapik,6.05714307512556,7,3200,OTT@NJ,OTT,NJ,,,
,,,,,,,,,,,,,40490-54478:Nic Dowd,40490-54478,C,Nic,Nic Dowd,Dowd,4.33846165583684,13,3200,WSH@PHI,WSH,PHI,,,
,,,,,,,,,,,,,40490-8425:Cal Clutterbuck,40490-8425,W,Cal,Cal Clutterbuck,Clutterbuck,7.34999990463257,16,3200,TOR@NYI,NYI,TOR,,,
,,,,,,,,,,,,,40490-73998:Vitaly Abramov,40490-73998,W,Vitaly,Vitaly Abramov,Abramov,8.39999961853027,2,3200,OTT@NJ,OTT,NJ,,,
,,,,,,,,,,,,,40490-82190:Drake Batherson,40490-82190,W,Drake,Drake Batherson,Batherson,1.60000002384186,2,3200,OTT@NJ,OTT,NJ,,,
,,,,,,,,,,,,,40490-9006:Tyler Ennis,40490-9006,W,Tyler,Tyler Ennis,Ennis,8.38823565314798,17,3200,OTT@NJ,OTT,NJ,,,
,,,,,,,,,,,,,40490-62276:Austin Czarnik,40490-62276,W,Austin,Austin Czarnik,Czarnik,6.26249980926514,8,3200,DAL@CGY,CGY,DAL,IR,Lower body,
,,,,,,,,,,,,,40490-42839:Chandler Stephenson,40490-42839,W,Chandler,Chandler Stephenson,Stephenson,4.29333343505859,15,3200,WSH@PHI,WSH,PHI,,,
,,,,,,,,,,,,,40490-59251:Michael Dal Colle,40490-59251,W,Michael,Michael Dal Colle,Dal Colle,3.57333323160807,15,3200,TOR@NYI,NYI,TOR,,,
,,,,,,,,,,,,,40490-12682:Brandon Pirri,40490-12682,W,Brandon,Brandon Pirri,Pirri,3.78181804310192,11,3200,CHI@VGK,VGK,CHI,,,
,,,,,,,,,,,,,40490-42977:Nic Petan,40490-42977,W,Nic,Nic Petan,Petan,3.52000007629395,5,3200,TOR@NYI,TOR,NYI,,,
,,,,,,,,,,,,,40490-96780:Joel L'Esperance,40490-96780,W,Joel,Joel L'Esperance,L'Esperance,5.59999974568685,3,3100,DAL@CGY,DAL,CGY,,,
,,,,,,,,,,,,,40490-68644:Mark Jankowski,40490-68644,C,Mark,Mark Jankowski,Jankowski,1.60000004487879,17,3100,DAL@CGY,CGY,DAL,,,
,,,,,,,,,,,,,40490-40019:Brendan Leipsic,40490-40019,W,Brendan,Brendan Leipsic,Leipsic,4.53157886705901,19,3100,WSH@PHI,WSH,PHI,,,
,,,,,,,,,,,,,40490-113269:Kirby Dach,40490-113269,W,Kirby,Kirby Dach,Dach,5.57272720336914,11,3100,CHI@VGK,CHI,VGK,,,
,,,,,,,,,,,,,40490-8932:Zack Smith,40490-8932,W,Zack,Zack Smith,Smith,2.23999996185303,10,3100,CHI@VGK,CHI,VGK,,,
,,,,,,,,,,,,,40490-73969:Rudolfs Balcers,40490-73969,W,Rudolfs,Rudolfs Balcers,Balcers,6.92222213745117,36,3100,OTT@NJ,OTT,NJ,,,
,,,,,,,,,,,,,40490-82191:Alex Formenton,40490-82191,W,Alex,Alex Formenton,Formenton,5.42222213745117,9,3100,OTT@NJ,OTT,NJ,,,
,,,,,,,,,,,,,40490-42786:Justin Dowling,40490-42786,W,Justin,Justin Dowling,Dowling,2.46153846153846,13,3100,DAL@CGY,DAL,CGY,,,
,,,,,,,,,,,,,40490-9002:Richard Panik,40490-9002,W,Richard,Richard Panik,Panik,1.59999995761447,9,3100,WSH@PHI,WSH,PHI,,,
,,,,,,,,,,,,,40490-54577:Pontus Aberg,40490-54577,W,Pontus,Pontus Aberg,Aberg,7.30000020689884,59,3100,TOR@NYI,TOR,NYI,,,
,,,,,,,,,,,,,40490-42918:Scott Sabourin,40490-42918,W,Scott,Scott Sabourin,Sabourin,3.85454559326172,11,3100,OTT@NJ,OTT,NJ,IR,Head,
,,,,,,,,,,,,,40490-43024:Frederik Gauthier,40490-43024,C,Frederik,Frederik Gauthier,Gauthier,3.62105279219778,19,3000,TOR@NYI,TOR,NYI,,,
,,,,,,,,,,,,,40490-79910:Nick Caamano,40490-79910,W,Nick,Nick Caamano,Caamano,4.09999990463257,8,3000,DAL@CGY,DAL,CGY,,,
,,,,,,,,,,,,,40490-68651:Kalle Kossila,40490-68651,W,Kalle,Kalle Kossila,Kossila,4.30000019073486,8,3000,TOR@NYI,TOR,NYI,,,
,,,,,,,,,,,,,40490-82993:Joey Anderson,40490-82993,W,Joey,Joey Anderson,Anderson,5,34,3000,OTT@NJ,NJ,OTT,,,
,,,,,,,,,,,,,40490-81974:Morgan Frost,40490-81974,C,Morgan,Morgan Frost,Frost,0,0,3000,WSH@PHI,PHI,WSH,,,
,,,,,,,,,,,,,40490-8259:Andrew Ladd,40490-8259,W,Andrew,Andrew Ladd,Ladd,6.50769219031701,26,3000,TOR@NYI,NYI,TOR,,,
,,,,,,,,,,,,,40490-8260:Kris Versteeg,40490-8260,W,Kris,Kris Versteeg,Versteeg,0,0,3000,CHI@VGK,CHI,VGK,,,
,,,,,,,,,,,,,40490-12880:Darren Archibald,40490-12880,W,Darren,Darren Archibald,Archibald,3.53333346048991,12,3000,TOR@NYI,TOR,NYI,,,
,,,,,,,,,,,,,40490-43089:Ross Johnston,40490-43089,W,Ross,Ross Johnston,Johnston,2.57777786254883,9,3000,TOR@NYI,NYI,TOR,,,
,,,,,,,,,,,,,40490-102994:Max Veronneau,40490-102994,W,Max,Max Veronneau,Veronneau,6.04166666666667,12,3000,OTT@NJ,OTT,NJ,,,
,,,,,,,,,,,,,40490-79963:Mikhail Vorobyev,40490-79963,W,Mikhail,Mikhail Vorobyev,Vorobyev,2.66666666666667,6,3000,WSH@PHI,PHI,WSH,,,
,,,,,,,,,,,,,40490-8284:Chris Stewart,40490-8284,W,Chris,Chris Stewart,Stewart,1.79999995231628,8,3000,WSH@PHI,PHI,WSH,,,
,,,,,,,,,,,,,40490-13932:Matt Read,40490-13932,W,Matt,Matt Read,Read,3.79999987284342,12,3000,TOR@NYI,TOR,NYI,,,
,,,,,,,,,,,,,40490-66678:Nicolas Roy,40490-66678,C,Nicolas,Nicolas Roy,Roy,6.55999984741211,5,3000,CHI@VGK,VGK,CHI,,,
,,,,,,,,,,,,,40490-113275:Simon Holmstrom,40490-113275,W,Simon,Simon Holmstrom,Holmstrom,0,0,3000,TOR@NYI,NYI,TOR,,,
,,,,,,,,,,,,,40490-14484:Jordan Szwarz,40490-14484,W,Jordan,Jordan Szwarz,Szwarz,1.60000006357829,3,3000,OTT@NJ,OTT,NJ,,,
,,,,,,,,,,,,,40490-116891:Diego Cuglietta,40490-116891,W,Diego,Diego Cuglietta,Cuglietta,0,0,3000,DAL@CGY,DAL,CGY,,,
,,,,,,,,,,,,,40490-116893:Parker MacKay,40490-116893,W,Parker,Parker MacKay,MacKay,0,0,3000,DAL@CGY,DAL,CGY,,,
,,,,,,,,,,,,,40490-116895:Brad McClure,40490-116895,W,Brad,Brad McClure,McClure,0,0,3000,DAL@CGY,DAL,CGY,,,
,,,,,,,,,,,,,40490-73886:Alexandre Fortin,40490-73886,W,Alexandre,Alexandre Fortin,Fortin,4.98333326975505,24,3000,CHI@VGK,CHI,VGK,,,
,,,,,,,,,,,,,40490-116896:Anthony Nellis,40490-116896,C,Anthony,Anthony Nellis,Nellis,0,0,3000,DAL@CGY,DAL,CGY,,,
,,,,,,,,,,,,,40490-66734:J.C. Beaudin,40490-66734,C,J.C.,J.C. Beaudin,Beaudin,2.13333341810438,9,3000,OTT@NJ,OTT,NJ,,,
,,,,,,,,,,,,,40490-43188:Kurtis Gabriel,40490-43188,W,Kurtis,Kurtis Gabriel,Gabriel,2.90909090909091,22,3000,WSH@PHI,PHI,WSH,,,
,,,,,,,,,,,,,40490-103095:Rhett Gardner,40490-103095,W,Rhett,Rhett Gardner,Gardner,2.05714280264718,7,3000,DAL@CGY,DAL,CGY,,,
,,,,,,,,,,,,,40490-8887:Ryan Reaves,40490-8887,W,Ryan,Ryan Reaves,Reaves,3.95789457622327,19,3000,CHI@VGK,VGK,CHI,,,
,,,,,,,,,,,,,40490-39105:Kenny Agostino,40490-39105,W,Kenny,Kenny Agostino,Agostino,5.83015853639633,63,3000,TOR@NYI,TOR,NYI,,,
,,,,,,,,,,,,,40490-104139:Mikael Hakkarainen,40490-104139,C,Mikael,Mikael Hakkarainen,Hakkarainen,0,0,3000,CHI@VGK,CHI,VGK,,,
,,,,,,,,,,,,,40490-73930:Connor Bunnaman,40490-73930,C,Connor,Connor Bunnaman,Bunnaman,2,4,3000,WSH@PHI,PHI,WSH,,,
,,,,,,,,,,,,,40490-104141:Tim Soderlund,40490-104141,C,Tim,Tim Soderlund,Soderlund,0,0,3000,CHI@VGK,CHI,VGK,,,
,,,,,,,,,,,,,40490-73935:Carsen Twarynski,40490-73935,W,Carsen,Carsen Twarynski,Twarynski,3.39999993642171,12,3000,WSH@PHI,PHI,WSH,,,
,,,,,,,,,,,,,40490-39146:Tobias Rieder,40490-39146,W,Tobias,Tobias Rieder,Rieder,3.94285719735282,14,3000,DAL@CGY,CGY,DAL,,,
,,,,,,,,,,,,,40490-54518:Patrick Brown,40490-54518,W,Patrick,Patrick Brown,Brown,0,0,3000,CHI@VGK,VGK,CHI,,,
,,,,,,,,,,,,,40490-82170:Jason Robertson,40490-82170,W,Jason,Jason Robertson,Robertson,0,0,3000,DAL@CGY,DAL,CGY,,,
,,,,,,,,,,,,,40490-70910:Michael McLeod,40490-70910,C,Michael,Michael McLeod,McLeod,3.04761904761905,21,3000,OTT@NJ,NJ,OTT,,,
,,,,,,,,,,,,,40490-70920:German Rubtsov,40490-70920,C,German,German Rubtsov,Rubtsov,2.66666666666667,3,3000,WSH@PHI,PHI,WSH,,,
,,,,,,,,,,,,,40490-103211:Robert Carpenter,40490-103211,W,Robert,Robert Carpenter,Carpenter,0,0,3000,TOR@NYI,NYI,TOR,O,Shoulder,
,,,,,,,,,,,,,40490-117049:Mason Primeau,40490-117049,C,Mason,Mason Primeau,Primeau,0,0,3000,CHI@VGK,VGK,CHI,,,
,,,,,,,,,,,,,40490-117052:Dylan McLaughlin,40490-117052,C,Dylan,Dylan McLaughlin,McLaughlin,0,0,3000,CHI@VGK,CHI,VGK,,,
,,,,,,,,,,,,,40490-116547:Tristan Scherwey,40490-116547,W,Tristan,Tristan Scherwey,Scherwey,0,0,3000,OTT@NJ,OTT,NJ,,,
,,,,,,,,,,,,,40490-117059:Jeremy McKenna,40490-117059,W,Jeremy,Jeremy McKenna,McKenna,0,0,3000,DAL@CGY,CGY,DAL,,,
,,,,,,,,,,,,,40490-62275:Travis Boyd,40490-62275,W,Travis,Travis Boyd,Boyd,5.86666679382324,6,3000,WSH@PHI,WSH,PHI,,,
,,,,,,,,,,,,,40490-117060:Mason Morelli,40490-117060,W,Mason,Mason Morelli,Morelli,0,0,3000,DAL@CGY,CGY,DAL,,,
,,,,,,,,,,,,,40490-8520:Ryan Callahan,40490-8520,W,Ryan,Ryan Callahan,Callahan,6.30961550199069,52,3000,OTT@NJ,OTT,NJ,O,Back,
,,,,,,,,,,,,,40490-74067:Kevin Rooney,40490-74067,C,Kevin,Kevin Rooney,Rooney,3.46666653951009,12,3000,OTT@NJ,NJ,OTT,,,
,,,,,,,,,,,,,40490-74071:Nathan Bastian,40490-74071,W,Nathan,Nathan Bastian,Bastian,8.34285736083984,7,3000,OTT@NJ,NJ,OTT,,,
,,,,,,,,,,,,,40490-74070:Brandon Gignac,40490-74070,W,Brandon,Brandon Gignac,Gignac,3.20000004768372,1,3000,OTT@NJ,NJ,OTT,,,
,,,,,,,,,,,,,40490-12645:Devante Smith-Pelly,40490-12645,W,Devante,Devante Smith-Pelly,Smith-Pelly,4.32592603895399,54,3000,DAL@CGY,CGY,DAL,,,
,,,,,,,,,,,,,40490-62310:Tanner Kero,40490-62310,C,Tanner,Tanner Kero,Kero,0,0,3000,DAL@CGY,DAL,CGY,,,
,,,,,,,,,,,,,40490-74086:Dillon Dube,40490-74086,W,Dillon,Dillon Dube,Dube,3.36,25,3000,DAL@CGY,CGY,DAL,,,
,,,,,,,,,,,,,40490-59246:John Quenneville,40490-59246,W,John,John Quenneville,Quenneville,2.56842101247687,19,3000,CHI@VGK,CHI,VGK,,,
,,,,,,,,,,,,,40490-117106:Ludvig Larsson,40490-117106,C,Ludvig,Ludvig Larsson,Larsson,0,0,3000,OTT@NJ,NJ,OTT,,,
,,,,,,,,,,,,,40490-59253:Joshua Ho-Sang,40490-59253,W,Joshua,Joshua Ho-Sang,Ho-Sang,4.07999992370606,10,3000,TOR@NYI,NYI,TOR,,,
,,,,,,,,,,,,,40490-74100:Tanner Fritz,40490-74100,C,Tanner,Tanner Fritz,Fritz,3.40000009536743,8,3000,TOR@NYI,NYI,TOR,,,
,,,,,,,,,,,,,40490-82808:Brett Seney,40490-82808,W,Brett,Brett Seney,Seney,4.44901948816636,51,3000,OTT@NJ,NJ,OTT,,,
,,,,,,,,,,,,,40490-9085:Cal O'Reilly,40490-9085,C,Cal,Cal O'Reilly,O'Reilly,0,0,3000,WSH@PHI,PHI,WSH,,,
,,,,,,,,,,,,,40490-8575:Martin Hanzal,40490-8575,C,Martin,Martin Hanzal,Hanzal,7.04285703386579,7,3000,DAL@CGY,DAL,CGY,IR,Back,
,,,,,,,,,,,,,40490-59263:Nicolas Aube-Kubel,40490-59263,W,Nicolas,Nicolas Aube-Kubel,Aube-Kubel,0.355555560853746,9,3000,WSH@PHI,PHI,WSH,,,
,,,,,,,,,,,,,40490-8579:Scottie Upshall,40490-8579,W,Scottie,Scottie Upshall,Upshall,0,0,3000,DAL@CGY,DAL,CGY,,,
,,,,,,,,,,,,,40490-8584:Mikkel Boedker,40490-8584,W,Mikkel,Mikkel Boedker,Boedker,3.2,5,3000,OTT@NJ,OTT,NJ,,,
,,,,,,,,,,,,,40490-39311:Nicholas Shore,40490-39311,C,Nicholas,Nicholas Shore,Shore,1.95000004768372,16,3000,TOR@NYI,TOR,NYI,,,
,,,,,,,,,,,,,40490-82835:Shane Gersich,40490-82835,C,Shane,Shane Gersich,Gersich,0,0,3000,WSH@PHI,WSH,PHI,,,
,,,,,,,,,,,,,40490-117141:Colt Conrad,40490-117141,C,Colt,Colt Conrad,Conrad,0,0,3000,TOR@NYI,TOR,NYI,,,
,,,,,,,,,,,,,40490-49563:Tyler Gaudet,40490-49563,C,Tyler,Tyler Gaudet,Gaudet,0,0,3000,TOR@NYI,TOR,NYI,,,
,,,,,,,,,,,,,40490-82842:Dylan Sikura,40490-82842,W,Dylan,Dylan Sikura,Sikura,4.94545445297704,33,3000,CHI@VGK,CHI,VGK,,,
,,,,,,,,,,,,,40490-42915:Valentin Zykov,40490-42915,W,Valentin,Valentin Zykov,Zykov,4.57142857142857,7,3000,CHI@VGK,VGK,CHI,O,Suspension,
,,,,,,,,,,,,,40490-12718:Tyler Pitlick,40490-12718,W,Tyler,Tyler Pitlick,Pitlick,2.95384627122145,13,3000,WSH@PHI,PHI,WSH,,,
,,,,,,,,,,,,,40490-79790:Matthew Highmore,40490-79790,W,Matthew,Matthew Highmore,Highmore,0,0,3000,CHI@VGK,CHI,VGK,,,
,,,,,,,,,,,,,40490-54200:Ryan Carpenter,40490-54200,W,Ryan,Ryan Carpenter,Carpenter,5.02500009536743,16,3000,CHI@VGK,CHI,VGK,,,
,,,,,,,,,,,,,40490-12732:Michael Sgarbossa,40490-12732,W,Michael,Michael Sgarbossa,Sgarbossa,0,0,3000,WSH@PHI,WSH,PHI,,,
,,,,,,,,,,,,,40490-117189:Erik Brown,40490-117189,W,Erik,Erik Brown,Brown,0,0,3000,TOR@NYI,NYI,TOR,,,
,,,,,,,,,,,,,40490-79812:John Hayden,40490-79812,W,John,John Hayden,Hayden,1.82857145581927,7,3000,OTT@NJ,NJ,OTT,,,
,,,,,,,,,,,,,40490-117188:Felix Bibeau,40490-117188,C,Felix,Felix Bibeau,Bibeau,0,0,3000,TOR@NYI,NYI,TOR,,,
,,,,,,,,,,,,,40490-117191:Reece Newkirk,40490-117191,C,Reece,Reece Newkirk,Newkirk,0,0,3000,TOR@NYI,NYI,TOR,,,
,,,,,,,,,,,,,40490-117190:Brett Neumann,40490-117190,C,Brett,Brett Neumann,Neumann,0,0,3000,TOR@NYI,NYI,TOR,,,
,,,,,,,,,,,,,40490-97224:Oliver Wahlstrom,40490-97224,W,Oliver,Oliver Wahlstrom,Wahlstrom,2.31111102634006,9,3000,TOR@NYI,NYI,TOR,,,
,,,,,,,,,,,,,40490-97233:Jesper Boqvist,40490-97233,W,Jesper,Jesper Boqvist,Boqvist,1.86666663487752,6,3000,OTT@NJ,NJ,OTT,,,
,,,,,,,,,,,,,40490-107990:Joel Kiviranta,40490-107990,W,Joel,Joel Kiviranta,Kiviranta,0,0,3000,DAL@CGY,DAL,CGY,,,
,,,,,,,,,,,,,40490-11237:Zac Rinaldo,40490-11237,W,Zac,Zac Rinaldo,Rinaldo,2.53913050112517,23,3000,DAL@CGY,CGY,DAL,,,
,,,,,,,,,,,,,40490-9196:Matt Martin,40490-9196,W,Matt,Matt Martin,Martin,6.17142868041992,7,3000,TOR@NYI,NYI,TOR,IR,Lower body,
,,,,,,,,,,,,,40490-42997:Tyrell Goulbourne,40490-42997,W,Tyrell,Tyrell Goulbourne,Goulbourne,2.40000009536743,2,3000,CHI@VGK,VGK,CHI,,,
,,,,,,,,,,,,,40490-37884:Ben Street,40490-37884,C,Ben,Ben Street,Street,4.60952395484561,21,3000,OTT@NJ,NJ,OTT,,,
