entry_id,contest_id,contest_name,C,C,W,W,W,W,D,D,G,,Instructions,,,,,,,,,,,,,,
1878194029,40590-231470985,$1250 Sat NHL Deflection ($0.25 to Enter),40590-64100:JACK EICHEL,40590-40036:TOMAS HERTL,40590-59207:VIKTOR ARVIDSSON,40590-9259:MIKE HOFFMAN,40590-23233:Alex Galchenyuk,40590-61549:FRANK VATRANO,40590-8467:SHEA WEBER,40590-55607:AARON EKBLAD,40590-8292:CRAIG ANDERSON,,1) Edit your lineup by inserting any player from this list into their appropriate position columns,,,,,,,,,,,,,,
1878194202,40590-231470985,$1250 Sat NHL Deflection ($0.25 to Enter),40590-64100:JACK EICHEL,40590-40036:TOMAS HERTL,40590-59207:VIKTOR ARVIDSSON,40590-9259:MIKE HOFFMAN,40590-23233:Alex Galchenyuk,40590-61549:FRANK VATRANO,40590-8467:SHEA WEBER,40590-55607:AARON EKBLAD,40590-54809:LINUS ULLMARK,,2) You can paste either the Player ID + Name OR ID from their respective columns,,,,,,,,,,,,,,
1878194203,40590-231470985,$1250 Sat NHL Deflection ($0.25 to Enter),40590-64100:JACK EICHEL,40590-40036:TOMAS HERTL,40590-59207:VIKTOR ARVIDSSON,40590-9259:MIKE HOFFMAN,40590-23233:Alex Galchenyuk,40590-61549:FRANK VATRANO,40590-8467:SHEA WEBER,40590-55607:AARON EKBLAD,40590-8532:HENRIK LUNDQVIST,,3) Any information to the right of the last position column will be ignored in the upload. Don't leave blank rows. Any entries after a blank row will not be edited,,,,,,,,,,,,,,
1878194204,40590-231470985,$1250 Sat NHL Deflection ($0.25 to Enter),40590-64100:JACK EICHEL,40590-40036:TOMAS HERTL,40590-59207:VIKTOR ARVIDSSON,40590-9259:MIKE HOFFMAN,40590-23233:Alex Galchenyuk,40590-61549:FRANK VATRANO,40590-8467:SHEA WEBER,40590-55607:AARON EKBLAD,40590-12163:SERGEI BOBROVSKY,,4) You can not use this form to create new entries,,,,,,,,,,,,,,
1878194205,40590-231470985,$1250 Sat NHL Deflection ($0.25 to Enter),40590-64100:JACK EICHEL,40590-40036:TOMAS HERTL,40590-59207:VIKTOR ARVIDSSON,40590-9259:MIKE HOFFMAN,40590-23233:Alex Galchenyuk,40590-61549:FRANK VATRANO,40590-8467:SHEA WEBER,40590-55607:AARON EKBLAD,40590-8633:THOMAS GREISS,,,,,,,,,,,,,,,,
1878194207,40590-231470985,$1250 Sat NHL Deflection ($0.25 to Enter),40590-64100:JACK EICHEL,40590-40036:TOMAS HERTL,40590-59207:VIKTOR ARVIDSSON,40590-9259:MIKE HOFFMAN,40590-23233:Alex Galchenyuk,40590-61549:FRANK VATRANO,40590-8467:SHEA WEBER,40590-55607:AARON EKBLAD,40590-8553:BRIAN ELLIOTT,,Player ID + Player Name,Id,Position,First Name,Nickname,Last Name,FPPG,Played,Salary,Game,Team,Opponent,Injury Indicator,Injury Details,Tier
1878194209,40590-231470985,$1250 Sat NHL Deflection ($0.25 to Enter),40590-64100:JACK EICHEL,40590-40036:TOMAS HERTL,40590-59207:VIKTOR ARVIDSSON,40590-9259:MIKE HOFFMAN,40590-23233:Alex Galchenyuk,40590-61549:FRANK VATRANO,40590-8467:SHEA WEBER,40590-55607:AARON EKBLAD,40590-42868:TRISTAN JARRY,,40590-59218:David Pastrnak,40590-59218,W,David,David Pastrnak,Pastrnak,23.4157891524465,19,9200,WSH@BOS,BOS,WSH,,,
1878194210,40590-231470985,$1250 Sat NHL Deflection ($0.25 to Enter),40590-64100:JACK EICHEL,40590-40036:TOMAS HERTL,40590-59207:VIKTOR ARVIDSSON,40590-9259:MIKE HOFFMAN,40590-23233:Alex Galchenyuk,40590-61549:FRANK VATRANO,40590-8467:SHEA WEBER,40590-55607:AARON EKBLAD,40590-9416:BRADEN HOLTBY,,40590-42869:Matt Murray,40590-42869,G,Matt,Matt Murray,Murray,17.5,16,9000,TOR@PIT,PIT,TOR,,,
1878194212,40590-231470985,$1250 Sat NHL Deflection ($0.25 to Enter),40590-64100:JACK EICHEL,40590-40036:TOMAS HERTL,40590-59207:VIKTOR ARVIDSSON,40590-9259:MIKE HOFFMAN,40590-23233:Alex Galchenyuk,40590-61549:FRANK VATRANO,40590-8467:SHEA WEBER,40590-55607:AARON EKBLAD,40590-8453:JAROSLAV HALAK,,40590-8452:Carey Price,40590-8452,G,Carey,Carey Price,Price,20.6499996185303,16,8800,NJ@MON,MON,NJ,,,
1878194214,40590-231470985,$1250 Sat NHL Deflection ($0.25 to Enter),40590-64100:JACK EICHEL,40590-40036:TOMAS HERTL,40590-59207:VIKTOR ARVIDSSON,40590-9259:MIKE HOFFMAN,40590-23233:Alex Galchenyuk,40590-61549:FRANK VATRANO,40590-8467:SHEA WEBER,40590-55607:AARON EKBLAD,40590-66744:MACKENZIE BLACKWOOD,,40590-41391:Nathan MacKinnon,40590-41391,C,Nathan,Nathan MacKinnon,MacKinnon,22.0315792686061,19,8800,COL@VAN,COL,VAN,,,
1878194215,40590-231470985,$1250 Sat NHL Deflection ($0.25 to Enter),40590-64100:JACK EICHEL,40590-40036:TOMAS HERTL,40590-59207:VIKTOR ARVIDSSON,40590-9259:MIKE HOFFMAN,40590-23233:Alex Galchenyuk,40590-61549:FRANK VATRANO,40590-8467:SHEA WEBER,40590-55607:AARON EKBLAD,40590-14183:KEITH KINKAID,,40590-8718:Alex Ovechkin,40590-8718,W,Alex,Alex Ovechkin,Ovechkin,20.6857139950707,21,8800,WSH@BOS,WSH,BOS,,,
1878194216,40590-231470985,$1250 Sat NHL Deflection ($0.25 to Enter),40590-64100:JACK EICHEL,40590-40036:TOMAS HERTL,40590-59207:VIKTOR ARVIDSSON,40590-9259:MIKE HOFFMAN,40590-23233:Alex Galchenyuk,40590-61549:FRANK VATRANO,40590-8467:SHEA WEBER,40590-55607:AARON EKBLAD,40590-15268:JOHN GIBSON,,40590-8193:Tuukka Rask,40590-8193,G,Tuukka,Tuukka Rask,Rask,22.7333323160807,12,8700,WSH@BOS,BOS,WSH,,,
1878194218,40590-231470985,$1250 Sat NHL Deflection ($0.25 to Enter),40590-64100:JACK EICHEL,40590-40036:TOMAS HERTL,40590-59207:VIKTOR ARVIDSSON,40590-9259:MIKE HOFFMAN,40590-23233:Alex Galchenyuk,40590-61549:FRANK VATRANO,40590-8467:SHEA WEBER,40590-55607:AARON EKBLAD,40590-15339:JORDAN BINNINGTON,,40590-70899:Auston Matthews,40590-70899,C,Auston,Auston Matthews,Matthews,20.3571428571429,21,8700,TOR@PIT,TOR,PIT,,,
1878194220,40590-231470985,$1250 Sat NHL Deflection ($0.25 to Enter),40590-64100:JACK EICHEL,40590-40036:TOMAS HERTL,40590-59207:VIKTOR ARVIDSSON,40590-9259:MIKE HOFFMAN,40590-23233:Alex Galchenyuk,40590-61549:FRANK VATRANO,40590-8467:SHEA WEBER,40590-55607:AARON EKBLAD,40590-8864:ROBIN LEHNER,,40590-9416:Braden Holtby,40590-9416,G,Braden,Braden Holtby,Holtby,17.8857138497489,14,8500,WSH@BOS,WSH,BOS,,,
1878194221,40590-231470985,$1250 Sat NHL Deflection ($0.25 to Enter),40590-64100:JACK EICHEL,40590-40036:TOMAS HERTL,40590-59207:VIKTOR ARVIDSSON,40590-9259:MIKE HOFFMAN,40590-23233:Alex Galchenyuk,40590-61549:FRANK VATRANO,40590-8467:SHEA WEBER,40590-55607:AARON EKBLAD,40590-8472:PEKKA RINNE,,40590-23072:Frederik Andersen,40590-23072,G,Frederik,Frederik Andersen,Andersen,18.5499992370605,16,8500,TOR@PIT,TOR,PIT,,,
1878194223,40590-231470985,$1250 Sat NHL Deflection ($0.25 to Enter),40590-64100:JACK EICHEL,40590-40036:TOMAS HERTL,40590-59207:VIKTOR ARVIDSSON,40590-9259:MIKE HOFFMAN,40590-23233:Alex Galchenyuk,40590-61549:FRANK VATRANO,40590-8467:SHEA WEBER,40590-55607:AARON EKBLAD,40590-43033:ANTOINE BIBEAU,,40590-8262:Patrick Kane,40590-8262,W,Patrick,Patrick Kane,Kane,17.7222222222222,18,8300,CHI@NSH,CHI,NSH,,,
1878194224,40590-231470985,$1250 Sat NHL Deflection ($0.25 to Enter),40590-64100:JACK EICHEL,40590-40036:TOMAS HERTL,40590-59207:VIKTOR ARVIDSSON,40590-9259:MIKE HOFFMAN,40590-23233:Alex Galchenyuk,40590-61549:FRANK VATRANO,40590-8467:SHEA WEBER,40590-55607:AARON EKBLAD,40590-70251:THATCHER DEMKO,,40590-8472:Pekka Rinne,40590-8472,G,Pekka,Pekka Rinne,Rinne,18.7333335876465,12,8300,CHI@NSH,NSH,CHI,,,
1878194226,40590-231470985,$1250 Sat NHL Deflection ($0.25 to Enter),40590-64100:JACK EICHEL,40590-40036:TOMAS HERTL,40590-59207:VIKTOR ARVIDSSON,40590-9259:MIKE HOFFMAN,40590-23233:Alex Galchenyuk,40590-61549:FRANK VATRANO,40590-8467:SHEA WEBER,40590-55607:AARON EKBLAD,40590-8353:JIMMY HOWARD,,40590-41393:Aleksander Barkov,40590-41393,C,Aleksander,Aleksander Barkov,Barkov,16.6578947368421,19,8300,NYR@FLA,FLA,NYR,,,
1878194228,40590-231470985,$1250 Sat NHL Deflection ($0.25 to Enter),40590-64100:JACK EICHEL,40590-40036:TOMAS HERTL,40590-59207:VIKTOR ARVIDSSON,40590-9259:MIKE HOFFMAN,40590-23233:Alex Galchenyuk,40590-61549:FRANK VATRANO,40590-8467:SHEA WEBER,40590-55607:AARON EKBLAD,40590-9278:MARTIN JONES,,40590-15339:Jordan Binnington,40590-15339,G,Jordan,Jordan Binnington,Binnington,20.1066670735677,15,8300,ANH@STL,STL,ANH,,,
1878194229,40590-231470985,$1250 Sat NHL Deflection ($0.25 to Enter),40590-64100:JACK EICHEL,40590-40036:TOMAS HERTL,40590-59207:VIKTOR ARVIDSSON,40590-9259:MIKE HOFFMAN,40590-23233:Alex Galchenyuk,40590-61549:FRANK VATRANO,40590-8467:SHEA WEBER,40590-55607:AARON EKBLAD,40590-8292:CRAIG ANDERSON,,40590-62493:Artemi Panarin,40590-62493,W,Artemi,Artemi Panarin,Panarin,16.9294110466452,17,8200,NYR@FLA,NYR,FLA,,,
,,,,,,,,,,,,,40590-8453:Jaroslav Halak,40590-8453,G,Jaroslav,Jaroslav Halak,Halak,21.5999995640346,7,8200,WSH@BOS,BOS,WSH,,,
,,,,,,,,,,,,,40590-8595:Evgeni Malkin,40590-8595,C,Evgeni,Evgeni Malkin,Malkin,14.4624996185303,8,8200,TOR@PIT,PIT,TOR,,,
,,,,,,,,,,,,,40590-8763:Brad Marchand,40590-8763,W,Brad,Brad Marchand,Marchand,21.2736848530016,19,8200,WSH@BOS,BOS,WSH,,,
,,,,,,,,,,,,,40590-9278:Martin Jones,40590-9278,G,Martin,Martin Jones,Jones,12.5,16,8100,DET@SJ,SJ,DET,,,
,,,,,,,,,,,,,40590-8594:Sidney Crosby,40590-8594,C,Sidney,Sidney Crosby,Crosby,14.2529413559858,17,8100,TOR@PIT,PIT,TOR,IR,Groin,
,,,,,,,,,,,,,40590-8633:Thomas Greiss,40590-8633,G,Thomas,Thomas Greiss,Greiss,25.2444441053602,9,8100,NYI@PHI,NYI,PHI,,,
,,,,,,,,,,,,,40590-8732:Semyon Varlamov,40590-8732,G,Semyon,Semyon Varlamov,Varlamov,20.6222229003906,9,8100,NYI@PHI,NYI,PHI,,,
,,,,,,,,,,,,,40590-12697:Philipp Grubauer,40590-12697,G,Philipp,Philipp Grubauer,Grubauer,19.6363636363636,11,8000,COL@VAN,COL,VAN,IR,Lower body,
,,,,,,,,,,,,,40590-11133:Carter Hutton,40590-11133,G,Carter,Carter Hutton,Hutton,19.6363636363636,11,8000,OTT@BUF,BUF,OTT,,,
,,,,,,,,,,,,,40590-83235:Ilya Samsonov,40590-83235,G,Ilya,Ilya Samsonov,Samsonov,18.7999992370605,8,7900,WSH@BOS,WSH,BOS,,,
,,,,,,,,,,,,,40590-64100:Jack Eichel,40590-64100,C,Jack,Jack Eichel,Eichel,17.0499996609158,18,7900,OTT@BUF,BUF,OTT,,,
,,,,,,,,,,,,,40590-70251:Thatcher Demko,40590-70251,G,Thatcher,Thatcher Demko,Demko,22.971429007394,7,7900,COL@VAN,VAN,COL,,,
,,,,,,,,,,,,,40590-15268:John Gibson,40590-15268,G,John,John Gibson,Gibson,16.7466664632161,15,7900,ANH@STL,ANH,STL,,,
,,,,,,,,,,,,,40590-8532:Henrik Lundqvist,40590-8532,G,Henrik,Henrik Lundqvist,Lundqvist,17.4399993896484,10,7800,NYR@FLA,NYR,FLA,,,
,,,,,,,,,,,,,40590-39253:Filip Forsberg,40590-39253,W,Filip,Filip Forsberg,Forsberg,19.1666666666667,12,7800,CHI@NSH,NSH,CHI,,,
,,,,,,,,,,,,,40590-12163:Sergei Bobrovsky,40590-12163,G,Sergei,Sergei Bobrovsky,Bobrovsky,10.9499998092651,16,7800,NYR@FLA,FLA,NYR,,,
,,,,,,,,,,,,,40590-8175:Patrice Bergeron,40590-8175,C,Patrice,Patrice Bergeron,Bergeron,16.0421046206826,19,7800,WSH@BOS,BOS,WSH,O,Lower body,
,,,,,,,,,,,,,40590-66683:Mitchell Marner,40590-66683,W,Mitchell,Mitchell Marner,Marner,14.5277777777778,18,7700,TOR@PIT,TOR,PIT,IR,Ankle,
,,,,,,,,,,,,,40590-42868:Tristan Jarry,40590-42868,G,Tristan,Tristan Jarry,Jarry,16,4,7700,TOR@PIT,PIT,TOR,,,
,,,,,,,,,,,,,40590-9092:Evander Kane,40590-9092,W,Evander,Evander Kane,Kane,18.8529411764706,17,7700,DET@SJ,SJ,DET,,,
,,,,,,,,,,,,,40590-8212:Ryan Miller,40590-8212,G,Ryan,Ryan Miller,Miller,17.7333335876465,6,7600,ANH@STL,ANH,STL,,,
,,,,,,,,,,,,,40590-73938:Carter Hart,40590-73938,G,Carter,Carter Hart,Hart,13.8461538461538,13,7600,NYI@PHI,PHI,NYI,,,
,,,,,,,,,,,,,40590-52475:Evgeny Kuznetsov,40590-52475,C,Evgeny,Evgeny Kuznetsov,Kuznetsov,15.4722222222222,18,7600,WSH@BOS,WSH,BOS,,,
,,,,,,,,,,,,,40590-83213:Pavel Francouz,40590-83213,G,Pavel,Pavel Francouz,Francouz,18.1714281354632,7,7600,COL@VAN,COL,VAN,O,Concussion,
,,,,,,,,,,,,,40590-8494:John Tavares,40590-8494,C,John,John Tavares,Tavares,13.5499997820173,14,7600,TOR@PIT,TOR,PIT,,,
,,,,,,,,,,,,,40590-8864:Robin Lehner,40590-8864,G,Robin,Robin Lehner,Lehner,21.7600006103516,10,7600,CHI@NSH,CHI,NSH,,,
,,,,,,,,,,,,,40590-66737:Mikko Rantanen,40590-66737,W,Mikko,Mikko Rantanen,Rantanen,18.2666659884983,9,7500,COL@VAN,COL,VAN,IR,Lower body,
,,,,,,,,,,,,,40590-8556:Claude Giroux,40590-8556,C,Claude,Claude Giroux,Giroux,12.8315791079873,19,7500,NYI@PHI,PHI,NYI,,,
,,,,,,,,,,,,,40590-54809:Linus Ullmark,40590-54809,G,Linus,Linus Ullmark,Ullmark,20.6857147216797,7,7500,OTT@BUF,BUF,OTT,,,
,,,,,,,,,,,,,40590-104427:Adam Werner,40590-104427,G,Adam,Adam Werner,Werner,17.2000007629395,2,7500,COL@VAN,COL,VAN,,,
,,,,,,,,,,,,,40590-8273:Corey Crawford,40590-8273,G,Corey,Corey Crawford,Crawford,16.5333336724175,9,7400,CHI@NSH,CHI,NSH,,,
,,,,,,,,,,,,,40590-14468:Anders Nilsson,40590-14468,G,Anders,Anders Nilsson,Nilsson,20.5600006103516,10,7400,OTT@BUF,OTT,BUF,,,
,,,,,,,,,,,,,40590-8426:Brent Burns,40590-8426,D,Brent,Brent Burns,Burns,15.6449996948242,20,7400,DET@SJ,SJ,DET,,,
,,,,,,,,,,,,,40590-14183:Keith Kinkaid,40590-14183,G,Keith,Keith Kinkaid,Kinkaid,11.7333335876465,3,7400,NJ@MON,MON,NJ,,,
,,,,,,,,,,,,,40590-66411:Juuse Saros,40590-66411,G,Juuse,Juuse Saros,Saros,9.94285692487444,7,7400,CHI@NSH,NSH,CHI,,,
,,,,,,,,,,,,,40590-15217:Jonathan Huberdeau,40590-15217,W,Jonathan,Jonathan Huberdeau,Huberdeau,16.3631575734992,19,7400,NYR@FLA,FLA,NYR,,,
,,,,,,,,,,,,,40590-9112:Jake Allen,40590-9112,G,Jake,Jake Allen,Allen,15.6800003051758,5,7400,ANH@STL,STL,ANH,,,
,,,,,,,,,,,,,40590-12283:Jacob Markstrom,40590-12283,G,Jacob,Jacob Markstrom,Markstrom,16.3692310039814,13,7400,COL@VAN,VAN,COL,,,
,,,,,,,,,,,,,40590-12410:Taylor Hall,40590-12410,W,Taylor,Taylor Hall,Hall,13.5888892279731,18,7300,NJ@MON,NJ,MON,,,
,,,,,,,,,,,,,40590-66693:Sam Montembeault,40590-66693,G,Sam,Sam Montembeault,Montembeault,14.533332824707,6,7300,NYR@FLA,FLA,NYR,,,
,,,,,,,,,,,,,40590-82094:Alexandar Georgiev,40590-82094,G,Alexandar,Alexandar Georgiev,Georgiev,15.6444447835286,9,7300,NYR@FLA,NYR,FLA,,,
,,,,,,,,,,,,,40590-8553:Brian Elliott,40590-8553,G,Brian,Brian Elliott,Elliott,15.2000003390842,9,7300,NYI@PHI,PHI,NYI,,,
,,,,,,,,,,,,,40590-58904:Aaron Dell,40590-58904,G,Aaron,Aaron Dell,Dell,9.59999974568685,6,7300,DET@SJ,SJ,DET,,,
,,,,,,,,,,,,,40590-15306:Brendan Gallagher,40590-15306,W,Brendan,Brendan Gallagher,Gallagher,14.8210529528166,19,7300,NJ@MON,MON,NJ,,,
,,,,,,,,,,,,,40590-12439:Jeff Skinner,40590-12439,W,Jeff,Jeff Skinner,Skinner,13.5944442749023,18,7200,OTT@BUF,BUF,OTT,,,
,,,,,,,,,,,,,40590-66744:MacKenzie Blackwood,40590-66744,G,MacKenzie,MacKenzie Blackwood,Blackwood,15.5076927771935,13,7200,NJ@MON,NJ,MON,,,
,,,,,,,,,,,,,40590-84409:Elias Pettersson,40590-84409,C,Elias,Elias Pettersson,Pettersson,16.0350006103516,20,7200,COL@VAN,VAN,COL,,,
,,,,,,,,,,,,,40590-8780:Jonathan Bernier,40590-8780,G,Jonathan,Jonathan Bernier,Bernier,12.2461536114032,13,7200,DET@SJ,DET,SJ,,,
,,,,,,,,,,,,,40590-9015:John Carlson,40590-9015,D,John,John Carlson,Carlson,21.2666669573103,21,7200,WSH@BOS,WSH,BOS,,,
,,,,,,,,,,,,,40590-70571:Jake Guentzel,40590-70571,W,Jake,Jake Guentzel,Guentzel,13.5263157894737,19,7200,TOR@PIT,PIT,TOR,,,
,,,,,,,,,,,,,40590-14565:Mika Zibanejad,40590-14565,C,Mika,Mika Zibanejad,Zibanejad,18.0888892279731,9,7100,NYR@FLA,NYR,FLA,O,Upper body,
,,,,,,,,,,,,,40590-79857:Brock Boeser,40590-79857,W,Brock,Brock Boeser,Boeser,14.1199996948242,20,7100,COL@VAN,VAN,COL,,,
,,,,,,,,,,,,,40590-43033:Antoine Bibeau,40590-43033,G,Antoine,Antoine Bibeau,Bibeau,3.20000004768372,1,7000,COL@VAN,COL,VAN,,,
,,,,,,,,,,,,,40590-11294:Michael Hutchinson,40590-11294,G,Michael,Michael Hutchinson,Hutchinson,6.93333307902018,6,7000,TOR@PIT,TOR,PIT,,,
,,,,,,,,,,,,,40590-66599:Zane McIntyre,40590-66599,G,Zane,Zane McIntyre,McIntyre,0,0,7000,COL@VAN,VAN,COL,,,
,,,,,,,,,,,,,40590-68647:Charlie Lindgren,40590-68647,G,Charlie,Charlie Lindgren,Lindgren,27.2000007629395,1,7000,NJ@MON,MON,NJ,,,
,,,,,,,,,,,,,40590-82001:Collin Delia,40590-82001,G,Collin,Collin Delia,Delia,16.75,16,7000,CHI@NSH,CHI,NSH,,,
,,,,,,,,,,,,,40590-9302:Michal Neuvirth,40590-9302,G,Michal,Michal Neuvirth,Neuvirth,4.91428593226842,7,7000,TOR@PIT,TOR,PIT,,,
,,,,,,,,,,,,,40590-8292:Craig Anderson,40590-8292,G,Craig,Craig Anderson,Anderson,11.2727272727273,11,7000,OTT@BUF,OTT,BUF,,,
,,,,,,,,,,,,,40590-14483:Louis Domingue,40590-14483,G,Louis,Louis Domingue,Domingue,20.8307682917668,26,7000,NJ@MON,NJ,MON,,,
,,,,,,,,,,,,,40590-8353:Jimmy Howard,40590-8353,G,Jimmy,Jimmy Howard,Howard,10.4,10,7000,DET@SJ,DET,SJ,,,
,,,,,,,,,,,,,40590-74064:Casey DeSmith,40590-74064,G,Casey,Casey DeSmith,DeSmith,17.3555552164714,36,7000,TOR@PIT,PIT,TOR,,,
,,,,,,,,,,,,,40590-38243:Anthony Stolarz,40590-38243,G,Anthony,Anthony Stolarz,Stolarz,12.1333329942491,18,7000,ANH@STL,ANH,STL,,,
,,,,,,,,,,,,,40590-14697:Gabriel Landeskog,40590-14697,W,Gabriel,Gabriel Landeskog,Landeskog,10.9272724498402,11,7000,COL@VAN,COL,VAN,IR,Lower body,
,,,,,,,,,,,,,40590-12654:Calvin Pickard,40590-12654,G,Calvin,Calvin Pickard,Pickard,7.81176488539752,17,7000,DET@SJ,DET,SJ,,,
,,,,,,,,,,,,,40590-8781:Cory Schneider,40590-8781,G,Cory,Cory Schneider,Schneider,2.66666666666667,6,7000,NJ@MON,NJ,MON,,,
,,,,,,,,,,,,,40590-54028:Pheonix Copley,40590-54028,G,Pheonix,Pheonix Copley,Copley,17.2444446705006,27,7000,WSH@BOS,WSH,BOS,,,
,,,,,,,,,,,,,40590-9124:Ryan O'Reilly,40590-9124,C,Ryan,Ryan O'Reilly,O'Reilly,12.9850006103516,20,7000,ANH@STL,STL,ANH,,,
,,,,,,,,,,,,,40590-8275:Matt Duchene,40590-8275,C,Matt,Matt Duchene,Duchene,12.3352939381319,17,6900,CHI@NSH,NSH,CHI,,,
,,,,,,,,,,,,,40590-15308:Sean Couturier,40590-15308,C,Sean,Sean Couturier,Couturier,11.7421055843956,19,6900,NYI@PHI,PHI,NYI,,,
,,,,,,,,,,,,,40590-40036:Tomas Hertl,40590-40036,C,Tomas,Tomas Hertl,Hertl,15.45,20,6800,DET@SJ,SJ,DET,,,
,,,,,,,,,,,,,40590-43134:Anthony Mantha,40590-43134,W,Anthony,Anthony Mantha,Mantha,17.0952380952381,21,6800,DET@SJ,DET,SJ,,,
,,,,,,,,,,,,,40590-59207:Viktor Arvidsson,40590-59207,W,Viktor,Viktor Arvidsson,Arvidsson,11.3999998304579,18,6800,CHI@NSH,NSH,CHI,,,
,,,,,,,,,,,,,40590-12262:Roman Josi,40590-12262,D,Roman,Roman Josi,Josi,17.5055558946398,18,6800,CHI@NSH,NSH,CHI,,,
,,,,,,,,,,,,,40590-9269:Logan Couture,40590-9269,C,Logan,Logan Couture,Couture,12.975,20,6700,DET@SJ,SJ,DET,,,
,,,,,,,,,,,,,40590-8303:Jakub Voracek,40590-8303,W,Jakub,Jakub Voracek,Voracek,10.1789470471834,19,6700,NYI@PHI,PHI,NYI,,,
,,,,,,,,,,,,,40590-66685:Mathew Barzal,40590-66685,C,Mathew,Mathew Barzal,Barzal,14.7411768296186,17,6600,NYI@PHI,NYI,PHI,,,
,,,,,,,,,,,,,40590-62788:Dylan Larkin,40590-62788,C,Dylan,Dylan Larkin,Larkin,13.3047616141183,21,6600,DET@SJ,DET,SJ,,,
,,,,,,,,,,,,,40590-8551:Erik Karlsson,40590-8551,D,Erik,Erik Karlsson,Karlsson,11.4578945762233,19,6600,DET@SJ,SJ,DET,,,
,,,,,,,,,,,,,40590-37881:Morgan Rielly,40590-37881,D,Morgan,Morgan Rielly,Rielly,13.5666663760231,21,6600,TOR@PIT,TOR,PIT,,,
,,,,,,,,,,,,,40590-14473:Jakob Silfverberg,40590-14473,W,Jakob,Jakob Silfverberg,Silfverberg,12.9050003051758,20,6500,ANH@STL,ANH,STL,,,
,,,,,,,,,,,,,40590-73885:Alex DeBrincat,40590-73885,W,Alex,Alex DeBrincat,DeBrincat,13.1333329942491,18,6500,CHI@NSH,CHI,NSH,,,
,,,,,,,,,,,,,40590-39238:Anders Lee,40590-39238,W,Anders,Anders Lee,Lee,10.0235290527344,17,6500,NYI@PHI,NYI,PHI,,,
,,,,,,,,,,,,,40590-9321:Tomas Tatar,40590-9321,W,Tomas,Tomas Tatar,Tatar,14.2105263157895,19,6400,NJ@MON,MON,NJ,,,
,,,,,,,,,,,,,40590-8608:Kris Letang,40590-8608,D,Kris,Kris Letang,Letang,15.140000406901,15,6400,TOR@PIT,PIT,TOR,DTD,Lower body,
,,,,,,,,,,,,,40590-8635:T.J. Oshie,40590-8635,W,T.J.,T.J. Oshie,Oshie,11.5619049072266,21,6400,WSH@BOS,WSH,BOS,,,
,,,,,,,,,,,,,40590-8651:Alex Pietrangelo,40590-8651,D,Alex,Alex Pietrangelo,Pietrangelo,14.5399993896484,20,6400,ANH@STL,STL,ANH,,,
,,,,,,,,,,,,,40590-8254:Jonathan Toews,40590-8254,C,Jonathan,Jonathan Toews,Toews,8.51666683620877,18,6300,CHI@NSH,CHI,NSH,,,
,,,,,,,,,,,,,40590-8640:David Perron,40590-8640,W,David,David Perron,Perron,13.5300003051758,20,6300,ANH@STL,STL,ANH,,,
,,,,,,,,,,,,,40590-66508:Travis Konecny,40590-66508,W,Travis,Travis Konecny,Konecny,14.4157891524465,19,6300,NYI@PHI,PHI,NYI,,,
,,,,,,,,,,,,,40590-9266:Brayden Schenn,40590-9266,C,Brayden,Brayden Schenn,Schenn,13.2800003051758,20,6200,ANH@STL,STL,ANH,,,
,,,,,,,,,,,,,40590-8875:Evgenii Dadonov,40590-8875,W,Evgenii,Evgenii Dadonov,Dadonov,12.9315787867496,19,6200,NYR@FLA,FLA,NYR,,,
,,,,,,,,,,,,,40590-15283:Vincent Trocheck,40590-15283,C,Vincent,Vincent Trocheck,Trocheck,12.9416669209798,12,6100,NYR@FLA,FLA,NYR,,,
,,,,,,,,,,,,,40590-8467:Shea Weber,40590-8467,D,Shea,Shea Weber,Weber,15.3473687422903,19,6000,NJ@MON,MON,NJ,,,
,,,,,,,,,,,,,40590-8134:Ryan Getzlaf,40590-8134,C,Ryan,Ryan Getzlaf,Getzlaf,12.3300003051758,20,6000,ANH@STL,ANH,STL,,,
,,,,,,,,,,,,,40590-83057:Victor Olofsson,40590-83057,W,Victor,Victor Olofsson,Olofsson,11.7333331637912,18,5900,OTT@BUF,BUF,OTT,,,
,,,,,,,,,,,,,40590-12644:Kyle Palmieri,40590-12644,W,Kyle,Kyle Palmieri,Palmieri,10.8055555555556,18,5900,NJ@MON,NJ,MON,,,
,,,,,,,,,,,,,40590-41592:Max Domi,40590-41592,C,Max,Max Domi,Domi,10.2368421052632,19,5900,NJ@MON,MON,NJ,,,
,,,,,,,,,,,,,40590-59276:William Nylander,40590-59276,W,William,William Nylander,Nylander,12.1857139950707,21,5900,TOR@PIT,TOR,PIT,,,
,,,,,,,,,,,,,40590-9259:Mike Hoffman,40590-9259,W,Mike,Mike Hoffman,Hoffman,12.6052631578947,19,5800,NYR@FLA,FLA,NYR,,,
,,,,,,,,,,,,,40590-66690:Timo Meier,40590-66690,W,Timo,Timo Meier,Meier,11.9050003051758,20,5800,DET@SJ,SJ,DET,,,
,,,,,,,,,,,,,40590-21648:Torey Krug,40590-21648,D,Torey,Torey Krug,Krug,11.9000001795152,17,5800,WSH@BOS,BOS,WSH,IR,Upper body,
,,,,,,,,,,,,,40590-8714:Nicklas Backstrom,40590-8714,C,Nicklas,Nicklas Backstrom,Backstrom,11.7714284261068,21,5800,WSH@BOS,WSH,BOS,,,
,,,,,,,,,,,,,40590-15269:Rickard Rakell,40590-15269,W,Rickard,Rickard Rakell,Rakell,12.0849998474121,20,5800,ANH@STL,ANH,STL,,,
,,,,,,,,,,,,,40590-42478:Bo Horvat,40590-42478,C,Bo,Bo Horvat,Horvat,13.4,20,5700,COL@VAN,VAN,COL,,,
,,,,,,,,,,,,,40590-12843:Adam Henrique,40590-12843,C,Adam,Adam Henrique,Henrique,11.7050003051758,20,5700,ANH@STL,ANH,STL,,,
,,,,,,,,,,,,,40590-9079:Keith Yandle,40590-9079,D,Keith,Keith Yandle,Yandle,11.9421049419202,19,5700,NYR@FLA,FLA,NYR,,,
,,,,,,,,,,,,,40590-15360:J.T. Miller,40590-15360,W,J.T.,J.T. Miller,Miller,13.9350006103516,20,5600,COL@VAN,VAN,COL,,,
,,,,,,,,,,,,,40590-55375:Sam Reinhart,40590-55375,W,Sam,Sam Reinhart,Reinhart,12.8500001695421,18,5600,OTT@BUF,BUF,OTT,,,
,,,,,,,,,,,,,40590-66759:Thomas Chabot,40590-66759,D,Thomas,Thomas Chabot,Chabot,11.2947371633429,19,5600,OTT@BUF,OTT,BUF,,,
,,,,,,,,,,,,,40590-58985:Jakub Vrana,40590-58985,W,Jakub,Jakub Vrana,Vrana,12.9857148670015,21,5600,WSH@BOS,WSH,BOS,,,
,,,,,,,,,,,,,40590-21122:Jaden Schwartz,40590-21122,W,Jaden,Jaden Schwartz,Schwartz,11.5099998474121,20,5600,ANH@STL,STL,ANH,,,
,,,,,,,,,,,,,40590-8176:David Krejci,40590-8176,C,David,David Krejci,Krejci,10.5769230769231,13,5600,WSH@BOS,BOS,WSH,,,
,,,,,,,,,,,,,40590-85132:Rasmus Dahlin,40590-85132,D,Rasmus,Rasmus Dahlin,Dahlin,9.12777794731988,18,5500,OTT@BUF,BUF,OTT,,,
,,,,,,,,,,,,,40590-12592:Ryan Johansen,40590-12592,C,Ryan,Ryan Johansen,Johansen,9.88333299424913,18,5500,CHI@NSH,NSH,CHI,,,
,,,,,,,,,,,,,40590-21927:Chris Kreider,40590-21927,W,Chris,Chris Kreider,Kreider,10.5823525821461,17,5500,NYR@FLA,NYR,FLA,,,
,,,,,,,,,,,,,40590-8765:Patric Hornqvist,40590-8765,W,Patric,Patric Hornqvist,Hornqvist,13.1571426391602,14,5500,TOR@PIT,PIT,TOR,IR,Lower body,
,,,,,,,,,,,,,40590-9025:Jordan Eberle,40590-9025,W,Jordan,Jordan Eberle,Eberle,9.51428549630301,7,5500,NYI@PHI,NYI,PHI,,,
,,,,,,,,,,,,,40590-70513:Pavel Buchnevich,40590-70513,W,Pavel,Pavel Buchnevich,Buchnevich,10.6588233498966,17,5500,NYR@FLA,NYR,FLA,,,
,,,,,,,,,,,,,40590-15386:Ryan Strome,40590-15386,C,Ryan,Ryan Strome,Strome,11.6764705882353,17,5400,NYR@FLA,NYR,FLA,,,
,,,,,,,,,,,,,40590-43135:Tyler Bertuzzi,40590-43135,W,Tyler,Tyler Bertuzzi,Bertuzzi,13.1476193382626,21,5400,DET@SJ,DET,SJ,,,
,,,,,,,,,,,,,40590-8495:Josh Bailey,40590-8495,W,Josh,Josh Bailey,Bailey,10.7235295912799,17,5400,NYI@PHI,NYI,PHI,,,
,,,,,,,,,,,,,40590-62869:Andreas Johnsson,40590-62869,W,Andreas,Andreas Johnsson,Johnsson,10.1142854236421,21,5400,TOR@PIT,TOR,PIT,,,
,,,,,,,,,,,,,40590-97147:Brady Tkachuk,40590-97147,W,Brady,Brady Tkachuk,Tkachuk,12.2947371633429,19,5400,OTT@BUF,OTT,BUF,,,
,,,,,,,,,,,,,40590-15287:Jean-Gabriel Pageau,40590-15287,C,Jean-Gabriel,Jean-Gabriel Pageau,Pageau,14.2315786261308,19,5400,OTT@BUF,OTT,BUF,,,
,,,,,,,,,,,,,40590-21897:Brock Nelson,40590-21897,C,Brock,Brock Nelson,Nelson,12.2941176470588,17,5300,NYI@PHI,NYI,PHI,,,
,,,,,,,,,,,,,40590-8709:Alexander Edler,40590-8709,D,Alexander,Alexander Edler,Edler,13.9,20,5300,COL@VAN,VAN,COL,,,
,,,,,,,,,,,,,40590-8741:Nazem Kadri,40590-8741,C,Nazem,Nazem Kadri,Kadri,11.4157891524465,19,5300,COL@VAN,COL,VAN,,,
,,,,,,,,,,,,,40590-111471:Kaapo Kakko,40590-111471,W,Kaapo,Kaapo Kakko,Kakko,8.625,16,5300,NYR@FLA,NYR,FLA,DTD,Illness,
,,,,,,,,,,,,,40590-15277:Phillip Danault,40590-15277,C,Phillip,Phillip Danault,Danault,10.3578948974609,19,5300,NJ@MON,MON,NJ,,,
,,,,,,,,,,,,,40590-8797:James van Riemsdyk,40590-8797,W,James,James van Riemsdyk,van Riemsdyk,10.1315789473684,19,5200,NYI@PHI,PHI,NYI,,,
,,,,,,,,,,,,,40590-58990:Kevin Hayes,40590-58990,C,Kevin,Kevin Hayes,Hayes,8.72105247096012,19,5200,NYI@PHI,PHI,NYI,,,
,,,,,,,,,,,,,40590-65969:Dylan Strome,40590-65969,C,Dylan,Dylan Strome,Strome,10.7222222222222,18,5100,CHI@NSH,CHI,NSH,,,
,,,,,,,,,,,,,40590-42417:Jonathan Drouin,40590-42417,W,Jonathan,Jonathan Drouin,Drouin,11.936842265882,19,5100,NJ@MON,MON,NJ,IR,Upper body,
,,,,,,,,,,,,,40590-66511:Ivan Provorov,40590-66511,D,Ivan,Ivan Provorov,Provorov,10.9210526315789,19,5100,NYI@PHI,PHI,NYI,,,
,,,,,,,,,,,,,40590-103523:Cale Makar,40590-103523,D,Cale,Cale Makar,Makar,13.4736842105263,19,5000,COL@VAN,COL,VAN,,,
,,,,,,,,,,,,,40590-8294:Derick Brassard,40590-8294,W,Derick,Derick Brassard,Brassard,10.4117647058824,17,5000,NYI@PHI,NYI,PHI,,,
,,,,,,,,,,,,,40590-62783:Joonas Donskoi,40590-62783,W,Joonas,Joonas Donskoi,Donskoi,11.4315787867496,19,5000,COL@VAN,COL,VAN,,,
,,,,,,,,,,,,,40590-23228:Justin Schultz,40590-23228,D,Justin,Justin Schultz,Schultz,9.51052615517064,19,5000,TOR@PIT,PIT,TOR,,,
,,,,,,,,,,,,,40590-9083:Ryan Ellis,40590-9083,D,Ryan,Ryan Ellis,Ellis,13.9055557250977,18,5000,CHI@NSH,NSH,CHI,,,
,,,,,,,,,,,,,40590-111493:Jack Hughes,40590-111493,C,Jack,Jack Hughes,Hughes,8.64444478352865,18,5000,NJ@MON,NJ,MON,,,
,,,,,,,,,,,,,40590-80991:Nico Hischier,40590-80991,C,Nico,Nico Hischier,Hischier,8.63125038146973,16,4800,NJ@MON,NJ,MON,,,
,,,,,,,,,,,,,40590-12460:Cam Fowler,40590-12460,D,Cam,Cam Fowler,Fowler,9.09000015258789,20,4800,ANH@STL,ANH,STL,,,
,,,,,,,,,,,,,40590-15280:Brandon Saad,40590-15280,W,Brandon,Brandon Saad,Saad,9.88888888888889,18,4800,CHI@NSH,CHI,NSH,,,
,,,,,,,,,,,,,40590-66601:Jake DeBrusk,40590-66601,W,Jake,Jake DeBrusk,DeBrusk,8.08666687011719,15,4700,WSH@BOS,BOS,WSH,IR,Lower body,
,,,,,,,,,,,,,40590-66686:Anthony Beauvillier,40590-66686,W,Anthony,Anthony Beauvillier,Beauvillier,9.6823533002068,17,4700,NYI@PHI,NYI,PHI,,,
,,,,,,,,,,,,,40590-43139:Andreas Athanasiou,40590-43139,W,Andreas,Andreas Athanasiou,Athanasiou,9.13157894736842,19,4700,DET@SJ,DET,SJ,,,
,,,,,,,,,,,,,40590-54521:Shayne Gostisbehere,40590-54521,D,Shayne,Shayne Gostisbehere,Gostisbehere,7.13684242650082,19,4700,NYI@PHI,PHI,NYI,,,
,,,,,,,,,,,,,40590-58686:Kasperi Kapanen,40590-58686,W,Kasperi,Kasperi Kapanen,Kapanen,8.97619047619048,21,4700,TOR@PIT,TOR,PIT,,,
,,,,,,,,,,,,,40590-23041:Mikael Granlund,40590-23041,W,Mikael,Mikael Granlund,Granlund,7.42222256130642,18,4700,CHI@NSH,NSH,CHI,,,
,,,,,,,,,,,,,40590-58928:Tony DeAngelo,40590-58928,D,Tony,Tony DeAngelo,DeAngelo,12.0823525821461,17,4700,NYR@FLA,NYR,FLA,,,
,,,,,,,,,,,,,40590-23233:Alex Galchenyuk,40590-23233,W,Alex,Alex Galchenyuk,Galchenyuk,7.89000015258789,10,4700,TOR@PIT,PIT,TOR,,,
,,,,,,,,,,,,,40590-42833:Andre Burakovsky,40590-42833,W,Andre,Andre Burakovsky,Burakovsky,11.5999996787623,19,4700,COL@VAN,COL,VAN,,,
,,,,,,,,,,,,,40590-9107:P.K. Subban,40590-9107,D,P.K.,P.K. Subban,Subban,8.44444444444444,18,4700,NJ@MON,NJ,MON,,,
,,,,,,,,,,,,,40590-12220:Marcus Johansson,40590-12220,C,Marcus,Marcus Johansson,Johansson,7.74705864401425,17,4700,OTT@BUF,BUF,OTT,IR,Upper body,
,,,,,,,,,,,,,40590-11204:Jake Muzzin,40590-11204,D,Jake,Jake Muzzin,Muzzin,11.2599998474121,20,4700,TOR@PIT,TOR,PIT,,,
,,,,,,,,,,,,,40590-42993:Rasmus Ristolainen,40590-42993,D,Rasmus,Rasmus Ristolainen,Ristolainen,9.00555589463976,18,4700,OTT@BUF,BUF,OTT,,,
,,,,,,,,,,,,,40590-79898:Colin White,40590-79898,C,Colin,Colin White,White,6.13333320617676,12,4600,OTT@BUF,OTT,BUF,,,
,,,,,,,,,,,,,40590-8266:Duncan Keith,40590-8266,D,Duncan,Duncan Keith,Keith,8.54444461398655,18,4600,CHI@NSH,CHI,NSH,,,
,,,,,,,,,,,,,40590-82087:Filip Chytil,40590-82087,C,Filip,Filip Chytil,Chytil,14.1999998092651,8,4600,NYR@FLA,NYR,FLA,,,
,,,,,,,,,,,,,40590-58877:Conor Sheary,40590-58877,W,Conor,Conor Sheary,Sheary,6.75714274815151,14,4600,OTT@BUF,BUF,OTT,,,
,,,,,,,,,,,,,40590-70199:Devon Toews,40590-70199,D,Devon,Devon Toews,Toews,9.84705846449908,17,4600,NYI@PHI,NYI,PHI,,,
,,,,,,,,,,,,,40590-80475:Oskar Lindblom,40590-80475,W,Oskar,Oskar Lindblom,Lindblom,11.6421051025391,19,4600,NYI@PHI,PHI,NYI,,,
,,,,,,,,,,,,,40590-61246:Colton Parayko,40590-61246,D,Colton,Colton Parayko,Parayko,10.5099998474121,20,4600,ANH@STL,STL,ANH,,,
,,,,,,,,,,,,,40590-39870:Tanner Pearson,40590-39870,W,Tanner,Tanner Pearson,Pearson,10.6349998474121,20,4600,COL@VAN,VAN,COL,,,
,,,,,,,,,,,,,40590-66709:Jared McCann,40590-66709,C,Jared,Jared McCann,McCann,10.4764709472656,17,4500,TOR@PIT,PIT,TOR,,,
,,,,,,,,,,,,,40590-54477:Bryan Rust,40590-54477,W,Bryan,Bryan Rust,Rust,14.5500001907349,8,4500,TOR@PIT,PIT,TOR,,,
,,,,,,,,,,,,,40590-55607:Aaron Ekblad,40590-55607,D,Aaron,Aaron Ekblad,Ekblad,11.2222222222222,18,4500,NYR@FLA,FLA,NYR,,,
,,,,,,,,,,,,,40590-70128:Danton Heinen,40590-70128,W,Danton,Danton Heinen,Heinen,7.04210542377673,19,4500,WSH@BOS,BOS,WSH,,,
,,,,,,,,,,,,,40590-58891:Kevin Labanc,40590-58891,W,Kevin,Kevin Labanc,Labanc,8.49000015258789,20,4500,DET@SJ,SJ,DET,,,
,,,,,,,,,,,,,40590-70279:J.T. Compher,40590-70279,W,J.T.,J.T. Compher,Compher,8.45625019073486,16,4500,COL@VAN,COL,VAN,,,
,,,,,,,,,,,,,40590-23226:Tom Wilson,40590-23226,W,Tom,Tom Wilson,Wilson,13.1952383858817,21,4500,WSH@BOS,WSH,BOS,,,
,,,,,,,,,,,,,40590-14456:Mattias Ekholm,40590-14456,D,Mattias,Mattias Ekholm,Ekholm,11.2888887193468,18,4400,CHI@NSH,NSH,CHI,,,
,,,,,,,,,,,,,40590-39145:Danny DeKeyser,40590-39145,D,Danny,Danny DeKeyser,DeKeyser,10,8,4400,DET@SJ,DET,SJ,IR,Undisclosed,
,,,,,,,,,,,,,40590-70912:Charlie McAvoy,40590-70912,D,Charlie,Charlie McAvoy,McAvoy,6.5947370027241,19,4400,WSH@BOS,BOS,WSH,,,
,,,,,,,,,,,,,40590-70928:Sam Steel,40590-70928,C,Sam,Sam Steel,Steel,6.49375009536743,16,4400,ANH@STL,ANH,STL,,,
,,,,,,,,,,,,,40590-39245:Jacob Trouba,40590-39245,D,Jacob,Jacob Trouba,Trouba,12.0176472383387,17,4400,NYR@FLA,NYR,FLA,,,
,,,,,,,,,,,,,40590-9990:Lars Eller,40590-9990,C,Lars,Lars Eller,Eller,9.3999997093564,21,4400,WSH@BOS,WSH,BOS,,,
,,,,,,,,,,,,,40590-11122:Nick Bonino,40590-11122,C,Nick,Nick Bonino,Bonino,12.6499998304579,18,4400,CHI@NSH,NSH,CHI,,,
,,,,,,,,,,,,,40590-15313:Vladislav Namestnikov,40590-15313,W,Vladislav,Vladislav Namestnikov,Namestnikov,10.452631900185,19,4400,OTT@BUF,OTT,BUF,,,
,,,,,,,,,,,,,40590-43022:Connor Brown,40590-43022,W,Connor,Connor Brown,Brown,10.3842106869346,19,4300,OTT@BUF,OTT,BUF,,,
,,,,,,,,,,,,,40590-43120:Anthony Duclair,40590-43120,W,Anthony,Anthony Duclair,Duclair,10.3842106869346,19,4300,OTT@BUF,OTT,BUF,,,
,,,,,,,,,,,,,40590-14474:Sami Vatanen,40590-14474,D,Sami,Sami Vatanen,Vatanen,10.4466664632161,15,4300,NJ@MON,NJ,MON,IR,Upper body,
,,,,,,,,,,,,,40590-12609:Zach Hyman,40590-12609,W,Zach,Zach Hyman,Hyman,6.40000009536743,2,4300,TOR@PIT,TOR,PIT,,,
,,,,,,,,,,,,,40590-39464:Hampus Lindholm,40590-39464,D,Hampus,Hampus Lindholm,Lindholm,9.47333374023438,15,4300,ANH@STL,ANH,STL,IR,Undisclosed,
,,,,,,,,,,,,,40590-16969:Charlie Coyle,40590-16969,C,Charlie,Charlie Coyle,Coyle,7.95789457622327,19,4300,WSH@BOS,BOS,WSH,,,
,,,,,,,,,,,,,40590-13981:Tyson Barrie,40590-13981,D,Tyson,Tyson Barrie,Barrie,7.79523794991629,21,4300,TOR@PIT,TOR,PIT,,,
,,,,,,,,,,,,,40590-62294:Brady Skjei,40590-62294,D,Brady,Brady Skjei,Skjei,8.80000019073486,16,4300,NYR@FLA,NYR,FLA,,,
,,,,,,,,,,,,,40590-15239:Craig Smith,40590-15239,W,Craig,Craig Smith,Smith,7.2000003390842,18,4300,CHI@NSH,NSH,CHI,,,
,,,,,,,,,,,,,40590-15255:Josh Leivo,40590-15255,W,Josh,Josh Leivo,Leivo,7.54499969482422,20,4300,COL@VAN,VAN,COL,,,
,,,,,,,,,,,,,40590-11170:Nick Leddy,40590-11170,D,Nick,Nick Leddy,Leddy,8.40769254244291,13,4300,NYI@PHI,NYI,PHI,,,
,,,,,,,,,,,,,40590-62492:Erik Gustafsson,40590-62492,D,Erik,Erik Gustafsson,Gustafsson,6.31764714858111,17,4200,CHI@NSH,CHI,NSH,,,
,,,,,,,,,,,,,40590-73909:Samuel Girard,40590-73909,D,Samuel,Samuel Girard,Girard,7.53157926860609,19,4200,COL@VAN,COL,VAN,,,
,,,,,,,,,,,,,40590-43200:Ryan Pulock,40590-43200,D,Ryan,Ryan Pulock,Pulock,10.2235295912799,17,4200,NYI@PHI,NYI,PHI,,,
,,,,,,,,,,,,,40590-8404:Wayne Simmonds,40590-8404,W,Wayne,Wayne Simmonds,Simmonds,9.46111128065321,18,4200,NJ@MON,NJ,MON,,,
,,,,,,,,,,,,,40590-82179:Alexander Kerfoot,40590-82179,C,Alexander,Alexander Kerfoot,Kerfoot,7.93000030517578,20,4200,TOR@PIT,TOR,PIT,O,Face,
,,,,,,,,,,,,,40590-74016:Filip Hronek,40590-74016,D,Filip,Filip Hronek,Hronek,10.3949996948242,20,4200,DET@SJ,DET,SJ,DTD,Undisclosed,
,,,,,,,,,,,,,40590-8516:Artem Anisimov,40590-8516,C,Artem,Artem Anisimov,Anisimov,8,7,4200,OTT@BUF,OTT,BUF,IR,Groin,
,,,,,,,,,,,,,40590-21926:Brian Dumoulin,40590-21926,D,Brian,Brian Dumoulin,Dumoulin,8.64666646321615,15,4200,TOR@PIT,PIT,TOR,,,
,,,,,,,,,,,,,40590-8619:Patrick Marleau,40590-8619,W,Patrick,Patrick Marleau,Marleau,9.13125038146973,16,4200,DET@SJ,SJ,DET,,,
,,,,,,,,,,,,,40590-104140:Ilya Mikheyev,40590-104140,W,Ilya,Ilya Mikheyev,Mikheyev,8.83809552873884,21,4200,TOR@PIT,TOR,PIT,,,
,,,,,,,,,,,,,40590-97116:Jesperi Kotkaniemi,40590-97116,C,Jesperi,Jesperi Kotkaniemi,Kotkaniemi,5.77500025431315,12,4200,NJ@MON,MON,NJ,,,
,,,,,,,,,,,,,40590-14178:Justin Faulk,40590-14178,D,Justin,Justin Faulk,Faulk,6.90500030517578,20,4200,ANH@STL,STL,ANH,,,
,,,,,,,,,,,,,40590-101277:Quinn Hughes,40590-101277,D,Quinn,Quinn Hughes,Hughes,8.82631562885485,19,4200,COL@VAN,VAN,COL,,,
,,,,,,,,,,,,,40590-15272:Micheal Ferland,40590-15272,W,Micheal,Micheal Ferland,Ferland,5.53333346048991,12,4200,COL@VAN,VAN,COL,IR,Concussion,
,,,,,,,,,,,,,40590-11201:Jeff Petry,40590-11201,D,Jeff,Jeff Petry,Petry,10.2947371633429,19,4200,NJ@MON,MON,NJ,,,
,,,,,,,,,,,,,40590-37880:Scott Laughton,40590-37880,C,Scott,Scott Laughton,Laughton,6.22222222222222,9,4200,NYI@PHI,PHI,NYI,IR,Finger,
,,,,,,,,,,,,,40590-43042:MacKenzie Weegar,40590-43042,D,MacKenzie,MacKenzie Weegar,Weegar,9.64705882352941,17,4100,NYR@FLA,FLA,NYR,O,Face,
,,,,,,,,,,,,,40590-12449:Brett Connolly,40590-12449,W,Brett,Brett Connolly,Connolly,9.45789457622327,19,4100,NYR@FLA,FLA,NYR,,,
,,,,,,,,,,,,,40590-8972:Tyler Bozak,40590-8972,C,Tyler,Tyler Bozak,Bozak,6.17999992370605,20,4100,ANH@STL,STL,ANH,,,
,,,,,,,,,,,,,40590-15281:Andrew Shaw,40590-15281,W,Andrew,Andrew Shaw,Shaw,6.91666666666667,18,4100,CHI@NSH,CHI,NSH,,,
,,,,,,,,,,,,,40590-42983:Joel Armia,40590-42983,W,Joel,Joel Armia,Armia,10.9352937586167,17,4100,NJ@MON,MON,NJ,,,
,,,,,,,,,,,,,40590-8237:Brandon Sutter,40590-8237,C,Brandon,Brandon Sutter,Sutter,8.63157894736842,19,4000,COL@VAN,VAN,COL,IR,Groin,
,,,,,,,,,,,,,40590-80992:Nolan Patrick,40590-80992,C,Nolan,Nolan Patrick,Patrick,7.31388854980469,72,4000,NYI@PHI,PHI,NYI,O,Head,
,,,,,,,,,,,,,40590-8328:Matt Niskanen,40590-8328,D,Matt,Matt Niskanen,Niskanen,8.38421068693462,19,4000,NYI@PHI,PHI,NYI,,,
,,,,,,,,,,,,,40590-61859:Brandon Montour,40590-61859,D,Brandon,Brandon Montour,Montour,7.59999990463257,4,4000,OTT@BUF,BUF,OTT,,,
,,,,,,,,,,,,,40590-70579:Michal Kempny,40590-70579,D,Michal,Michal Kempny,Kempny,12.3692310039814,13,4000,WSH@BOS,WSH,BOS,,,
,,,,,,,,,,,,,40590-8211:Tyler Myers,40590-8211,D,Tyler,Tyler Myers,Myers,6.8,20,3900,COL@VAN,VAN,COL,,,
,,,,,,,,,,,,,40590-59413:Jake Virtanen,40590-59413,W,Jake,Jake Virtanen,Virtanen,8.95999984741211,20,3900,COL@VAN,VAN,COL,,,
,,,,,,,,,,,,,40590-66606:Brandon Carlo,40590-66606,D,Brandon,Brandon Carlo,Carlo,6.73684210526316,19,3900,WSH@BOS,BOS,WSH,,,
,,,,,,,,,,,,,40590-83096:Dominik Kahun,40590-83096,W,Dominik,Dominik Kahun,Kahun,6.80000008477105,18,3900,TOR@PIT,PIT,TOR,,,
,,,,,,,,,,,,,40590-82075:Will Butcher,40590-82075,D,Will,Will Butcher,Butcher,6.80000019073486,16,3900,NJ@MON,NJ,MON,,,
,,,,,,,,,,,,,40590-58881:Sammy Blais,40590-58881,W,Sammy,Sammy Blais,Blais,7.51111094156901,18,3900,ANH@STL,STL,ANH,,,
,,,,,,,,,,,,,40590-9033:Casey Cizikas,40590-9033,C,Casey,Casey Cizikas,Cizikas,9.59999974568685,12,3900,NYI@PHI,NYI,PHI,,,
,,,,,,,,,,,,,40590-70483:Artturi Lehkonen,40590-70483,W,Artturi,Artturi Lehkonen,Lehkonen,7.4947365208676,19,3900,NJ@MON,MON,NJ,,,
,,,,,,,,,,,,,40590-66515:Vince Dunn,40590-66515,D,Vince,Vince Dunn,Dunn,6.41999969482422,20,3900,ANH@STL,STL,ANH,,,
,,,,,,,,,,,,,40590-8186:Zdeno Chara,40590-8186,D,Zdeno,Zdeno Chara,Chara,10.1052631578947,19,3900,WSH@BOS,BOS,WSH,,,
,,,,,,,,,,,,,40590-8267:Brent Seabrook,40590-8267,D,Brent,Brent Seabrook,Seabrook,5.88124990463257,16,3800,CHI@NSH,CHI,NSH,,,
,,,,,,,,,,,,,40590-8336:Valtteri Filppula,40590-8336,C,Valtteri,Valtteri Filppula,Filppula,5.81428564162481,21,3800,DET@SJ,DET,SJ,,,
,,,,,,,,,,,,,40590-13472:Dmitry Orlov,40590-13472,D,Dmitry,Dmitry Orlov,Orlov,7.32380966913132,21,3800,WSH@BOS,WSH,BOS,,,
,,,,,,,,,,,,,40590-70908:Tyson Jost,40590-70908,W,Tyson,Tyson Jost,Jost,7.94210494192023,19,3800,COL@VAN,COL,VAN,O,Upper body,
,,,,,,,,,,,,,40590-62723:Ondrej Kase,40590-62723,W,Ondrej,Ondrej Kase,Kase,7.83999989827474,15,3800,ANH@STL,ANH,STL,,,
,,,,,,,,,,,,,40590-8490:Andy Greene,40590-8490,D,Andy,Andy Greene,Greene,6.97142846243722,14,3800,NJ@MON,NJ,MON,,,
,,,,,,,,,,,,,40590-39234:Matt Nieto,40590-39234,W,Matt,Matt Nieto,Nieto,7.51578963430304,19,3800,COL@VAN,COL,VAN,,,
,,,,,,,,,,,,,40590-39235:Chris Tierney,40590-39235,C,Chris,Chris Tierney,Tierney,7.7526317395662,19,3800,OTT@BUF,OTT,BUF,,,
,,,,,,,,,,,,,40590-13742:Ben Chiarot,40590-13742,D,Ben,Ben Chiarot,Chiarot,8.71578979492188,19,3800,NJ@MON,MON,NJ,,,
,,,,,,,,,,,,,40590-8647:Erik Johnson,40590-8647,D,Erik,Erik Johnson,Johnson,7.62105279219778,19,3800,COL@VAN,COL,VAN,,,
,,,,,,,,,,,,,40590-8726:Mike Green,40590-8726,D,Mike,Mike Green,Green,8.27777777777778,18,3800,DET@SJ,DET,SJ,,,
,,,,,,,,,,,,,40590-9040:Calvin de Haan,40590-9040,D,Calvin,Calvin de Haan,de Haan,8.05000019073486,16,3800,CHI@NSH,CHI,NSH,,,
,,,,,,,,,,,,,40590-9077:Kyle Turris,40590-9077,C,Kyle,Kyle Turris,Turris,7.43333350287543,18,3800,CHI@NSH,NSH,CHI,,,
,,,,,,,,,,,,,40590-59271:Travis Sanheim,40590-59271,D,Travis,Travis Sanheim,Sanheim,6.44210534346731,19,3800,NYI@PHI,PHI,NYI,,,
,,,,,,,,,,,,,40590-82850:Casey Mittelstadt,40590-82850,C,Casey,Casey Mittelstadt,Mittelstadt,5.69999991522895,18,3800,OTT@BUF,BUF,OTT,,,
,,,,,,,,,,,,,40590-8138:Bobby Ryan,40590-8138,W,Bobby,Bobby Ryan,Ryan,4.74666646321615,15,3800,OTT@BUF,OTT,BUF,,,
,,,,,,,,,,,,,40590-42994:Nikita Zadorov,40590-42994,D,Nikita,Nikita Zadorov,Zadorov,6.34666646321615,15,3800,COL@VAN,COL,VAN,,,
,,,,,,,,,,,,,40590-81983:Robert Thomas,40590-81983,W,Robert,Robert Thomas,Thomas,5.27999979654948,15,3700,ANH@STL,STL,ANH,,,
,,,,,,,,,,,,,40590-61549:Frank Vatrano,40590-61549,W,Frank,Frank Vatrano,Vatrano,10.9105264764083,19,3700,NYR@FLA,FLA,NYR,,,
,,,,,,,,,,,,,40590-66674:Dominik Simon,40590-66674,W,Dominik,Dominik Simon,Simon,8.61578931306538,19,3700,TOR@PIT,PIT,TOR,,,
,,,,,,,,,,,,,40590-54481:Jake McCabe,40590-54481,D,Jake,Jake McCabe,McCabe,7.51111094156901,18,3700,OTT@BUF,BUF,OTT,,,
,,,,,,,,,,,,,40590-70915:Dante Fabbro,40590-70915,D,Dante,Dante Fabbro,Fabbro,7.28888871934679,18,3700,CHI@NSH,NSH,CHI,,,
,,,,,,,,,,,,,40590-70918:Dennis Cholowski,40590-70918,D,Dennis,Dennis Cholowski,Cholowski,7.3999998304579,18,3700,DET@SJ,DET,SJ,,,
,,,,,,,,,,,,,40590-8517:Brian Boyle,40590-8517,W,Brian,Brian Boyle,Boyle,10.254545731978,11,3700,NYR@FLA,FLA,NYR,,,
,,,,,,,,,,,,,40590-39249:Nick Bjugstad,40590-39249,C,Nick,Nick Bjugstad,Bjugstad,4.72000007629395,10,3700,TOR@PIT,PIT,TOR,O,Lower body,
,,,,,,,,,,,,,40590-39261:Scott Mayfield,40590-39261,D,Scott,Scott Mayfield,Mayfield,8.02352905273438,17,3700,NYI@PHI,NYI,PHI,,,
,,,,,,,,,,,,,40590-8614:Joe Thornton,40590-8614,C,Joe,Joe Thornton,Thornton,4.74500007629395,20,3700,DET@SJ,SJ,DET,,,
,,,,,,,,,,,,,40590-21936:Dylan DeMelo,40590-21936,D,Dylan,Dylan DeMelo,DeMelo,4.71578939337479,19,3700,OTT@BUF,OTT,BUF,,,
,,,,,,,,,,,,,40590-65970:Pavel Zacha,40590-65970,W,Pavel,Pavel Zacha,Zacha,7.24705864401425,17,3700,NJ@MON,NJ,MON,,,
,,,,,,,,,,,,,40590-8628:Marc-Edouard Vlasic,40590-8628,D,Marc-Edouard,Marc-Edouard Vlasic,Vlasic,5.85999984741211,20,3700,DET@SJ,SJ,DET,,,
,,,,,,,,,,,,,40590-103940:Adam Fox,40590-103940,D,Adam,Adam Fox,Fox,8.8588238884421,17,3700,NYR@FLA,NYR,FLA,,,
,,,,,,,,,,,,,40590-70169:Troy Stecher,40590-70169,D,Troy,Troy Stecher,Stecher,5.92000007629395,20,3700,COL@VAN,VAN,COL,,,
,,,,,,,,,,,,,40590-8746:Matt Calvert,40590-8746,W,Matt,Matt Calvert,Calvert,9.45263190018503,19,3700,COL@VAN,COL,VAN,,,
,,,,,,,,,,,,,40590-66407:Philippe Myers,40590-66407,D,Philippe,Philippe Myers,Myers,9.30000019073486,8,3700,NYI@PHI,PHI,NYI,,,
,,,,,,,,,,,,,40590-42862:Olli Maatta,40590-42862,D,Olli,Olli Maatta,Maatta,5.62222205268012,18,3700,CHI@NSH,CHI,NSH,,,
,,,,,,,,,,,,,40590-37883:Cody Ceci,40590-37883,D,Cody,Cody Ceci,Ceci,6.43809509277344,21,3700,TOR@PIT,TOR,PIT,,,
,,,,,,,,,,,,,40590-12291:Christopher Tanev,40590-12291,D,Christopher,Christopher Tanev,Tanev,7.5,20,3600,COL@VAN,VAN,COL,,,
,,,,,,,,,,,,,40590-103524:Nikita Gusev,40590-103524,W,Nikita,Nikita Gusev,Gusev,7.46666666666667,15,3600,NJ@MON,NJ,MON,,,
,,,,,,,,,,,,,40590-66682:Travis Dermott,40590-66682,D,Travis,Travis Dermott,Dermott,6.09999990463257,8,3600,TOR@PIT,TOR,PIT,,,
,,,,,,,,,,,,,40590-43140:Barclay Goodrow,40590-43140,W,Barclay,Barclay Goodrow,Goodrow,8.7,20,3600,DET@SJ,SJ,DET,,,
,,,,,,,,,,,,,40590-43152:Damon Severson,40590-43152,D,Damon,Damon Severson,Severson,5.2444445292155,18,3600,NJ@MON,NJ,MON,,,
,,,,,,,,,,,,,40590-11410:Justin Braun,40590-11410,D,Justin,Justin Braun,Braun,5.30526331851357,19,3600,NYI@PHI,PHI,NYI,,,
,,,,,,,,,,,,,40590-8502:Kyle Okposo,40590-8502,W,Kyle,Kyle Okposo,Okposo,4.31111102634006,18,3600,OTT@BUF,BUF,OTT,,,
,,,,,,,,,,,,,40590-21935:Connor Murphy,40590-21935,D,Connor,Connor Murphy,Murphy,4.79999987284343,6,3600,CHI@NSH,CHI,NSH,,,
,,,,,,,,,,,,,40590-62923:Marcus Pettersson,40590-62923,D,Marcus,Marcus Pettersson,Pettersson,6.38421068693462,19,3600,TOR@PIT,PIT,TOR,,,
,,,,,,,,,,,,,40590-70118:Miles Wood,40590-70118,W,Miles,Miles Wood,Wood,5.77777777777778,18,3600,NJ@MON,NJ,MON,,,
,,,,,,,,,,,,,40590-58878:Oskar Sundqvist,40590-58878,C,Oskar,Oskar Sundqvist,Sundqvist,5.95999984741211,20,3600,ANH@STL,STL,ANH,,,
,,,,,,,,,,,,,40590-23053:Jesper Fast,40590-23053,W,Jesper,Jesper Fast,Fast,7.19999980926514,16,3600,NYR@FLA,NYR,FLA,,,
,,,,,,,,,,,,,40590-23054:Leo Komarov,40590-23054,W,Leo,Leo Komarov,Komarov,4.84999990463257,8,3600,NYI@PHI,NYI,PHI,,,
,,,,,,,,,,,,,40590-23061:Calle Jarnkrok,40590-23061,W,Calle,Calle Jarnkrok,Jarnkrok,10.7666668362088,18,3600,CHI@NSH,NSH,CHI,,,
,,,,,,,,,,,,,40590-53866:Adam Pelech,40590-53866,D,Adam,Adam Pelech,Pelech,9.01176452636719,17,3600,NYI@PHI,NYI,PHI,,,
,,,,,,,,,,,,,40590-8838:Johnny Boychuk,40590-8838,D,Johnny,Johnny Boychuk,Boychuk,9.58125019073486,16,3600,NYI@PHI,NYI,PHI,,,
,,,,,,,,,,,,,40590-70375:Nikita Zaitsev,40590-70375,D,Nikita,Nikita Zaitsev,Zaitsev,8.42105263157895,19,3600,OTT@BUF,OTT,BUF,,,
,,,,,,,,,,,,,40590-59117:Nick Ritchie,40590-59117,W,Nick,Nick Ritchie,Ritchie,7.96666632758247,18,3600,ANH@STL,ANH,STL,,,
,,,,,,,,,,,,,40590-59127:Garnet Hathaway,40590-59127,W,Garnet,Garnet Hathaway,Hathaway,5.504761832101,21,3600,WSH@BOS,WSH,BOS,,,
,,,,,,,,,,,,,40590-103203:Joel Farabee,40590-103203,W,Joel,Joel Farabee,Farabee,7.50769219031701,13,3600,NYI@PHI,PHI,NYI,,,
,,,,,,,,,,,,,40590-82755:Ryan Lindgren,40590-82755,D,Ryan,Ryan Lindgren,Lindgren,6.74285725184849,7,3600,NYR@FLA,NYR,FLA,,,
,,,,,,,,,,,,,40590-62277:Mike Matheson,40590-62277,D,Mike,Mike Matheson,Matheson,5.97857121058873,14,3600,NYR@FLA,FLA,NYR,,,
,,,,,,,,,,,,,40590-59269:Robert Hagg,40590-59269,D,Robert,Robert Hagg,Hagg,5.6,10,3600,NYI@PHI,PHI,NYI,,,
,,,,,,,,,,,,,40590-14217:Patrik Nemeth,40590-14217,D,Patrik,Patrik Nemeth,Nemeth,6.69473668148643,19,3600,DET@SJ,DET,SJ,IR,Illness,
,,,,,,,,,,,,,40590-42924:Colin Miller,40590-42924,D,Colin,Colin Miller,Miller,6.0176472383387,17,3600,OTT@BUF,BUF,OTT,,,
,,,,,,,,,,,,,40590-54194:Josh Manson,40590-54194,D,Josh,Josh Manson,Manson,6.25454573197798,11,3600,ANH@STL,ANH,STL,IR,Knee,
,,,,,,,,,,,,,40590-79860:Victor Mete,40590-79860,D,Victor,Victor Mete,Mete,7.70526283665707,19,3600,NJ@MON,MON,NJ,,,
,,,,,,,,,,,,,40590-104452:Jack Ramsey,40590-104452,D,Jack,Jack Ramsey,Ramsey,0,0,3500,CHI@NSH,CHI,NSH,,,
,,,,,,,,,,,,,40590-68623:Teddy Blueger,40590-68623,C,Teddy,Teddy Blueger,Blueger,5.47368421052632,19,3500,TOR@PIT,PIT,TOR,,,
,,,,,,,,,,,,,40590-68624:Casey Nelson,40590-68624,D,Casey,Casey Nelson,Nelson,4.44210534346731,38,3500,OTT@BUF,BUF,OTT,,,
,,,,,,,,,,,,,40590-15380:Jordie Benn,40590-15380,D,Jordie,Jordie Benn,Benn,4.64000015258789,20,3500,COL@VAN,VAN,COL,,,
,,,,,,,,,,,,,40590-66581:Brendan Guhle,40590-66581,D,Brendan,Brendan Guhle,Guhle,6.75555547078451,9,3500,ANH@STL,ANH,STL,,,
,,,,,,,,,,,,,40590-38933:Slater Koekkoek,40590-38933,D,Slater,Slater Koekkoek,Koekkoek,6,8,3500,CHI@NSH,CHI,NSH,,,
,,,,,,,,,,,,,40590-11295:Steven Kampfer,40590-11295,D,Steven,Steven Kampfer,Kampfer,4,2,3500,WSH@BOS,BOS,WSH,,,
,,,,,,,,,,,,,40590-43041:Josh Brown,40590-43041,D,Josh,Josh Brown,Brown,3.45000004768372,16,3500,NYR@FLA,FLA,NYR,,,
,,,,,,,,,,,,,40590-8226:Jay Bouwmeester,40590-8226,D,Jay,Jay Bouwmeester,Bouwmeester,4.92000007629395,20,3500,ANH@STL,STL,ANH,,,
,,,,,,,,,,,,,40590-66598:Jakub Zboril,40590-66598,D,Jakub,Jakub Zboril,Zboril,0.800000011920929,2,3500,WSH@BOS,BOS,WSH,,,
,,,,,,,,,,,,,40590-68646:Brandon Tanev,40590-68646,W,Brandon,Brandon Tanev,Tanev,7.38947336297286,19,3500,TOR@PIT,PIT,TOR,,,
,,,,,,,,,,,,,40590-68649:Rob O'Gara,40590-68649,D,Rob,Rob O'Gara,O'Gara,0,0,3500,ANH@STL,STL,ANH,,,
,,,,,,,,,,,,,40590-15401:Kevan Miller,40590-15401,D,Kevan,Kevan Miller,Miller,5.98974374624399,39,3500,WSH@BOS,BOS,WSH,O,Kneecap,
,,,,,,,,,,,,,40590-82989:Dennis Gilbert,40590-82989,D,Dennis,Dennis Gilbert,Gilbert,2.66666666666667,3,3500,CHI@NSH,CHI,NSH,,,
,,,,,,,,,,,,,40590-68655:Matt Grzelcyk,40590-68655,D,Matt,Matt Grzelcyk,Grzelcyk,5.83684218557257,19,3500,WSH@BOS,BOS,WSH,,,
,,,,,,,,,,,,,40590-66608:Jeremy Lauzon,40590-66608,D,Jeremy,Jeremy Lauzon,Lauzon,3.34999990463257,16,3500,WSH@BOS,BOS,WSH,,,
,,,,,,,,,,,,,40590-68663:Andy Welinski,40590-68663,D,Andy,Andy Welinski,Welinski,4.46153846153846,26,3500,NYI@PHI,PHI,NYI,,,
,,,,,,,,,,,,,40590-68664:Andreas Englund,40590-68664,D,Andreas,Andreas Englund,Englund,2.13333336512248,3,3500,OTT@BUF,OTT,BUF,,,
,,,,,,,,,,,,,40590-81999:Henri Jokiharju,40590-81999,D,Henri,Henri Jokiharju,Jokiharju,7.11111111111111,18,3500,OTT@BUF,BUF,OTT,,,
,,,,,,,,,,,,,40590-13406:Brenden Dillon,40590-13406,D,Brenden,Brenden Dillon,Dillon,4.42000007629395,20,3500,DET@SJ,SJ,DET,,,
,,,,,,,,,,,,,40590-66656:Mike Reilly,40590-66656,D,Mike,Mike Reilly,Reilly,5.40000009536743,8,3500,NJ@MON,MON,NJ,,,
,,,,,,,,,,,,,40590-66671:Jonas Siegenthaler,40590-66671,D,Jonas,Jonas Siegenthaler,Siegenthaler,5.67619033086868,21,3500,WSH@BOS,WSH,BOS,,,
,,,,,,,,,,,,,40590-9330:Yannick Weber,40590-9330,D,Yannick,Yannick Weber,Weber,1.96923079857459,13,3500,CHI@NSH,NSH,CHI,,,
,,,,,,,,,,,,,40590-43122:Ryan Graves,40590-43122,D,Ryan,Ryan Graves,Graves,9.08888922797309,18,3500,COL@VAN,COL,VAN,,,
,,,,,,,,,,,,,40590-43123:Trevor Carrick,40590-43123,D,Trevor,Trevor Carrick,Carrick,0.533333341280619,3,3500,DET@SJ,SJ,DET,,,
,,,,,,,,,,,,,40590-11387:Matt Irwin,40590-11387,D,Matt,Matt Irwin,Irwin,3.88571439470564,7,3500,CHI@NSH,NSH,CHI,,,
,,,,,,,,,,,,,40590-43133:Luke Glendening,40590-43133,W,Luke,Luke Glendening,Glendening,7.68000030517578,10,3500,DET@SJ,DET,SJ,,,
,,,,,,,,,,,,,40590-8327:Trevor Daley,40590-8327,D,Trevor,Trevor Daley,Daley,2.90909090909091,11,3500,DET@SJ,DET,SJ,IR,Undisclosed,
,,,,,,,,,,,,,40590-66705:Ian McCoshen,40590-66705,D,Ian,Ian McCoshen,McCoshen,3.41052647640831,19,3500,CHI@NSH,CHI,NSH,,,
,,,,,,,,,,,,,40590-21649:Zach Trotman,40590-21649,D,Zach,Zach Trotman,Trotman,4.83846165583684,13,3500,TOR@PIT,PIT,TOR,,,
,,,,,,,,,,,,,40590-21650:Xavier Ouellet,40590-21650,D,Xavier,Xavier Ouellet,Ouellet,6.48421036569696,19,3500,NJ@MON,MON,NJ,,,
,,,,,,,,,,,,,40590-116883:Matt Abt,40590-116883,D,Matt,Matt Abt,Abt,0,0,3500,TOR@PIT,PIT,TOR,,,
,,,,,,,,,,,,,40590-103573:Jacob Bryson,40590-103573,D,Jacob,Jacob Bryson,Bryson,0,0,3500,OTT@BUF,BUF,OTT,,,
,,,,,,,,,,,,,40590-116885:John Marino,40590-116885,D,John,John Marino,Marino,5.88235294117647,17,3500,TOR@PIT,PIT,TOR,,,
,,,,,,,,,,,,,40590-84116:Erik Brannstrom,40590-84116,D,Erik,Erik Brannstrom,Brannstrom,3.40555551317003,18,3500,OTT@BUF,OTT,BUF,,,
,,,,,,,,,,,,,40590-116884:Michael Kim,40590-116884,D,Michael,Michael Kim,Kim,0,0,3500,TOR@PIT,PIT,TOR,,,
,,,,,,,,,,,,,40590-66712:Noah Juulsen,40590-66712,D,Noah,Noah Juulsen,Juulsen,6.74285743350074,21,3500,NJ@MON,MON,NJ,,,
,,,,,,,,,,,,,40590-82076:Jacob MacDonald,40590-82076,D,Jacob,Jacob MacDonald,MacDonald,7.59999990463257,2,3500,COL@VAN,COL,VAN,,,
,,,,,,,,,,,,,40590-8350:Jonathan Ericsson,40590-8350,D,Jonathan,Jonathan Ericsson,Ericsson,1.60000002384186,1,3500,DET@SJ,DET,SJ,,,
,,,,,,,,,,,,,40590-12447:Erik Gudbranson,40590-12447,D,Erik,Erik Gudbranson,Gudbranson,4.05000019073486,16,3500,ANH@STL,ANH,STL,,,
,,,,,,,,,,,,,40590-43167:Mirco Mueller,40590-43167,D,Mirco,Mirco Mueller,Mueller,3.20000006935813,11,3500,NJ@MON,NJ,MON,,,
,,,,,,,,,,,,,40590-61602:Ashton Sautner,40590-61602,D,Ashton,Ashton Sautner,Sautner,1.60000002384186,1,3500,COL@VAN,VAN,COL,,,
,,,,,,,,,,,,,40590-80036:Oscar Fantenberg,40590-80036,D,Oscar,Oscar Fantenberg,Fantenberg,4.43278678518827,61,3500,COL@VAN,VAN,COL,,,
,,,,,,,,,,,,,40590-66745:Josh Jacobs,40590-66745,D,Josh,Josh Jacobs,Jacobs,3.20000004768372,1,3500,NJ@MON,NJ,MON,,,
,,,,,,,,,,,,,40590-21690:Chris Wideman,40590-21690,D,Chris,Chris Wideman,Wideman,5.97200012207031,25,3500,ANH@STL,ANH,STL,,,
,,,,,,,,,,,,,40590-8391:Dennis Seidenberg,40590-8391,D,Dennis,Dennis Seidenberg,Seidenberg,0,0,3500,NYI@PHI,NYI,PHI,,,
,,,,,,,,,,,,,40590-43207:Jake Dotchin,40590-43207,D,Jake,Jake Dotchin,Dotchin,2.33999996185303,20,3500,ANH@STL,STL,ANH,,,
,,,,,,,,,,,,,40590-54475:Christian Folin,40590-54475,D,Christian,Christian Folin,Folin,5.12000007629395,5,3500,NJ@MON,MON,NJ,,,
,,,,,,,,,,,,,40590-8410:Jack Johnson,40590-8410,D,Jack,Jack Johnson,Johnson,4.31111102634006,18,3500,TOR@PIT,PIT,TOR,,,
,,,,,,,,,,,,,40590-8411:Thomas Hickey,40590-8411,D,Thomas,Thomas Hickey,Hickey,5.57000007629395,40,3500,NYI@PHI,NYI,PHI,,,
,,,,,,,,,,,,,40590-66791:Carter Rowney,40590-66791,W,Carter,Carter Rowney,Rowney,5.7,20,3500,ANH@STL,ANH,STL,,,
,,,,,,,,,,,,,40590-21735:Matt Tennyson,40590-21735,D,Matt,Matt Tennyson,Tennyson,4.53333346048991,12,3500,NJ@MON,NJ,MON,,,
,,,,,,,,,,,,,40590-82154:Sebastian Aho,40590-82154,D,Sebastian,Sebastian Aho,Aho,0,0,3500,NYI@PHI,NYI,PHI,,,
,,,,,,,,,,,,,40590-66798:Guillaume Brisebois,40590-66798,D,Guillaume,Guillaume Brisebois,Brisebois,2.40000009536743,8,3500,COL@VAN,VAN,COL,,,
,,,,,,,,,,,,,40590-70906:Alex Nylander,40590-70906,W,Alex,Alex Nylander,Nylander,6.99411773681641,17,3500,CHI@NSH,CHI,NSH,,,
,,,,,,,,,,,,,40590-73981:Denis Malgin,40590-73981,C,Denis,Denis Malgin,Malgin,8.66470606186811,17,3500,NYR@FLA,FLA,NYR,,,
,,,,,,,,,,,,,40590-82177:Connor Clifton,40590-82177,D,Connor,Connor Clifton,Clifton,3.71764710370232,17,3500,WSH@BOS,BOS,WSH,,,
,,,,,,,,,,,,,40590-73987:Riley Stillman,40590-73987,D,Riley,Riley Stillman,Stillman,5.86666679382324,3,3500,NYR@FLA,FLA,NYR,,,
,,,,,,,,,,,,,40590-117000:Rob Michel,40590-117000,D,Rob,Rob Michel,Michel,0,0,3500,NYI@PHI,PHI,NYI,,,
,,,,,,,,,,,,,40590-82189:Conor Timmins,40590-82189,D,Conor,Conor Timmins,Timmins,0.800000011920929,2,3500,COL@VAN,COL,VAN,,,
,,,,,,,,,,,,,40590-8468:Dan Hamhuis,40590-8468,D,Dan,Dan Hamhuis,Hamhuis,2.5,16,3500,CHI@NSH,NSH,CHI,,,
,,,,,,,,,,,,,40590-117031:Alec McCrea,40590-117031,D,Alec,Alec McCrea,McCrea,0,0,3500,DET@SJ,DET,SJ,,,
,,,,,,,,,,,,,40590-117032:Charle-Edouard D'Astous,40590-117032,D,Charle-Edouard,Charle-Edouard D'Astous,D'Astous,0,0,3500,DET@SJ,DET,SJ,,,
,,,,,,,,,,,,,40590-74031:John Gilmour,40590-74031,D,John,John Gilmour,Gilmour,3.73333326975505,3,3500,OTT@BUF,BUF,OTT,,,
,,,,,,,,,,,,,40590-117038:Matthew Robertson,40590-117038,D,Matthew,Matthew Robertson,Robertson,0,0,3500,NYR@FLA,NYR,FLA,,,
,,,,,,,,,,,,,40590-8497:Frans Nielsen,40590-8497,C,Frans,Frans Nielsen,Nielsen,3.01176475076114,17,3500,DET@SJ,DET,SJ,,,
,,,,,,,,,,,,,40590-12601:Dalton Prout,40590-12601,D,Dalton,Dalton Prout,Prout,4,2,3500,DET@SJ,SJ,DET,O,Upper body,
,,,,,,,,,,,,,40590-117054:Cooper Zech,40590-117054,D,Cooper,Cooper Zech,Zech,0,0,3500,WSH@BOS,BOS,WSH,,,
,,,,,,,,,,,,,40590-84289:Lawrence Pilut,40590-84289,D,Lawrence,Lawrence Pilut,Pilut,4.96969696969697,33,3500,OTT@BUF,BUF,OTT,,,
,,,,,,,,,,,,,40590-12613:Radko Gudas,40590-12613,D,Radko,Radko Gudas,Gudas,6.62857128324963,21,3500,WSH@BOS,WSH,BOS,,,
,,,,,,,,,,,,,40590-117066:Sasha Larocque,40590-117066,D,Sasha,Sasha Larocque,Larocque,0,0,3500,COL@VAN,COL,VAN,,,
,,,,,,,,,,,,,40590-117069:Peter Tischke,40590-117069,D,Peter,Peter Tischke,Tischke,0,0,3500,COL@VAN,COL,VAN,,,
,,,,,,,,,,,,,40590-8528:Marc Staal,40590-8528,D,Marc,Marc Staal,Staal,7.05454531582919,11,3500,NYR@FLA,NYR,FLA,O,Infection,
,,,,,,,,,,,,,40590-8531:Michael Del Zotto,40590-8531,D,Michael,Michael Del Zotto,Del Zotto,5.54285703386579,14,3500,ANH@STL,ANH,STL,,,
,,,,,,,,,,,,,40590-8534:Jason Spezza,40590-8534,C,Jason,Jason Spezza,Spezza,6.32727258855646,11,3500,TOR@PIT,TOR,PIT,,,
,,,,,,,,,,,,,40590-74079:Josh Mahura,40590-74079,D,Josh,Josh Mahura,Mahura,8.93333307902018,6,3500,ANH@STL,ANH,STL,,,
,,,,,,,,,,,,,40590-62825:Jordan Schmaltz,40590-62825,D,Jordan,Jordan Schmaltz,Schmaltz,3.44000015258789,20,3500,TOR@PIT,TOR,PIT,,,
,,,,,,,,,,,,,40590-117101:Arvin Atwal,40590-117101,D,Arvin,Arvin Atwal,Atwal,0,0,3500,CHI@NSH,NSH,CHI,,,
,,,,,,,,,,,,,40590-117111:Maxence Guenette,40590-117111,D,Maxence,Maxence Guenette,Guenette,0,0,3500,OTT@BUF,OTT,BUF,,,
,,,,,,,,,,,,,40590-74109:Keaton Middleton,40590-74109,D,Keaton,Keaton Middleton,Middleton,0,0,3500,DET@SJ,SJ,DET,,,
,,,,,,,,,,,,,40590-84363:Juuso Riikola,40590-84363,D,Juuso,Juuso Riikola,Riikola,4.40000009536743,8,3500,TOR@PIT,PIT,TOR,,,
,,,,,,,,,,,,,40590-39309:Chad Ruhwedel,40590-39309,D,Chad,Chad Ruhwedel,Ruhwedel,4.48888905843099,18,3500,TOR@PIT,PIT,TOR,,,
,,,,,,,,,,,,,40590-74132:Maxime Lajoie,40590-74132,D,Maxime,Maxime Lajoie,Lajoie,7.31428582327707,56,3500,OTT@BUF,OTT,BUF,,,
,,,,,,,,,,,,,40590-74148:Libor Hajek,40590-74148,D,Libor,Libor Hajek,Hajek,5.83529393813189,17,3500,NYR@FLA,NYR,FLA,,,
,,,,,,,,,,,,,40590-12715:Brian Lashoff,40590-12715,D,Brian,Brian Lashoff,Lashoff,4.40000009536743,4,3500,DET@SJ,DET,SJ,,,
,,,,,,,,,,,,,40590-13743:Mark Borowiecki,40590-13743,D,Mark,Mark Borowiecki,Borowiecki,9.01052615517064,19,3500,OTT@BUF,OTT,BUF,,,
,,,,,,,,,,,,,40590-8641:Alexander Steen,40590-8641,W,Alexander,Alexander Steen,Steen,6.40000017951517,17,3500,ANH@STL,STL,ANH,IR,Ankle,
,,,,,,,,,,,,,40590-117184:Zack Hayes,40590-117184,D,Zack,Zack Hayes,Hayes,0,0,3500,ANH@STL,ANH,STL,,,
,,,,,,,,,,,,,40590-117187:Steven Ruggiero,40590-117187,D,Steven,Steven Ruggiero,Ruggiero,0,0,3500,ANH@STL,ANH,STL,,,
,,,,,,,,,,,,,40590-117186:Conor Riley,40590-117186,D,Conor,Conor Riley,Riley,0,0,3500,ANH@STL,ANH,STL,,,
,,,,,,,,,,,,,40590-12744:Mark Pysyk,40590-12744,D,Mark,Mark Pysyk,Pysyk,3.87692319429838,13,3500,NYR@FLA,FLA,NYR,,,
,,,,,,,,,,,,,40590-117193:Justin Murray,40590-117193,D,Justin,Justin Murray,Murray,0,0,3500,NYI@PHI,NYI,PHI,,,
,,,,,,,,,,,,,40590-117192:Samuel Bolduc,40590-117192,D,Samuel,Samuel Bolduc,Bolduc,0,0,3500,NYI@PHI,NYI,PHI,,,
,,,,,,,,,,,,,40590-12756:Dylan McIlrath,40590-12756,D,Dylan,Dylan McIlrath,McIlrath,1.92000007629395,5,3500,DET@SJ,DET,SJ,,,
,,,,,,,,,,,,,40590-54744:Christian Djoos,40590-54744,D,Christian,Christian Djoos,Djoos,4.03555569118924,45,3500,WSH@BOS,WSH,BOS,,,
,,,,,,,,,,,,,40590-70117:Steven Santini,40590-70117,D,Steven,Steven Santini,Santini,4.36923061273037,39,3500,CHI@NSH,NSH,CHI,,,
,,,,,,,,,,,,,40590-80369:Jesper Bratt,40590-80369,W,Jesper,Jesper Bratt,Bratt,6.72000020345052,15,3500,NJ@MON,NJ,MON,,,
,,,,,,,,,,,,,40590-103936:Mario Ferraro,40590-103936,D,Mario,Mario Ferraro,Ferraro,3.78823538387523,17,3500,DET@SJ,SJ,DET,,,
,,,,,,,,,,,,,40590-117248:Jon Lizotte,40590-117248,D,Jon,Jon Lizotte,Lizotte,0,0,3500,TOR@PIT,PIT,TOR,,,
,,,,,,,,,,,,,40590-58883:Robby Fabbri,40590-58883,W,Robby,Robby Fabbri,Fabbri,5.8000001173753,13,3500,DET@SJ,DET,SJ,,,
,,,,,,,,,,,,,40590-80398:Calle Rosen,40590-80398,D,Calle,Calle Rosen,Rosen,5.80000019073486,4,3500,COL@VAN,COL,VAN,,,
,,,,,,,,,,,,,40590-23060:Tim Heed,40590-23060,D,Tim,Tim Heed,Heed,3.4461537874662,13,3500,DET@SJ,SJ,DET,,,
,,,,,,,,,,,,,40590-117268:Yegor Rykov,40590-117268,D,Yegor,Yegor Rykov,Rykov,0,0,3500,NYR@FLA,NYR,FLA,,,
,,,,,,,,,,,,,40590-8731:Karl Alzner,40590-8731,D,Karl,Karl Alzner,Alzner,4.08888880411784,9,3500,NJ@MON,MON,NJ,,,
,,,,,,,,,,,,,40590-96800:Urho Vaakanainen,40590-96800,D,Urho,Urho Vaakanainen,Vaakanainen,1.60000002384186,2,3500,WSH@BOS,BOS,WSH,,,
,,,,,,,,,,,,,40590-8764:Carl Gunnarsson,40590-8764,D,Carl,Carl Gunnarsson,Gunnarsson,5.63076899601863,13,3500,ANH@STL,STL,ANH,,,
,,,,,,,,,,,,,40590-80444:Radim Simek,40590-80444,D,Radim,Radim Simek,Simek,11.0400001525879,5,3500,DET@SJ,SJ,DET,,,
,,,,,,,,,,,,,40590-80480:Christian Jaros,40590-80480,D,Christian,Christian Jaros,Jaros,5.24918052798412,61,3500,OTT@BUF,OTT,BUF,,,
,,,,,,,,,,,,,40590-58986:Erik Burgdoerfer,40590-58986,D,Erik,Erik Burgdoerfer,Burgdoerfer,0.800000011920929,4,3500,WSH@BOS,WSH,BOS,,,
,,,,,,,,,,,,,40590-8829:Nate Thompson,40590-8829,C,Nate,Nate Thompson,Thompson,7.13684242650082,19,3500,NJ@MON,MON,NJ,,,
,,,,,,,,,,,,,40590-8847:Robert Bortuzzo,40590-8847,D,Robert,Robert Bortuzzo,Bortuzzo,2.51428576878139,7,3500,ANH@STL,STL,ANH,,,
,,,,,,,,,,,,,40590-8860:John Moore,40590-8860,D,John,John Moore,Moore,6.52950799660605,61,3500,WSH@BOS,BOS,WSH,O,Shoulder,
,,,,,,,,,,,,,40590-103079:Brady Keeper,40590-103079,D,Brady,Brady Keeper,Keeper,3.20000004768372,1,3500,NYR@FLA,FLA,NYR,,,
,,,,,,,,,,,,,40590-8903:Marco Scandella,40590-8903,D,Marco,Marco Scandella,Scandella,7.20000012715658,12,3500,OTT@BUF,BUF,OTT,,,
,,,,,,,,,,,,,40590-42705:Colton Sissons,40590-42705,W,Colton,Colton Sissons,Sissons,8.95555538601345,18,3500,CHI@NSH,NSH,CHI,,,
,,,,,,,,,,,,,40590-108240:Tarmo Reunanen,40590-108240,D,Tarmo,Tarmo Reunanen,Reunanen,0,0,3500,NYR@FLA,NYR,FLA,,,
,,,,,,,,,,,,,40590-8918:Anton Stralman,40590-8918,D,Anton,Anton Stralman,Stralman,6.92631611071135,19,3500,NYR@FLA,FLA,NYR,,,
,,,,,,,,,,,,,40590-104173:Teemu Kivihalme,40590-104173,D,Teemu,Teemu Kivihalme,Kivihalme,0,0,3500,TOR@PIT,TOR,PIT,,,
,,,,,,,,,,,,,40590-104175:Otto Leskinen,40590-104175,D,Otto,Otto Leskinen,Leskinen,0,0,3500,NJ@MON,MON,NJ,,,
,,,,,,,,,,,,,40590-59135:Justin Holl,40590-59135,D,Justin,Justin Holl,Holl,6.18947360390111,19,3500,TOR@PIT,TOR,PIT,,,
,,,,,,,,,,,,,40590-97024:Adam Boqvist,40590-97024,D,Adam,Adam Boqvist,Boqvist,5.46666653951009,6,3500,CHI@NSH,CHI,NSH,,,
,,,,,,,,,,,,,40590-59140:Kevin Gravel,40590-59140,D,Kevin,Kevin Gravel,Gravel,2.66666666666667,3,3500,TOR@PIT,TOR,PIT,,,
,,,,,,,,,,,,,40590-39710:Nick Jensen,40590-39710,D,Nick,Nick Jensen,Jensen,3.75714292980376,21,3500,WSH@BOS,WSH,BOS,,,
,,,,,,,,,,,,,40590-12094:Kevin Connauton,40590-12094,D,Kevin,Kevin Connauton,Connauton,4.80000019073486,1,3500,COL@VAN,COL,VAN,,,
,,,,,,,,,,,,,40590-97091:Martin Fehervary,40590-97091,D,Martin,Martin Fehervary,Fehervary,2.13333336512248,3,3500,WSH@BOS,WSH,BOS,,,
,,,,,,,,,,,,,40590-70472:Drake Caggiula,40590-70472,W,Drake,Drake Caggiula,Caggiula,5.27999979654948,15,3500,CHI@NSH,CHI,NSH,O,Concussion,
,,,,,,,,,,,,,40590-104277:Niclas Almari,40590-104277,D,Niclas,Niclas Almari,Almari,0,0,3500,TOR@PIT,PIT,TOR,,,
,,,,,,,,,,,,,40590-12121:Cody Goloubef,40590-12121,D,Cody,Cody Goloubef,Goloubef,1.60000002384186,1,3500,OTT@BUF,OTT,BUF,,,
,,,,,,,,,,,,,40590-42842:Madison Bowey,40590-42842,D,Madison,Madison Bowey,Bowey,6.05000019073486,16,3500,DET@SJ,DET,SJ,,,
,,,,,,,,,,,,,40590-42844:Connor Carrick,40590-42844,D,Connor,Connor Carrick,Carrick,6,4,3500,NJ@MON,NJ,MON,IR,Finger,
,,,,,,,,,,,,,40590-42846:Tyler Lewington,40590-42846,D,Tyler,Tyler Lewington,Lewington,2.39999993642171,6,3500,WSH@BOS,WSH,BOS,,,
,,,,,,,,,,,,,40590-54110:Gustav Olofsson,40590-54110,D,Gustav,Gustav Olofsson,Olofsson,0,0,3500,NJ@MON,MON,NJ,,,
,,,,,,,,,,,,,40590-97120:Cale Fleury,40590-97120,D,Cale,Cale Fleury,Fleury,3.88571439470564,14,3500,NJ@MON,MON,NJ,,,
,,,,,,,,,,,,,40590-42855:Ben Harpur,40590-42855,D,Ben,Ben Harpur,Harpur,4.59607831169577,51,3500,TOR@PIT,TOR,PIT,,,
,,,,,,,,,,,,,40590-59239:Joe Hicketts,40590-59239,D,Joe,Joe Hicketts,Hicketts,7.19999980926514,4,3500,DET@SJ,DET,SJ,,,
,,,,,,,,,,,,,40590-14184:Martin Marincin,40590-14184,D,Martin,Martin Marincin,Marincin,3.19999994550432,7,3500,TOR@PIT,TOR,PIT,,,
,,,,,,,,,,,,,40590-11119:Nate Prosser,40590-11119,D,Nate,Nate Prosser,Prosser,2.4533332824707,15,3500,NYI@PHI,PHI,NYI,,,
,,,,,,,,,,,,,40590-42863:Derrick Pouliot,40590-42863,D,Derrick,Derrick Pouliot,Pouliot,5.07903215962072,62,3500,ANH@STL,STL,ANH,,,
,,,,,,,,,,,,,40590-11148:Paul Byron,40590-11148,W,Paul,Paul Byron,Byron,3.7473682604338,19,3500,NJ@MON,MON,NJ,O,Lower body,
,,,,,,,,,,,,,40590-82828:Christian Wolanin,40590-82828,D,Christian,Christian Wolanin,Wolanin,7.35666656494141,30,3500,OTT@BUF,OTT,BUF,O,Shoulder,
,,,,,,,,,,,,,40590-70552:Marcus Sorensen,40590-70552,W,Marcus,Marcus Sorensen,Sorensen,5.97647049847771,17,3500,DET@SJ,SJ,DET,,,
,,,,,,,,,,,,,40590-97176:Rasmus Sandin,40590-97176,D,Rasmus,Rasmus Sandin,Sandin,4.79999987284343,6,3500,TOR@PIT,TOR,PIT,,,
,,,,,,,,,,,,,40590-70565:Jacob Larsson,40590-70565,D,Jacob,Jacob Larsson,Larsson,4.08421044600637,19,3500,ANH@STL,ANH,STL,,,
,,,,,,,,,,,,,40590-70582:Anton Lindholm,40590-70582,D,Anton,Anton Lindholm,Lindholm,0.800000011920929,2,3500,COL@VAN,COL,VAN,,,
,,,,,,,,,,,,,40590-97213:Ty Smith,40590-97213,D,Ty,Ty Smith,Smith,0,0,3500,NJ@MON,NJ,MON,,,
,,,,,,,,,,,,,40590-97214:Noah Dobson,40590-97214,D,Noah,Noah Dobson,Dobson,5.33333333333333,6,3500,NYI@PHI,NYI,PHI,,,
,,,,,,,,,,,,,40590-97230:Bode Wilde,40590-97230,D,Bode,Bode Wilde,Wilde,0,0,3500,NYI@PHI,NYI,PHI,DTD,Ankle,
,,,,,,,,,,,,,40590-42962:Brett Kulak,40590-42962,D,Brett,Brett Kulak,Kulak,5.23636349764737,11,3500,NJ@MON,MON,NJ,,,
,,,,,,,,,,,,,40590-12249:Alex Biega,40590-12249,D,Alex,Alex Biega,Biega,2.97142846243722,7,3500,DET@SJ,DET,SJ,,,
,,,,,,,,,,,,,40590-12259:Brendan Smith,40590-12259,D,Brendan,Brendan Smith,Smith,4.79999991024242,17,3500,NYR@FLA,NYR,FLA,,,
,,,,,,,,,,,,,40590-8167:Ron Hainsey,40590-8167,D,Ron,Ron Hainsey,Hainsey,5.20000016061883,19,3500,OTT@BUF,OTT,BUF,,,
,,,,,,,,,,,,,40590-8169:Zach Bogosian,40590-8169,D,Zach,Zach Bogosian,Bogosian,7.70615375225361,65,3500,OTT@BUF,BUF,OTT,O,Hip,
,,,,,,,,,,,,,40590-12265:Mark Barberio,40590-12265,D,Mark,Mark Barberio,Barberio,4.34285708836147,7,3500,COL@VAN,COL,VAN,,,
,,,,,,,,,,,,,40590-12266:Korbinian Holzer,40590-12266,D,Korbinian,Korbinian Holzer,Holzer,5.95294099695542,17,3500,ANH@STL,ANH,STL,,,
,,,,,,,,,,,,,40590-11245:Brian Strait,40590-11245,D,Brian,Brian Strait,Strait,0,0,3500,NJ@MON,NJ,MON,,,
,,,,,,,,,,,,,40590-15349:Joe Morrow,40590-15349,D,Joe,Joe Morrow,Morrow,4.46829260849371,41,3500,NJ@MON,NJ,MON,,,
,,,,,,,,,,,,,40590-11254:Ian Cole,40590-11254,D,Ian,Ian Cole,Cole,8.11428560529436,14,3500,COL@VAN,COL,VAN,,,
,,,,,,,,,,,,,40590-43000:Samuel Morin,40590-43000,D,Samuel,Samuel Morin,Morin,0,1,3500,NYI@PHI,PHI,NYI,IR,Knee,
,,,,,,,,,,,,,40590-15357:Carl Hagelin,40590-15357,W,Carl,Carl Hagelin,Hagelin,5.38823520436007,17,3500,WSH@BOS,WSH,BOS,O,Upper body,
,,,,,,,,,,,,,40590-8191:Matt Hunwick,40590-8191,D,Matt,Matt Hunwick,Hunwick,3.31428582327706,14,3500,OTT@BUF,BUF,OTT,O,Neck,
,,,,,,,,,,,,,40590-82973:Karson Kuhlman,40590-82973,W,Karson,Karson Kuhlman,Kuhlman,3.20000004768372,8,3400,WSH@BOS,BOS,WSH,IR,Leg,
,,,,,,,,,,,,,40590-66600:Blake Coleman,40590-66600,W,Blake,Blake Coleman,Coleman,7.55555555555556,18,3400,NJ@MON,NJ,MON,,,
,,,,,,,,,,,,,40590-82006:Nick Suzuki,40590-82006,C,Nick,Nick Suzuki,Suzuki,6.8473687422903,19,3400,NJ@MON,MON,NJ,,,
,,,,,,,,,,,,,40590-40039:Michael Raffl,40590-40039,W,Michael,Michael Raffl,Raffl,5.85263141832854,19,3400,NYI@PHI,PHI,NYI,,,
,,,,,,,,,,,,,40590-70925:Brett Howden,40590-70925,C,Brett,Brett Howden,Howden,5.95294099695542,17,3400,NYR@FLA,NYR,FLA,,,
,,,,,,,,,,,,,40590-70924:Tage Thompson,40590-70924,W,Tage,Tage Thompson,Thompson,4.7953848031851,65,3400,OTT@BUF,BUF,OTT,,,
,,,,,,,,,,,,,40590-8475:Travis Zajac,40590-8475,C,Travis,Travis Zajac,Zajac,4.53333324856228,18,3400,NJ@MON,NJ,MON,,,
,,,,,,,,,,,,,40590-13913:Tom Kuhnhackl,40590-13913,W,Tom,Tom Kuhnhackl,Kuhnhackl,3.46666653951009,6,3400,NYI@PHI,NYI,PHI,IR,Lower body,
,,,,,,,,,,,,,40590-113269:Kirby Dach,40590-113269,W,Kirby,Kirby Dach,Dach,7.17499987284343,12,3400,CHI@NSH,CHI,NSH,,,
,,,,,,,,,,,,,40590-54951:Pierre-Edouard Bellemare,40590-54951,C,Pierre-Edouard,Pierre-Edouard Bellemare,Bellemare,6.46666675143772,18,3400,COL@VAN,COL,VAN,,,
,,,,,,,,,,,,,40590-59261:Nick Paul,40590-59261,W,Nick,Nick Paul,Paul,9.40714263916016,14,3400,OTT@BUF,OTT,BUF,,,
,,,,,,,,,,,,,40590-42922:Dominik Kubalik,40590-42922,W,Dominik,Dominik Kubalik,Kubalik,9.21764687930836,17,3400,CHI@NSH,CHI,NSH,,,
,,,,,,,,,,,,,40590-68648:Sean Kuraly,40590-68648,C,Sean,Sean Kuraly,Kuraly,5.0947370027241,19,3300,WSH@BOS,BOS,WSH,,,
,,,,,,,,,,,,,40590-8340:Darren Helm,40590-8340,W,Darren,Darren Helm,Helm,6.24761890229725,21,3300,DET@SJ,DET,SJ,,,
,,,,,,,,,,,,,40590-80028:David Kampf,40590-80028,C,David,David Kampf,Kampf,7,18,3300,CHI@NSH,CHI,NSH,,,
,,,,,,,,,,,,,40590-66757:Filip Chlapik,40590-66757,W,Filip,Filip Chlapik,Chlapik,7.46666632758247,9,3300,OTT@BUF,OTT,BUF,,,
,,,,,,,,,,,,,40590-70909:Logan Brown,40590-70909,C,Logan,Logan Brown,Brown,4.9,5,3300,OTT@BUF,OTT,BUF,,,
,,,,,,,,,,,,,40590-82180:Dominic Toninato,40590-82180,C,Dominic,Dominic Toninato,Toninato,6.66666666666667,3,3300,NYR@FLA,FLA,NYR,,,
,,,,,,,,,,,,,40590-8464:Colin Wilson,40590-8464,W,Colin,Colin Wilson,Wilson,6.04444461398655,9,3300,COL@VAN,COL,VAN,IR,Lower body,
,,,,,,,,,,,,,40590-58678:Brendan Lemieux,40590-58678,W,Brendan,Brendan Lemieux,Lemieux,8.11250019073486,16,3300,NYR@FLA,NYR,FLA,,,
,,,,,,,,,,,,,40590-13657:Derek Grant,40590-13657,C,Derek,Derek Grant,Grant,5.44000015258789,20,3300,ANH@STL,ANH,STL,,,
,,,,,,,,,,,,,40590-74112:Trevor Moore,40590-74112,W,Trevor,Trevor Moore,Moore,6.22857157389323,21,3300,TOR@PIT,TOR,PIT,O,Shoulder,
,,,,,,,,,,,,,40590-21895:Chris Wagner,40590-21895,W,Chris,Chris Wagner,Wagner,5.19999991522895,18,3300,WSH@BOS,BOS,WSH,,,
,,,,,,,,,,,,,40590-62861:Noel Acciari,40590-62861,C,Noel,Noel Acciari,Acciari,8.10000038146973,16,3300,NYR@FLA,FLA,NYR,,,
,,,,,,,,,,,,,40590-58880:Ivan Barbashev,40590-58880,W,Ivan,Ivan Barbashev,Barbashev,5.7,20,3300,ANH@STL,STL,ANH,,,
,,,,,,,,,,,,,40590-8745:Vladimir Sobotka,40590-8745,W,Vladimir,Vladimir Sobotka,Sobotka,4.75,16,3300,OTT@BUF,BUF,OTT,IR,Knee,
,,,,,,,,,,,,,40590-14151:Austin Watson,40590-14151,W,Austin,Austin Watson,Watson,6.84444427490234,18,3300,CHI@NSH,NSH,CHI,,,
,,,,,,,,,,,,,40590-82849:Adam Gaudette,40590-82849,W,Adam,Adam Gaudette,Gaudette,9.26999969482422,10,3300,COL@VAN,VAN,COL,,,
,,,,,,,,,,,,,40590-79820:Zach Aston-Reese,40590-79820,W,Zach,Zach Aston-Reese,Aston-Reese,7.05263157894737,19,3300,TOR@PIT,PIT,TOR,,,
,,,,,,,,,,,,,40590-62445:Evan Rodrigues,40590-62445,C,Evan,Evan Rodrigues,Rodrigues,4.62222205268012,9,3300,OTT@BUF,BUF,OTT,,,
,,,,,,,,,,,,,40590-68667:Tyler Motte,40590-68667,W,Tyler,Tyler Motte,Motte,4.26666673024495,6,3200,COL@VAN,VAN,COL,IR,Lower body,
,,,,,,,,,,,,,40590-73826:Jimmy Vesey,40590-73826,W,Jimmy,Jimmy Vesey,Vesey,3.62666676839193,15,3200,OTT@BUF,BUF,OTT,,,
,,,,,,,,,,,,,40590-61550:Cole Bardreau,40590-61550,C,Cole,Cole Bardreau,Bardreau,4,9,3200,NYI@PHI,NYI,PHI,,,
,,,,,,,,,,,,,40590-14486:Garrett Wilson,40590-14486,W,Garrett,Garrett Wilson,Wilson,3.68,50,3200,TOR@PIT,TOR,PIT,,,
,,,,,,,,,,,,,40590-66719:Dmytro Timashov,40590-66719,W,Dmytro,Dmytro Timashov,Timashov,4.53333333333333,15,3200,TOR@PIT,TOR,PIT,,,
,,,,,,,,,,,,,40590-54478:Nic Dowd,40590-54478,C,Nic,Nic Dowd,Dowd,4.71428571428571,14,3200,WSH@BOS,WSH,BOS,O,Upper body,
,,,,,,,,,,,,,40590-8425:Cal Clutterbuck,40590-8425,W,Cal,Cal Clutterbuck,Clutterbuck,7.48235276166131,17,3200,NYI@PHI,NYI,PHI,,,
,,,,,,,,,,,,,40590-82156:Max Comtois,40590-82156,W,Max,Max Comtois,Comtois,5.94615408090445,13,3200,ANH@STL,ANH,STL,,,
,,,,,,,,,,,,,40590-73998:Vitaly Abramov,40590-73998,W,Vitaly,Vitaly Abramov,Abramov,8.39999961853027,2,3200,OTT@BUF,OTT,BUF,,,
,,,,,,,,,,,,,40590-82190:Drake Batherson,40590-82190,W,Drake,Drake Batherson,Batherson,1.60000002384186,2,3200,OTT@BUF,OTT,BUF,,,
,,,,,,,,,,,,,40590-74041:Zach Sanford,40590-74041,W,Zach,Zach Sanford,Sanford,4.10666656494141,15,3200,ANH@STL,STL,ANH,,,
,,,,,,,,,,,,,40590-12625:Jordan Weal,40590-12625,W,Jordan,Jordan Weal,Weal,8.26363650235263,11,3200,NJ@MON,MON,NJ,,,
,,,,,,,,,,,,,40590-84348:Par Lindholm,40590-84348,W,Par,Par Lindholm,Lindholm,3.6,10,3200,WSH@BOS,BOS,WSH,,,
,,,,,,,,,,,,,40590-39405:Miikka Salomaki,40590-39405,W,Miikka,Miikka Salomaki,Salomaki,4,5,3200,CHI@NSH,NSH,CHI,,,
,,,,,,,,,,,,,40590-58890:Nikolay Goldobin,40590-58890,W,Nikolay,Nikolay Goldobin,Goldobin,7.17619057307168,63,3200,COL@VAN,VAN,COL,,,
,,,,,,,,,,,,,40590-102997:Taro Hirose,40590-102997,W,Taro,Taro Hirose,Hirose,4.19411782657399,17,3200,DET@SJ,DET,SJ,,,
,,,,,,,,,,,,,40590-80481:Anders Bjork,40590-80481,W,Anders,Anders Bjork,Bjork,8.11818209561435,11,3200,WSH@BOS,BOS,WSH,,,
,,,,,,,,,,,,,40590-9006:Tyler Ennis,40590-9006,W,Tyler,Tyler Ennis,Ennis,8.66842089201275,19,3200,OTT@BUF,OTT,BUF,,,
,,,,,,,,,,,,,40590-42839:Chandler Stephenson,40590-42839,W,Chandler,Chandler Stephenson,Stephenson,3.97647049847771,17,3200,WSH@BOS,WSH,BOS,,,
,,,,,,,,,,,,,40590-82796:Sam Lafferty,40590-82796,W,Sam,Sam Lafferty,Lafferty,9.13333320617676,12,3200,TOR@PIT,PIT,TOR,,,
,,,,,,,,,,,,,40590-59251:Michael Dal Colle,40590-59251,W,Michael,Michael Dal Colle,Dal Colle,3.54999995231628,16,3200,NYI@PHI,NYI,PHI,,,
,,,,,,,,,,,,,40590-82834:Kiefer Sherwood,40590-82834,W,Kiefer,Kiefer Sherwood,Sherwood,4.92799987792969,50,3200,ANH@STL,ANH,STL,,,
,,,,,,,,,,,,,40590-15307:Nick Cousins,40590-15307,W,Nick,Nick Cousins,Cousins,8.40769254244291,13,3200,NJ@MON,MON,NJ,,,
,,,,,,,,,,,,,40590-42977:Nic Petan,40590-42977,W,Nic,Nic Petan,Petan,3.88571439470564,7,3200,TOR@PIT,TOR,PIT,,,
,,,,,,,,,,,,,40590-79866:Vinni Lettieri,40590-79866,W,Vinni,Vinni Lettieri,Lettieri,4.09629623978226,27,3200,NYR@FLA,NYR,FLA,,,
,,,,,,,,,,,,,40590-15395:Brett Ritchie,40590-15395,W,Brett,Brett Ritchie,Ritchie,5.08461526724008,13,3100,WSH@BOS,BOS,WSH,O,Upper body,
,,,,,,,,,,,,,40590-68645:MacKenzie MacEachern,40590-68645,W,MacKenzie,MacKenzie MacEachern,MacEachern,5.41538473275992,13,3100,ANH@STL,STL,ANH,,,
,,,,,,,,,,,,,40590-40019:Brendan Leipsic,40590-40019,W,Brendan,Brendan Leipsic,Leipsic,5.12857128324963,21,3100,WSH@BOS,WSH,BOS,,,
,,,,,,,,,,,,,40590-14462:Johan Larsson,40590-14462,C,Johan,Johan Larsson,Larsson,4.80000008477105,18,3100,OTT@BUF,BUF,OTT,O,Upper body,
,,,,,,,,,,,,,40590-8341:Justin Abdelkader,40590-8341,W,Justin,Justin Abdelkader,Abdelkader,4,16,3100,DET@SJ,DET,SJ,IR,Undisclosed,
,,,,,,,,,,,,,40590-82083:Lias Andersson,40590-82083,C,Lias,Lias Andersson,Andersson,2.59999990463257,16,3100,NYR@FLA,NYR,FLA,,,
,,,,,,,,,,,,,40590-73969:Rudolfs Balcers,40590-73969,W,Rudolfs,Rudolfs Balcers,Balcers,6.92222213745117,36,3100,OTT@BUF,OTT,BUF,,,
,,,,,,,,,,,,,40590-54517:Jacob de la Rose,40590-54517,W,Jacob,Jacob de la Rose,de la Rose,3.91578955399363,19,3100,ANH@STL,STL,ANH,,,
,,,,,,,,,,,,,40590-70922:Max Jones,40590-70922,W,Max,Max Jones,Jones,5,16,3100,ANH@STL,ANH,STL,,,
,,,,,,,,,,,,,40590-82191:Alex Formenton,40590-82191,W,Alex,Alex Formenton,Formenton,5.42222213745117,9,3100,OTT@BUF,OTT,BUF,,,
,,,,,,,,,,,,,40590-54576:Rocco Grimaldi,40590-54576,W,Rocco,Rocco Grimaldi,Grimaldi,7.09333343505859,15,3100,CHI@NSH,NSH,CHI,,,
,,,,,,,,,,,,,40590-54577:Pontus Aberg,40590-54577,W,Pontus,Pontus Aberg,Aberg,7.30000020689884,59,3100,TOR@PIT,TOR,PIT,,,
,,,,,,,,,,,,,40590-39242:Tim Schaller,40590-39242,W,Tim,Tim Schaller,Schaller,5.54000015258789,20,3100,COL@VAN,VAN,COL,,,
,,,,,,,,,,,,,40590-12672:Greg McKegg,40590-12672,C,Greg,Greg McKegg,McKegg,3,10,3100,NYR@FLA,NYR,FLA,,,
,,,,,,,,,,,,,40590-41392:Valeri Nichushkin,40590-41392,W,Valeri,Valeri Nichushkin,Nichushkin,3.41333338419596,15,3100,COL@VAN,COL,VAN,,,
,,,,,,,,,,,,,40590-54867:Melker Karlsson,40590-54867,W,Melker,Melker Karlsson,Karlsson,3.6000001695421,18,3100,DET@SJ,SJ,DET,,,
,,,,,,,,,,,,,40590-23222:Zemgus Girgensons,40590-23222,W,Zemgus,Zemgus Girgensons,Girgensons,3.95555538601345,18,3100,OTT@BUF,BUF,OTT,,,
,,,,,,,,,,,,,40590-8932:Zack Smith,40590-8932,W,Zack,Zack Smith,Smith,3.49090922962535,11,3100,CHI@NSH,CHI,NSH,,,
,,,,,,,,,,,,,40590-59118:Brendan Perlini,40590-59118,W,Brendan,Brendan Perlini,Perlini,3.55555555555556,9,3100,DET@SJ,DET,SJ,,,
,,,,,,,,,,,,,40590-8992:Colton Sceviour,40590-8992,W,Colton,Colton Sceviour,Sceviour,5.17894744873047,19,3100,NYR@FLA,FLA,NYR,,,
,,,,,,,,,,,,,40590-9002:Richard Panik,40590-9002,W,Richard,Richard Panik,Panik,2.32727276195179,11,3100,WSH@BOS,WSH,BOS,,,
,,,,,,,,,,,,,40590-9014:Jay Beagle,40590-9014,C,Jay,Jay Beagle,Beagle,4.53333324856228,18,3100,COL@VAN,VAN,COL,O,Undisclosed,
,,,,,,,,,,,,,40590-61245:Devin Shore,40590-61245,W,Devin,Devin Shore,Shore,4.15999984741211,10,3100,ANH@STL,ANH,STL,,,
,,,,,,,,,,,,,40590-103240:Ryan Poehling,40590-103240,W,Ryan,Ryan Poehling,Poehling,2,4,3100,NJ@MON,MON,NJ,,,
,,,,,,,,,,,,,40590-42860:Curtis Lazar,40590-42860,W,Curtis,Curtis Lazar,Lazar,18.3999996185303,1,3100,OTT@BUF,BUF,OTT,,,
,,,,,,,,,,,,,40590-42918:Scott Sabourin,40590-42918,W,Scott,Scott Sabourin,Sabourin,3.85454559326172,11,3100,OTT@BUF,OTT,BUF,IR,Head,
,,,,,,,,,,,,,40590-82909:Dylan Gambrell,40590-82909,W,Dylan,Dylan Gambrell,Gambrell,3.88124990463257,16,3100,DET@SJ,SJ,DET,,,
,,,,,,,,,,,,,40590-82912:Troy Terry,40590-82912,W,Troy,Troy Terry,Terry,4.15999984741211,20,3100,ANH@STL,ANH,STL,,,
,,,,,,,,,,,,,40590-68603:Dryden Hunt,40590-68603,W,Dryden,Dryden Hunt,Hunt,4.88421068693462,19,3100,NYR@FLA,FLA,NYR,,,
,,,,,,,,,,,,,40590-66561:Evgeny Svechnikov,40590-66561,W,Evgeny,Evgeny Svechnikov,Svechnikov,3.20000004768372,4,3000,DET@SJ,DET,SJ,,,
,,,,,,,,,,,,,40590-68609:Nick Lappin,40590-68609,W,Nick,Nick Lappin,Lappin,2.03636360168457,11,3000,ANH@STL,STL,ANH,,,
,,,,,,,,,,,,,40590-43011:Laurent Dauphin,40590-43011,C,Laurent,Laurent Dauphin,Dauphin,4.80000019073486,1,3000,CHI@NSH,NSH,CHI,,,
,,,,,,,,,,,,,40590-82949:Lukas Radil,40590-82949,W,Lukas,Lukas Radil,Radil,1.60000003467907,11,3000,DET@SJ,SJ,DET,,,
,,,,,,,,,,,,,40590-37894:Jayson Megna,40590-37894,W,Jayson,Jayson Megna,Megna,1.6,5,3000,COL@VAN,COL,VAN,,,
,,,,,,,,,,,,,40590-79879:Justin Kloos,40590-79879,W,Justin,Justin Kloos,Kloos,3.20000004768372,1,3000,ANH@STL,ANH,STL,,,
,,,,,,,,,,,,,40590-79880:C.J. Smith,40590-79880,W,C.J.,C.J. Smith,Smith,4.94545468417081,11,3000,OTT@BUF,BUF,OTT,O,Knee,
,,,,,,,,,,,,,40590-43024:Frederik Gauthier,40590-43024,C,Frederik,Frederik Gauthier,Gauthier,3.65714300246466,21,3000,TOR@PIT,TOR,PIT,,,
,,,,,,,,,,,,,40590-21521:Phil Varone,40590-21521,W,Phil,Phil Varone,Varone,3.25106389471825,47,3000,NJ@MON,MON,NJ,,,
,,,,,,,,,,,,,40590-68634:Boo Nieves,40590-68634,C,Boo,Boo Nieves,Nieves,4.167441789494,43,3000,NYR@FLA,NYR,FLA,,,
,,,,,,,,,,,,,40590-68639:Steven Fogarty,40590-68639,W,Steven,Steven Fogarty,Fogarty,1.92000007629395,10,3000,NYR@FLA,NYR,FLA,,,
,,,,,,,,,,,,,40590-104485:Kasper Bjorkqvist,40590-104485,W,Kasper,Kasper Bjorkqvist,Bjorkqvist,0,0,3000,TOR@PIT,PIT,TOR,,,
,,,,,,,,,,,,,40590-68651:Kalle Kossila,40590-68651,W,Kalle,Kalle Kossila,Kossila,4.30000019073486,8,3000,TOR@PIT,TOR,PIT,,,
,,,,,,,,,,,,,40590-66605:Zach Senyshyn,40590-66605,W,Zach,Zach Senyshyn,Senyshyn,4.80000019073486,4,3000,WSH@BOS,BOS,WSH,IR,Lower body,
,,,,,,,,,,,,,40590-82993:Joey Anderson,40590-82993,W,Joey,Joey Anderson,Anderson,5,34,3000,NJ@MON,NJ,MON,,,
,,,,,,,,,,,,,40590-81974:Morgan Frost,40590-81974,C,Morgan,Morgan Frost,Frost,0,0,3000,NYI@PHI,PHI,NYI,,,
,,,,,,,,,,,,,40590-81981:Klim Kostin,40590-81981,W,Klim,Klim Kostin,Kostin,0,0,3000,ANH@STL,STL,ANH,,,
,,,,,,,,,,,,,40590-8259:Andrew Ladd,40590-8259,W,Andrew,Andrew Ladd,Ladd,6.50769219031701,26,3000,NYI@PHI,NYI,PHI,,,
,,,,,,,,,,,,,40590-79938:Christoffer Ehn,40590-79938,C,Christoffer,Christoffer Ehn,Ehn,1.48571423121861,14,3000,DET@SJ,DET,SJ,,,
,,,,,,,,,,,,,40590-8260:Kris Versteeg,40590-8260,W,Kris,Kris Versteeg,Versteeg,0,0,3000,CHI@NSH,CHI,NSH,,,
,,,,,,,,,,,,,40590-9293:Troy Brouwer,40590-9293,W,Troy,Troy Brouwer,Brouwer,5.55199991861979,75,3000,ANH@STL,STL,ANH,,,
,,,,,,,,,,,,,40590-43089:Ross Johnston,40590-43089,W,Ross,Ross Johnston,Johnston,2.32000007629395,10,3000,NYI@PHI,NYI,PHI,,,
,,,,,,,,,,,,,40590-79963:Mikhail Vorobyev,40590-79963,W,Mikhail,Mikhail Vorobyev,Vorobyev,2.66666666666667,6,3000,NYI@PHI,PHI,NYI,,,
,,,,,,,,,,,,,40590-8284:Chris Stewart,40590-8284,W,Chris,Chris Stewart,Stewart,1.79999995231628,8,3000,NYI@PHI,PHI,NYI,,,
,,,,,,,,,,,,,40590-9325:Patrick Eaves,40590-9325,W,Patrick,Patrick Eaves,Eaves,1.59999997275216,7,3000,ANH@STL,ANH,STL,O,Undisclosed,
,,,,,,,,,,,,,40590-66675:Daniel Sprong,40590-66675,W,Daniel,Daniel Sprong,Sprong,7.37936498248388,63,3000,ANH@STL,ANH,STL,,,
,,,,,,,,,,,,,40590-82049:Owen Tippett,40590-82049,W,Owen,Owen Tippett,Tippett,0,0,3000,NYR@FLA,FLA,NYR,,,
,,,,,,,,,,,,,40590-8322:Loui Eriksson,40590-8322,W,Loui,Loui Eriksson,Eriksson,2.07999992370605,10,3000,COL@VAN,VAN,COL,,,
,,,,,,,,,,,,,40590-82051:Michael Rasmussen,40590-82051,W,Michael,Michael Rasmussen,Rasmussen,5.50322600333921,62,3000,DET@SJ,DET,SJ,,,
,,,,,,,,,,,,,40590-14480:Nicolas Deslauriers,40590-14480,W,Nicolas,Nicolas Deslauriers,Deslauriers,2.66666666666667,9,3000,ANH@STL,ANH,STL,,,
,,,,,,,,,,,,,40590-14484:Jordan Szwarz,40590-14484,W,Jordan,Jordan Szwarz,Szwarz,1.60000006357829,3,3000,OTT@BUF,OTT,BUF,,,
,,,,,,,,,,,,,40590-116887:Sam Poulin,40590-116887,W,Sam,Sam Poulin,Poulin,0,0,3000,TOR@PIT,PIT,TOR,,,
,,,,,,,,,,,,,40590-116886:Nathan Legare,40590-116886,W,Nathan,Nathan Legare,Legare,0,0,3000,TOR@PIT,PIT,TOR,,,
,,,,,,,,,,,,,40590-73886:Alexandre Fortin,40590-73886,W,Alexandre,Alexandre Fortin,Fortin,4.98333326975505,24,3000,CHI@NSH,CHI,NSH,,,
,,,,,,,,,,,,,40590-66734:J.C. Beaudin,40590-66734,C,J.C.,J.C. Beaudin,Beaudin,2.07999992370605,10,3000,OTT@BUF,OTT,BUF,,,
,,,,,,,,,,,,,40590-43188:Kurtis Gabriel,40590-43188,W,Kurtis,Kurtis Gabriel,Gabriel,2.90909090909091,22,3000,NYI@PHI,PHI,NYI,,,
,,,,,,,,,,,,,40590-39105:Kenny Agostino,40590-39105,W,Kenny,Kenny Agostino,Agostino,5.83015853639633,63,3000,TOR@PIT,TOR,PIT,,,
,,,,,,,,,,,,,40590-103625:Josh Wilkins,40590-103625,C,Josh,Josh Wilkins,Wilkins,0,0,3000,CHI@NSH,NSH,CHI,,,
,,,,,,,,,,,,,40590-73930:Connor Bunnaman,40590-73930,C,Connor,Connor Bunnaman,Bunnaman,2,4,3000,NYI@PHI,PHI,NYI,,,
,,,,,,,,,,,,,40590-43212:Adam Erne,40590-43212,W,Adam,Adam Erne,Erne,3.20000004768372,16,3000,DET@SJ,DET,SJ,,,
,,,,,,,,,,,,,40590-73935:Carsen Twarynski,40590-73935,W,Carsen,Carsen Twarynski,Twarynski,3.02857153756278,14,3000,NYI@PHI,PHI,NYI,,,
,,,,,,,,,,,,,40590-54479:T.J. Tynan,40590-54479,W,T.J.,T.J. Tynan,Tynan,1.20000004768372,4,3000,COL@VAN,COL,VAN,,,
,,,,,,,,,,,,,40590-73940:Jordan Kyrou,40590-73940,W,Jordan,Jordan Kyrou,Kyrou,3.65000009536743,16,3000,ANH@STL,STL,ANH,,,
,,,,,,,,,,,,,40590-82144:Adam Johnson,40590-82144,W,Adam,Adam Johnson,Johnson,4.68571417672294,7,3000,TOR@PIT,PIT,TOR,,,
,,,,,,,,,,,,,40590-104675:Lean Bergmann,40590-104675,W,Lean,Lean Bergmann,Bergmann,3.59999990463257,8,3000,DET@SJ,SJ,DET,,,
,,,,,,,,,,,,,40590-73963:A.J. Greer,40590-73963,W,A.J.,A.J. Greer,Greer,2.82666676839193,15,3000,COL@VAN,COL,VAN,,,
,,,,,,,,,,,,,40590-73972:Noah Gregor,40590-73972,W,Noah,Noah Gregor,Gregor,1.11999998092651,10,3000,DET@SJ,SJ,DET,,,
,,,,,,,,,,,,,40590-82167:Sheldon Dries,40590-82167,C,Sheldon,Sheldon Dries,Dries,4.10999984741211,40,3000,COL@VAN,COL,VAN,,,
,,,,,,,,,,,,,40590-73983:Anthony Greco,40590-73983,W,Anthony,Anthony Greco,Greco,3.20000004768372,1,3000,NYR@FLA,FLA,NYR,,,
,,,,,,,,,,,,,40590-54527:Connor Brickley,40590-54527,W,Connor,Connor Brickley,Brickley,5.31428582327707,14,3000,NYR@FLA,NYR,FLA,,,
,,,,,,,,,,,,,40590-70910:Michael McLeod,40590-70910,C,Michael,Michael McLeod,McLeod,3.04761904761905,21,3000,NJ@MON,NJ,MON,,,
,,,,,,,,,,,,,40590-54528:Daniel Carr,40590-54528,W,Daniel,Daniel Carr,Carr,2.66666666666667,3,3000,CHI@NSH,NSH,CHI,,,
,,,,,,,,,,,,,40590-82176:Jack Studnicka,40590-82176,C,Jack,Jack Studnicka,Studnicka,0,0,3000,WSH@BOS,BOS,WSH,,,
,,,,,,,,,,,,,40590-62724:Andreas Martinsen,40590-62724,W,Andreas,Andreas Martinsen,Martinsen,3.5,24,3000,TOR@PIT,PIT,TOR,,,
,,,,,,,,,,,,,40590-73990:Zack MacEwen,40590-73990,W,Zack,Zack MacEwen,MacEwen,3.20000004768372,4,3000,COL@VAN,VAN,COL,,,
,,,,,,,,,,,,,40590-70921:Henrik Borgstrom,40590-70921,C,Henrik,Henrik Borgstrom,Borgstrom,1.20000004768372,4,3000,NYR@FLA,FLA,NYR,,,
,,,,,,,,,,,,,40590-70920:German Rubtsov,40590-70920,C,German,German Rubtsov,Rubtsov,2.66666666666667,3,3000,NYI@PHI,PHI,NYI,,,
,,,,,,,,,,,,,40590-70927:Trent Frederic,40590-70927,C,Trent,Trent Frederic,Frederic,1.60000002384186,1,3000,WSH@BOS,BOS,WSH,,,
,,,,,,,,,,,,,40590-83218:Ville Meskanen,40590-83218,W,Ville,Ville Meskanen,Meskanen,0,0,3000,NYR@FLA,NYR,FLA,,,
,,,,,,,,,,,,,40590-74008:Givani Smith,40590-74008,W,Givani,Givani Smith,Smith,1.6,5,3000,DET@SJ,DET,SJ,,,
,,,,,,,,,,,,,40590-117025:Troy Loggins,40590-117025,W,Troy,Troy Loggins,Loggins,0,0,3000,DET@SJ,DET,SJ,,,
,,,,,,,,,,,,,40590-117024:Josh Kestner,40590-117024,W,Josh,Josh Kestner,Kestner,0,0,3000,DET@SJ,DET,SJ,,,
,,,,,,,,,,,,,40590-117026:Jarid Lukosevicius,40590-117026,W,Jarid,Jarid Lukosevicius,Lukosevicius,0,0,3000,DET@SJ,DET,SJ,,,
,,,,,,,,,,,,,40590-117028:Tyler Spezia,40590-117028,W,Tyler,Tyler Spezia,Spezia,0,0,3000,DET@SJ,DET,SJ,,,
,,,,,,,,,,,,,40590-58679:Jack Rodewald,40590-58679,W,Jack,Jack Rodewald,Rodewald,1.33333333333333,6,3000,NYR@FLA,FLA,NYR,,,
,,,,,,,,,,,,,40590-82232:Chase Pearson,40590-82232,W,Chase,Chase Pearson,Pearson,0,0,3000,DET@SJ,DET,SJ,,,
,,,,,,,,,,,,,40590-117053:Robert Lantosi,40590-117053,W,Robert,Robert Lantosi,Lantosi,0,0,3000,WSH@BOS,BOS,WSH,,,
,,,,,,,,,,,,,40590-117052:Dylan McLaughlin,40590-117052,C,Dylan,Dylan McLaughlin,McLaughlin,0,0,3000,CHI@NSH,CHI,NSH,,,
,,,,,,,,,,,,,40590-8520:Ryan Callahan,40590-8520,W,Ryan,Ryan Callahan,Callahan,6.30961550199069,52,3000,OTT@BUF,OTT,BUF,O,Back,
,,,,,,,,,,,,,40590-117068:Luka Burzan,40590-117068,W,Luka,Luka Burzan,Burzan,0,0,3000,COL@VAN,COL,VAN,,,
,,,,,,,,,,,,,40590-117071:Sasha Mutala,40590-117071,W,Sasha,Sasha Mutala,Mutala,0,0,3000,COL@VAN,COL,VAN,,,
,,,,,,,,,,,,,40590-117070:Alex Beaucage,40590-117070,W,Alex,Alex Beaucage,Beaucage,0,0,3000,COL@VAN,COL,VAN,,,
,,,,,,,,,,,,,40590-74067:Kevin Rooney,40590-74067,C,Kevin,Kevin Rooney,Rooney,3.1999998826247,13,3000,NJ@MON,NJ,MON,O,Upper body,
,,,,,,,,,,,,,40590-74071:Nathan Bastian,40590-74071,W,Nathan,Nathan Bastian,Bastian,8.34285736083984,7,3000,NJ@MON,NJ,MON,,,
,,,,,,,,,,,,,40590-74070:Brandon Gignac,40590-74070,W,Brandon,Brandon Gignac,Gignac,3.20000004768372,1,3000,NJ@MON,NJ,MON,,,
,,,,,,,,,,,,,40590-117089:Liam Pecararo,40590-117089,W,Liam,Liam Pecararo,Pecararo,0,0,3000,NYR@FLA,FLA,NYR,,,
,,,,,,,,,,,,,40590-62817:Blake Pietila,40590-62817,W,Blake,Blake Pietila,Pietila,2.94736842105263,19,3000,ANH@STL,ANH,STL,,,
,,,,,,,,,,,,,40590-117098:Joe Cox,40590-117098,W,Joe,Joe Cox,Cox,0,0,3000,NJ@MON,MON,NJ,,,
,,,,,,,,,,,,,40590-117105:Hunter Garlent,40590-117105,C,Hunter,Hunter Garlent,Garlent,0,0,3000,CHI@NSH,NSH,CHI,,,
,,,,,,,,,,,,,40590-117104:Thomas Novak,40590-117104,C,Thomas,Thomas Novak,Novak,0,0,3000,CHI@NSH,NSH,CHI,,,
,,,,,,,,,,,,,40590-117106:Ludvig Larsson,40590-117106,C,Ludvig,Ludvig Larsson,Larsson,0,0,3000,NJ@MON,NJ,MON,,,
,,,,,,,,,,,,,40590-74100:Tanner Fritz,40590-74100,C,Tanner,Tanner Fritz,Fritz,3.40000009536743,8,3000,NYI@PHI,NYI,PHI,,,
,,,,,,,,,,,,,40590-103805:Danil Yurtaykin,40590-103805,W,Danil,Danil Yurtaykin,Yurtaykin,1.60000002384186,4,3000,DET@SJ,SJ,DET,,,
,,,,,,,,,,,,,40590-12670:Sam Carrick,40590-12670,W,Sam,Sam Carrick,Carrick,3.20000012715658,6,3000,ANH@STL,ANH,STL,,,
,,,,,,,,,,,,,40590-117125:Artem Ivanyuzhenkov,40590-117125,W,Artem,Artem Ivanyuzhenkov,Ivanyuzhenkov,0,0,3000,DET@SJ,SJ,DET,,,
,,,,,,,,,,,,,40590-117124:Dillon Hamaliuk,40590-117124,W,Dillon,Dillon Hamaliuk,Hamaliuk,0,0,3000,DET@SJ,SJ,DET,,,
,,,,,,,,,,,,,40590-117127:Tristin Langan,40590-117127,C,Tristin,Tristin Langan,Langan,0,0,3000,DET@SJ,SJ,DET,,,
,,,,,,,,,,,,,40590-8584:Mikkel Boedker,40590-8584,W,Mikkel,Mikkel Boedker,Boedker,3.2,5,3000,OTT@BUF,OTT,BUF,,,
,,,,,,,,,,,,,40590-39311:Nicholas Shore,40590-39311,C,Nicholas,Nicholas Shore,Shore,2.1777778201633,18,3000,TOR@PIT,TOR,PIT,,,
,,,,,,,,,,,,,40590-117141:Colt Conrad,40590-117141,C,Colt,Colt Conrad,Conrad,0,0,3000,TOR@PIT,TOR,PIT,,,
,,,,,,,,,,,,,40590-74134:Peter Cehlarik,40590-74134,W,Peter,Peter Cehlarik,Cehlarik,3.73333326975505,3,3000,WSH@BOS,BOS,WSH,,,
,,,,,,,,,,,,,40590-49563:Tyler Gaudet,40590-49563,C,Tyler,Tyler Gaudet,Gaudet,0,0,3000,TOR@PIT,TOR,PIT,,,
,,,,,,,,,,,,,40590-8620:Jamie McGinn,40590-8620,W,Jamie,Jamie McGinn,McGinn,6.00526307758532,19,3000,ANH@STL,STL,ANH,,,
,,,,,,,,,,,,,40590-12718:Tyler Pitlick,40590-12718,W,Tyler,Tyler Pitlick,Pitlick,4,15,3000,NYI@PHI,PHI,NYI,,,
,,,,,,,,,,,,,40590-12732:Michael Sgarbossa,40590-12732,W,Michael,Michael Sgarbossa,Sgarbossa,0,0,3000,WSH@BOS,WSH,BOS,,,
,,,,,,,,,,,,,40590-117181:Johno May,40590-117181,W,Johno,Johno May,May,0,0,3000,ANH@STL,ANH,STL,,,
,,,,,,,,,,,,,40590-117180:Brent Gates,40590-117180,C,Brent,Brent Gates,Gates,0,0,3000,ANH@STL,ANH,STL,,,
,,,,,,,,,,,,,40590-117182:Brayden Tracey,40590-117182,W,Brayden,Brayden Tracey,Tracey,0,0,3000,ANH@STL,ANH,STL,,,
,,,,,,,,,,,,,40590-8643:David Backes,40590-8643,W,David,David Backes,Backes,4,8,3000,WSH@BOS,BOS,WSH,IR,Upper body,
,,,,,,,,,,,,,40590-117189:Erik Brown,40590-117189,W,Erik,Erik Brown,Brown,0,0,3000,NYI@PHI,NYI,PHI,,,
,,,,,,,,,,,,,40590-117188:Felix Bibeau,40590-117188,C,Felix,Felix Bibeau,Bibeau,0,0,3000,NYI@PHI,NYI,PHI,,,
,,,,,,,,,,,,,40590-117191:Reece Newkirk,40590-117191,C,Reece,Reece Newkirk,Newkirk,0,0,3000,NYI@PHI,NYI,PHI,,,
,,,,,,,,,,,,,40590-117190:Brett Neumann,40590-117190,C,Brett,Brett Neumann,Neumann,0,0,3000,NYI@PHI,NYI,PHI,,,
,,,,,,,,,,,,,40590-84473:Antti Suomela,40590-84473,C,Antti,Antti Suomela,Suomela,5.95555566858362,27,3000,DET@SJ,SJ,DET,,,
,,,,,,,,,,,,,40590-8702:Ryan Kesler,40590-8702,C,Ryan,Ryan Kesler,Kesler,5.21166687011719,60,3000,ANH@STL,ANH,STL,O,Hip,
,,,,,,,,,,,,,40590-58879:Scott Wilson,40590-58879,C,Scott,Scott Wilson,Wilson,4.47999979654948,15,3000,OTT@BUF,BUF,OTT,,,
,,,,,,,,,,,,,40590-23051:Joakim Nordstrom,40590-23051,W,Joakim,Joakim Nordstrom,Nordstrom,6.40000009536743,8,3000,WSH@BOS,BOS,WSH,,,
,,,,,,,,,,,,,40590-58906:Chase De Leo,40590-58906,W,Chase,Chase De Leo,De Leo,6.40000009536743,1,3000,ANH@STL,ANH,STL,,,
,,,,,,,,,,,,,40590-23071:Vladimir Tarasenko,40590-23071,W,Vladimir,Vladimir Tarasenko,Tarasenko,14.6300003051758,10,3000,ANH@STL,STL,ANH,IR,Shoulder,
,,,,,,,,,,,,,40590-85571:Filip Zadina,40590-85571,W,Filip,Filip Zadina,Zadina,6.95555538601345,9,3000,DET@SJ,DET,SJ,,,
,,,,,,,,,,,,,40590-12880:Darren Archibald,40590-12880,W,Darren,Darren Archibald,Archibald,3.53333346048991,12,3000,TOR@PIT,TOR,PIT,,,
,,,,,,,,,,,,,40590-104016:Vitali Kravtsov,40590-104016,W,Vitali,Vitali Kravtsov,Kravtsov,0,0,3000,NYR@FLA,NYR,FLA,,,
,,,,,,,,,,,,,40590-102995:Ryan Kuffner,40590-102995,W,Ryan,Ryan Kuffner,Kuffner,2.07999992370605,10,3000,DET@SJ,DET,SJ,,,
,,,,,,,,,,,,,40590-102994:Max Veronneau,40590-102994,W,Max,Max Veronneau,Veronneau,6.04166666666667,12,3000,OTT@BUF,OTT,BUF,,,
,,,,,,,,,,,,,40590-58972:Remi Elie,40590-58972,W,Remi,Remi Elie,Elie,1.70000004768372,16,3000,OTT@BUF,BUF,OTT,,,
,,,,,,,,,,,,,40590-13932:Matt Read,40590-13932,W,Matt,Matt Read,Read,3.79999987284342,12,3000,TOR@PIT,TOR,PIT,,,
,,,,,,,,,,,,,40590-113275:Simon Holmstrom,40590-113275,W,Simon,Simon Holmstrom,Holmstrom,0,0,3000,NYI@PHI,NYI,PHI,,,
,,,,,,,,,,,,,40590-113279:Dylan Cozens,40590-113279,C,Dylan,Dylan Cozens,Cozens,0,0,3000,OTT@BUF,BUF,OTT,,,
,,,,,,,,,,,,,40590-42628:Andrew Agozzino,40590-42628,W,Andrew,Andrew Agozzino,Agozzino,0,1,3000,TOR@PIT,PIT,TOR,,,
,,,,,,,,,,,,,40590-59012:Jayce Hawryluk,40590-59012,W,Jayce,Jayce Hawryluk,Hawryluk,5.5,8,3000,NYR@FLA,FLA,NYR,O,Upper body,
,,,,,,,,,,,,,40590-42629:Joseph Blandisi,40590-42629,W,Joseph,Joseph Blandisi,Blandisi,4.2285714830671,7,3000,TOR@PIT,PIT,TOR,,,
,,,,,,,,,,,,,40590-8868:Erik Condra,40590-8868,W,Erik,Erik Condra,Condra,4.93333339691162,6,3000,COL@VAN,COL,VAN,,,
,,,,,,,,,,,,,40590-104139:Mikael Hakkarainen,40590-104139,C,Mikael,Mikael Hakkarainen,Hakkarainen,0,0,3000,CHI@NSH,CHI,NSH,,,
,,,,,,,,,,,,,40590-104141:Tim Soderlund,40590-104141,C,Tim,Tim Soderlund,Soderlund,0,0,3000,CHI@NSH,CHI,NSH,,,
,,,,,,,,,,,,,40590-104184:Arttu Ruotsalainen,40590-104184,C,Arttu,Arttu Ruotsalainen,Ruotsalainen,0,0,3000,OTT@BUF,BUF,OTT,,,
,,,,,,,,,,,,,40590-39677:Brendan Gaunce,40590-39677,W,Brendan,Brendan Gaunce,Gaunce,10.4000002543132,3,3000,WSH@BOS,BOS,WSH,,,
,,,,,,,,,,,,,40590-39714:Charles Hudon,40590-39714,W,Charles,Charles Hudon,Hudon,4.59062480926514,32,3000,NJ@MON,MON,NJ,,,
,,,,,,,,,,,,,40590-103211:Robert Carpenter,40590-103211,W,Robert,Robert Carpenter,Carpenter,0,0,3000,NYI@PHI,NYI,PHI,O,Shoulder,
,,,,,,,,,,,,,40590-42795:Michael McCarron,40590-42795,W,Michael,Michael McCarron,McCarron,0,0,3000,NJ@MON,MON,NJ,,,
,,,,,,,,,,,,,40590-116547:Tristan Scherwey,40590-116547,W,Tristan,Tristan Scherwey,Scherwey,0,0,3000,OTT@BUF,OTT,BUF,,,
,,,,,,,,,,,,,40590-62275:Travis Boyd,40590-62275,W,Travis,Travis Boyd,Boyd,5.86666679382324,6,3000,WSH@BOS,WSH,BOS,,,
,,,,,,,,,,,,,40590-82757:Erik Foley,40590-82757,W,Erik,Erik Foley,Foley,0,0,3000,ANH@STL,STL,ANH,O,Concussion,
,,,,,,,,,,,,,40590-59209:Frederick Gaudreau,40590-59209,C,Frederick,Frederick Gaudreau,Gaudreau,2.57454556551847,55,3000,CHI@NSH,NSH,CHI,,,
,,,,,,,,,,,,,40590-97096:Isac Lundestrom,40590-97096,C,Isac,Isac Lundestrom,Lundestrom,2.13333336512248,3,3000,ANH@STL,ANH,STL,,,
,,,,,,,,,,,,,40590-62293:Matthew Peca,40590-62293,C,Matthew,Matthew Peca,Peca,4.70769246419271,39,3000,NJ@MON,MON,NJ,,,
,,,,,,,,,,,,,40590-62295:Jonny Brodzinski,40590-62295,W,Jonny,Jonny Brodzinski,Brodzinski,5.33333333333333,3,3000,DET@SJ,SJ,DET,,,
,,,,,,,,,,,,,40590-42841:Nathan Walker,40590-42841,W,Nathan,Nathan Walker,Walker,3.73333326975505,3,3000,ANH@STL,STL,ANH,,,
,,,,,,,,,,,,,40590-97118:Joel Teasdale,40590-97118,W,Joel,Joel Teasdale,Teasdale,0,0,3000,NJ@MON,MON,NJ,,,
,,,,,,,,,,,,,40590-59234:Dominic Turgeon,40590-59234,C,Dominic,Dominic Turgeon,Turgeon,2,4,3000,DET@SJ,DET,SJ,,,
,,,,,,,,,,,,,40590-108386:Samuel Asselin,40590-108386,C,Samuel,Samuel Asselin,Asselin,0,0,3000,WSH@BOS,BOS,WSH,,,
,,,,,,,,,,,,,40590-66405:Anthony Richard,40590-66405,W,Anthony,Anthony Richard,Richard,3.20000004768372,1,3000,CHI@NSH,NSH,CHI,,,
,,,,,,,,,,,,,40590-66404:Vladislav Kamenev,40590-66404,C,Vladislav,Vladislav Kamenev,Kamenev,4.86250019073486,8,3000,COL@VAN,COL,VAN,,,
,,,,,,,,,,,,,40590-59246:John Quenneville,40590-59246,W,John,John Quenneville,Quenneville,2.56842101247687,19,3000,CHI@NSH,CHI,NSH,,,
,,,,,,,,,,,,,40590-42865:Jean-Sebastien Dea,40590-42865,W,Jean-Sebastien,Jean-Sebastien Dea,Dea,5.6347828740659,23,3000,OTT@BUF,BUF,OTT,,,
,,,,,,,,,,,,,40590-59253:Joshua Ho-Sang,40590-59253,W,Joshua,Joshua Ho-Sang,Ho-Sang,4.07999992370606,10,3000,NYI@PHI,NYI,PHI,,,
,,,,,,,,,,,,,40590-82808:Brett Seney,40590-82808,W,Brett,Brett Seney,Seney,4.44901948816636,51,3000,NJ@MON,NJ,MON,,,
,,,,,,,,,,,,,40590-9085:Cal O'Reilly,40590-9085,C,Cal,Cal O'Reilly,O'Reilly,0,0,3000,NYI@PHI,PHI,NYI,,,
,,,,,,,,,,,,,40590-59263:Nicolas Aube-Kubel,40590-59263,W,Nicolas,Nicolas Aube-Kubel,Aube-Kubel,0.355555560853746,9,3000,NYI@PHI,PHI,NYI,,,
,,,,,,,,,,,,,40590-82835:Shane Gersich,40590-82835,C,Shane,Shane Gersich,Gersich,0,0,3000,WSH@BOS,WSH,BOS,,,
,,,,,,,,,,,,,40590-82842:Dylan Sikura,40590-82842,W,Dylan,Dylan Sikura,Sikura,4.94545445297704,33,3000,CHI@NSH,CHI,NSH,,,
,,,,,,,,,,,,,40590-15270:Sven Baertschi,40590-15270,W,Sven,Sven Baertschi,Baertschi,4.52500009536743,4,3000,COL@VAN,VAN,COL,,,
,,,,,,,,,,,,,40590-79790:Matthew Highmore,40590-79790,W,Matthew,Matthew Highmore,Highmore,0,0,3000,CHI@NSH,CHI,NSH,,,
,,,,,,,,,,,,,40590-54193:Phillip Di Giuseppe,40590-54193,W,Phillip,Phillip Di Giuseppe,Di Giuseppe,4.16666666666667,24,3000,NYR@FLA,NYR,FLA,,,
,,,,,,,,,,,,,40590-15286:Stefan Noesen,40590-15286,W,Stefan,Stefan Noesen,Noesen,5.17073170731707,41,3000,TOR@PIT,PIT,TOR,,,
,,,,,,,,,,,,,40590-54200:Ryan Carpenter,40590-54200,W,Ryan,Ryan Carpenter,Carpenter,5.29411764705882,17,3000,CHI@NSH,CHI,NSH,,,
,,,,,,,,,,,,,40590-15289:Matt Puempel,40590-15289,W,Matt,Matt Puempel,Puempel,4.5625,8,3000,DET@SJ,DET,SJ,,,
,,,,,,,,,,,,,40590-15298:Tyler Graovac,40590-15298,C,Tyler,Tyler Graovac,Graovac,1.60000002384186,1,3000,COL@VAN,VAN,COL,,,
,,,,,,,,,,,,,40590-79812:John Hayden,40590-79812,W,John,John Hayden,Hayden,1.82857145581927,7,3000,NJ@MON,NJ,MON,,,
,,,,,,,,,,,,,40590-97224:Oliver Wahlstrom,40590-97224,W,Oliver,Oliver Wahlstrom,Wahlstrom,2.31111102634006,9,3000,NYI@PHI,NYI,PHI,,,
,,,,,,,,,,,,,40590-97233:Jesper Boqvist,40590-97233,W,Jesper,Jesper Boqvist,Boqvist,2.05714280264718,7,3000,NJ@MON,NJ,MON,,,
,,,,,,,,,,,,,40590-11225:Dale Weise,40590-11225,W,Dale,Dale Weise,Weise,4.63529399797028,51,3000,NJ@MON,MON,NJ,,,
,,,,,,,,,,,,,40590-15333:Antoine Roussel,40590-15333,W,Antoine,Antoine Roussel,Roussel,7.66769221379207,65,3000,COL@VAN,VAN,COL,O,Knee,
,,,,,,,,,,,,,40590-42984:Justin Bailey,40590-42984,W,Justin,Justin Bailey,Bailey,2.18181818181818,11,3000,COL@VAN,VAN,COL,,,
,,,,,,,,,,,,,40590-9194:Micheal Haley,40590-9194,W,Micheal,Micheal Haley,Haley,3.28888893127441,9,3000,NYR@FLA,NYR,FLA,,,
,,,,,,,,,,,,,40590-9196:Matt Martin,40590-9196,W,Matt,Matt Martin,Martin,6.17142868041992,7,3000,NYI@PHI,NYI,PHI,IR,Lower body,
,,,,,,,,,,,,,40590-82925:Eeli Tolvanen,40590-82925,W,Eeli,Eeli Tolvanen,Tolvanen,6.72499990463257,4,3000,CHI@NSH,NSH,CHI,,,
,,,,,,,,,,,,,40590-12280:Magnus Paajarvi,40590-12280,W,Magnus,Magnus Paajarvi,Paajarvi,6.22000007629395,80,3000,OTT@BUF,OTT,BUF,,,
,,,,,,,,,,,,,40590-68602:Aleksi Saarela,40590-68602,W,Aleksi,Aleksi Saarela,Saarela,0,0,3000,NYR@FLA,FLA,NYR,,,
,,,,,,,,,,,,,40590-37884:Ben Street,40590-37884,C,Ben,Ben Street,Street,4.60952395484561,21,3000,NJ@MON,NJ,MON,,,
