entry_id,contest_id,contest_name,C,C,W,W,W,W,D,D,G,,Instructions,,,,,,,,,,,,,,
1866051886,40272-231126150,$2K Thu NHL Deflection (Only $0.25 to Enter),40272-42478:Bo Horvat,40272-59120:CHRISTIAN DVORAK,40272-59207:VIKTOR ARVIDSSON,40272-12728:NINO NIEDERREITER,40272-23226:TOM WILSON,40272-74076:WARREN FOEGELE,40272-15356:DOUGIE HAMILTON,40272-8467:SHEA WEBER,40272-73938:CARTER HART,,1) Edit your lineup by inserting any player from this list into their appropriate position columns,,,,,,,,,,,,,,
1866053585,40272-231126150,$2K Thu NHL Deflection (Only $0.25 to Enter),40272-42478:Bo Horvat,40272-59120:CHRISTIAN DVORAK,40272-59207:VIKTOR ARVIDSSON,40272-12728:NINO NIEDERREITER,40272-23226:TOM WILSON,40272-74076:WARREN FOEGELE,40272-15356:DOUGIE HAMILTON,40272-8467:SHEA WEBER,40272-8412:JONATHAN QUICK,,2) You can paste either the Player ID + Name OR ID from their respective columns,,,,,,,,,,,,,,
1866053588,40272-231126150,$2K Thu NHL Deflection (Only $0.25 to Enter),40272-42478:Bo Horvat,40272-59120:CHRISTIAN DVORAK,40272-59207:VIKTOR ARVIDSSON,40272-12728:NINO NIEDERREITER,40272-23226:TOM WILSON,40272-74076:WARREN FOEGELE,40272-15356:DOUGIE HAMILTON,40272-8467:SHEA WEBER,40272-8292:CRAIG ANDERSON,,3) Any information to the right of the last position column will be ignored in the upload. Don't leave blank rows. Any entries after a blank row will not be edited,,,,,,,,,,,,,,
1866053592,40272-231126150,$2K Thu NHL Deflection (Only $0.25 to Enter),40272-42478:Bo Horvat,40272-59120:CHRISTIAN DVORAK,40272-59207:VIKTOR ARVIDSSON,40272-12728:NINO NIEDERREITER,40272-23226:TOM WILSON,40272-74076:WARREN FOEGELE,40272-15356:DOUGIE HAMILTON,40272-8467:SHEA WEBER,40272-8864:ROBIN LEHNER,,4) You can not use this form to create new entries,,,,,,,,,,,,,,
1866053595,40272-231126150,$2K Thu NHL Deflection (Only $0.25 to Enter),40272-42478:Bo Horvat,40272-59120:CHRISTIAN DVORAK,40272-59207:VIKTOR ARVIDSSON,40272-12728:NINO NIEDERREITER,40272-23226:TOM WILSON,40272-74076:WARREN FOEGELE,40272-15356:DOUGIE HAMILTON,40272-8467:SHEA WEBER,40272-54065:JOONAS KORPISALO,,,,,,,,,,,,,,,,
1866053600,40272-231126150,$2K Thu NHL Deflection (Only $0.25 to Enter),40272-42478:Bo Horvat,40272-59120:CHRISTIAN DVORAK,40272-59207:VIKTOR ARVIDSSON,40272-12728:NINO NIEDERREITER,40272-23226:TOM WILSON,40272-74076:WARREN FOEGELE,40272-15356:DOUGIE HAMILTON,40272-8467:SHEA WEBER,40272-66744:MACKENZIE BLACKWOOD,,Player ID + Player Name,Id,Position,First Name,Nickname,Last Name,FPPG,Played,Salary,Game,Team,Opponent,Injury Indicator,Injury Details,Tier
1866053606,40272-231126150,$2K Thu NHL Deflection (Only $0.25 to Enter),40272-42478:Bo Horvat,40272-59120:CHRISTIAN DVORAK,40272-59207:VIKTOR ARVIDSSON,40272-12728:NINO NIEDERREITER,40272-23226:TOM WILSON,40272-74076:WARREN FOEGELE,40272-15356:DOUGIE HAMILTON,40272-8467:SHEA WEBER,40272-8920:DEVAN DUBNYK,,40272-8612:Marc-Andre Fleury,40272-8612,G,Marc-Andre,Marc-Andre Fleury,Fleury,21.2571432931083,14,9000,VGK@TOR,VGK,TOR,,,
1866053610,40272-231126150,$2K Thu NHL Deflection (Only $0.25 to Enter),40272-42478:Bo Horvat,40272-59120:CHRISTIAN DVORAK,40272-59207:VIKTOR ARVIDSSON,40272-12728:NINO NIEDERREITER,40272-23226:TOM WILSON,40272-74076:WARREN FOEGELE,40272-15356:DOUGIE HAMILTON,40272-8467:SHEA WEBER,40272-9278:MARTIN JONES,,40272-8718:Alex Ovechkin,40272-8718,W,Alex,Alex Ovechkin,Ovechkin,20.6375007629395,16,9000,WSH@FLA,WSH,FLA,,,
1866053614,40272-231126150,$2K Thu NHL Deflection (Only $0.25 to Enter),40272-73946:Sebastian Aho,40272-59120:CHRISTIAN DVORAK,40272-59207:VIKTOR ARVIDSSON,40272-12728:NINO NIEDERREITER,40272-23226:TOM WILSON,40272-74076:WARREN FOEGELE,40272-15356:DOUGIE HAMILTON,40272-13981:TYSON BARRIE,40272-82094:ALEXANDAR GEORGIEV,,40272-70899:Auston Matthews,40272-70899,C,Auston,Auston Matthews,Matthews,19.125,16,8900,VGK@TOR,TOR,VGK,,,
1866053616,40272-231126150,$2K Thu NHL Deflection (Only $0.25 to Enter),40272-73946:Sebastian Aho,40272-59120:CHRISTIAN DVORAK,40272-59207:VIKTOR ARVIDSSON,40272-12728:NINO NIEDERREITER,40272-23226:TOM WILSON,40272-74076:WARREN FOEGELE,40272-15356:DOUGIE HAMILTON,40272-13981:TYSON BARRIE,40272-43131:MALCOLM SUBBAN,,40272-8472:Pekka Rinne,40272-8472,G,Pekka,Pekka Rinne,Rinne,23.0399993896484,10,8800,NSH@COL,NSH,COL,,,
1866053618,40272-231126150,$2K Thu NHL Deflection (Only $0.25 to Enter),40272-73946:Sebastian Aho,40272-59120:CHRISTIAN DVORAK,40272-59207:VIKTOR ARVIDSSON,40272-12728:NINO NIEDERREITER,40272-23226:TOM WILSON,40272-74076:WARREN FOEGELE,40272-15356:DOUGIE HAMILTON,40272-13981:TYSON BARRIE,40272-12283:JACOB MARKSTROM,,40272-70635:David Rittich,40272-70635,G,David,David Rittich,Rittich,20.971429007394,14,8700,NJ@CGY,CGY,NJ,,,
1866053623,40272-231126150,$2K Thu NHL Deflection (Only $0.25 to Enter),40272-73946:Sebastian Aho,40272-59120:CHRISTIAN DVORAK,40272-59207:VIKTOR ARVIDSSON,40272-12728:NINO NIEDERREITER,40272-23226:TOM WILSON,40272-74076:WARREN FOEGELE,40272-15356:DOUGIE HAMILTON,40272-13981:TYSON BARRIE,40272-40050:ANTTI RAANTA,,40272-8452:Carey Price,40272-8452,G,Carey,Carey Price,Price,18.8666661580404,12,8600,MON@PHI,MON,PHI,,,
1866053625,40272-231126150,$2K Thu NHL Deflection (Only $0.25 to Enter),40272-42478:Bo Horvat,40272-62920:LUCAS WALLMARK,40272-59207:VIKTOR ARVIDSSON,40272-12728:NINO NIEDERREITER,40272-23226:TOM WILSON,40272-74076:WARREN FOEGELE,40272-15356:DOUGIE HAMILTON,40272-8467:SHEA WEBER,40272-8732:SEMYON VARLAMOV,,40272-41391:Nathan MacKinnon,40272-41391,C,Nathan,Nathan MacKinnon,MacKinnon,20,15,8600,NSH@COL,COL,NSH,,,
1866053629,40272-231126150,$2K Thu NHL Deflection (Only $0.25 to Enter),40272-42478:Bo Horvat,40272-62920:LUCAS WALLMARK,40272-59207:VIKTOR ARVIDSSON,40272-12728:NINO NIEDERREITER,40272-23226:TOM WILSON,40272-74076:WARREN FOEGELE,40272-15356:DOUGIE HAMILTON,40272-8467:SHEA WEBER,40272-9416:BRADEN HOLTBY,,40272-42869:Matt Murray,40272-42869,G,Matt,Matt Murray,Murray,18.533332824707,12,8600,PIT@NYI,PIT,NYI,,,
1866053633,40272-231126150,$2K Thu NHL Deflection (Only $0.25 to Enter),40272-42478:Bo Horvat,40272-62920:LUCAS WALLMARK,40272-59207:VIKTOR ARVIDSSON,40272-12728:NINO NIEDERREITER,40272-23226:TOM WILSON,40272-74076:WARREN FOEGELE,40272-15356:DOUGIE HAMILTON,40272-8467:SHEA WEBER,40272-12163:SERGEI BOBROVSKY,,40272-23072:Frederik Andersen,40272-23072,G,Frederik,Frederik Andersen,Andersen,18.9333330790202,12,8500,VGK@TOR,TOR,VGK,,,
1866053638,40272-231126150,$2K Thu NHL Deflection (Only $0.25 to Enter),40272-42478:Bo Horvat,40272-62920:LUCAS WALLMARK,40272-59207:VIKTOR ARVIDSSON,40272-12728:NINO NIEDERREITER,40272-23226:TOM WILSON,40272-74076:WARREN FOEGELE,40272-15356:DOUGIE HAMILTON,40272-8467:SHEA WEBER,40272-12697:PHILIPP GRUBAUER,,40272-14466:Darcy Kuemper,40272-14466,G,Darcy,Darcy Kuemper,Kuemper,23.8399993896484,10,8400,CBJ@ARI,ARI,CBJ,,,
1866053640,40272-231126150,$2K Thu NHL Deflection (Only $0.25 to Enter),40272-8596:Jordan Staal,40272-59120:CHRISTIAN DVORAK,40272-59207:VIKTOR ARVIDSSON,40272-12728:NINO NIEDERREITER,40272-23226:TOM WILSON,40272-74076:WARREN FOEGELE,40272-15356:DOUGIE HAMILTON,40272-8467:SHEA WEBER,40272-42869:MATT MURRAY,,40272-8594:Sidney Crosby,40272-8594,C,Sidney,Sidney Crosby,Crosby,15.5133331298828,15,8300,PIT@NYI,PIT,NYI,,,
1866053644,40272-231126150,$2K Thu NHL Deflection (Only $0.25 to Enter),40272-8596:Jordan Staal,40272-59120:CHRISTIAN DVORAK,40272-59207:VIKTOR ARVIDSSON,40272-12728:NINO NIEDERREITER,40272-23226:TOM WILSON,40272-74076:WARREN FOEGELE,40272-15356:DOUGIE HAMILTON,40272-8467:SHEA WEBER,40272-8452:CAREY PRICE,,40272-12163:Sergei Bobrovsky,40272-12163,G,Sergei,Sergei Bobrovsky,Bobrovsky,12.5999997456869,12,8300,WSH@FLA,FLA,WSH,,,
1866053651,40272-231126150,$2K Thu NHL Deflection (Only $0.25 to Enter),40272-8596:Jordan Staal,40272-59120:CHRISTIAN DVORAK,40272-59207:VIKTOR ARVIDSSON,40272-12728:NINO NIEDERREITER,40272-23226:TOM WILSON,40272-74076:WARREN FOEGELE,40272-15356:DOUGIE HAMILTON,40272-8467:SHEA WEBER,40272-23072:FREDERIK ANDERSEN,,40272-8633:Thomas Greiss,40272-8633,G,Thomas,Thomas Greiss,Greiss,23.7000007629395,8,8200,PIT@NYI,NYI,PIT,,,
1866053657,40272-231126150,$2K Thu NHL Deflection (Only $0.25 to Enter),40272-8596:Jordan Staal,40272-59120:CHRISTIAN DVORAK,40272-59207:VIKTOR ARVIDSSON,40272-12728:NINO NIEDERREITER,40272-23226:TOM WILSON,40272-74076:WARREN FOEGELE,40272-15356:DOUGIE HAMILTON,40272-8467:SHEA WEBER,40272-8472:PEKKA RINNE,,40272-8732:Semyon Varlamov,40272-8732,G,Semyon,Semyon Varlamov,Varlamov,22.7428567068917,7,8200,PIT@NYI,NYI,PIT,,,
1866053660,40272-231126150,$2K Thu NHL Deflection (Only $0.25 to Enter),40272-8596:Jordan Staal,40272-59120:CHRISTIAN DVORAK,40272-59207:VIKTOR ARVIDSSON,40272-12728:NINO NIEDERREITER,40272-23226:TOM WILSON,40272-74076:WARREN FOEGELE,40272-15356:DOUGIE HAMILTON,40272-8467:SHEA WEBER,40272-70635:DAVID RITTICH,,40272-62493:Artemi Panarin,40272-62493,W,Artemi,Artemi Panarin,Panarin,15.6384617732121,13,8100,NYR@CAR,NYR,CAR,,,
1866053679,40272-231126150,$2K Thu NHL Deflection (Only $0.25 to Enter),40272-42478:Bo Horvat,40272-59120:CHRISTIAN DVORAK,40272-59207:VIKTOR ARVIDSSON,40272-12728:NINO NIEDERREITER,40272-23226:TOM WILSON,40272-74076:WARREN FOEGELE,40272-15356:DOUGIE HAMILTON,40272-13981:TYSON BARRIE,40272-15400:PETR MRAZEK,,40272-66737:Mikko Rantanen,40272-66737,W,Mikko,Mikko Rantanen,Rantanen,18.2666659884983,9,8000,NSH@COL,COL,NSH,IR,Lower body,
,,,,,,,,,,,,,40272-9416:Braden Holtby,40272-9416,G,Braden,Braden Holtby,Holtby,15.3454548228871,11,8000,WSH@FLA,WSH,FLA,,,
,,,,,,,,,,,,,40272-12697:Philipp Grubauer,40272-12697,G,Philipp,Philipp Grubauer,Grubauer,19.6363636363636,11,8000,NSH@COL,COL,NSH,O,Lower body,
,,,,,,,,,,,,,40272-41393:Aleksander Barkov,40272-41393,C,Aleksander,Aleksander Barkov,Barkov,14.235714503697,14,8000,WSH@FLA,FLA,WSH,,,
,,,,,,,,,,,,,40272-15400:Petr Mrazek,40272-15400,G,Petr,Petr Mrazek,Mrazek,19.6,10,7900,NYR@CAR,CAR,NYR,,,
,,,,,,,,,,,,,40272-83235:Ilya Samsonov,40272-83235,G,Ilya,Ilya Samsonov,Samsonov,20.8000005086263,6,7900,WSH@FLA,WSH,FLA,,,
,,,,,,,,,,,,,40272-12628:Mark Stone,40272-12628,W,Mark,Mark Stone,Stone,16.4437503814697,16,7900,VGK@TOR,VGK,TOR,,,
,,,,,,,,,,,,,40272-70251:Thatcher Demko,40272-70251,G,Thatcher,Thatcher Demko,Demko,24.1600006103516,5,7900,VAN@CHI,VAN,CHI,,,
,,,,,,,,,,,,,40272-66683:Mitchell Marner,40272-66683,W,Mitchell,Mitchell Marner,Marner,15.4437503814697,16,7800,VGK@TOR,TOR,VGK,,,
,,,,,,,,,,,,,40272-43131:Malcolm Subban,40272-43131,G,Malcolm,Malcolm Subban,Subban,6.80000019073486,2,7800,VGK@TOR,VGK,TOR,,,
,,,,,,,,,,,,,40272-8532:Henrik Lundqvist,40272-8532,G,Henrik,Henrik Lundqvist,Lundqvist,19.1999991280692,7,7800,NYR@CAR,NYR,CAR,,,
,,,,,,,,,,,,,40272-8595:Evgeni Malkin,40272-8595,C,Evgeni,Evgeni Malkin,Malkin,9.52499961853027,4,7800,PIT@NYI,PIT,NYI,,,
,,,,,,,,,,,,,40272-8262:Patrick Kane,40272-8262,W,Patrick,Patrick Kane,Kane,13.5928573608398,14,7700,VAN@CHI,CHI,VAN,,,
,,,,,,,,,,,,,40272-82094:Alexandar Georgiev,40272-82094,G,Alexandar,Alexandar Georgiev,Georgiev,16.5714285714286,7,7700,NYR@CAR,NYR,CAR,,,
,,,,,,,,,,,,,40272-42868:Tristan Jarry,40272-42868,G,Tristan,Tristan Jarry,Jarry,16,4,7700,PIT@NYI,PIT,NYI,,,
,,,,,,,,,,,,,40272-40050:Antti Raanta,40272-40050,G,Antti,Antti Raanta,Raanta,18.5600006103516,5,7600,CBJ@ARI,ARI,CBJ,,,
,,,,,,,,,,,,,40272-12410:Taylor Hall,40272-12410,W,Taylor,Taylor Hall,Hall,14.3461538461538,13,7600,NJ@CGY,NJ,CGY,,,
,,,,,,,,,,,,,40272-8394:Anze Kopitar,40272-8394,C,Anze,Anze Kopitar,Kopitar,13.9533335367839,15,7600,LA@OTT,LA,OTT,,,
,,,,,,,,,,,,,40272-12283:Jacob Markstrom,40272-12283,G,Jacob,Jacob Markstrom,Markstrom,18.3199996948242,10,7600,VAN@CHI,VAN,CHI,,,
,,,,,,,,,,,,,40272-9252:Alex Stalock,40272-9252,G,Alex,Alex Stalock,Stalock,15.8000001907349,8,7500,MIN@SJ,MIN,SJ,,,
,,,,,,,,,,,,,40272-73938:Carter Hart,40272-73938,G,Carter,Carter Hart,Hart,11.5555555555556,9,7500,MON@PHI,PHI,MON,,,
,,,,,,,,,,,,,40272-52475:Evgeny Kuznetsov,40272-52475,C,Evgeny,Evgeny Kuznetsov,Kuznetsov,12.8538466233474,13,7500,WSH@FLA,WSH,FLA,,,
,,,,,,,,,,,,,40272-8556:Claude Giroux,40272-8556,C,Claude,Claude Giroux,Giroux,14.0071432931083,14,7500,MON@PHI,PHI,MON,,,
,,,,,,,,,,,,,40272-8864:Robin Lehner,40272-8864,G,Robin,Robin Lehner,Lehner,19.9111107720269,9,7500,VAN@CHI,CHI,VAN,,,
,,,,,,,,,,,,,40272-54065:Joonas Korpisalo,40272-54065,G,Joonas,Joonas Korpisalo,Korpisalo,12.8000005086263,12,7500,CBJ@ARI,CBJ,ARI,,,
,,,,,,,,,,,,,40272-9092:Evander Kane,40272-9092,W,Evander,Evander Kane,Kane,18.3307694655198,13,7500,MIN@SJ,SJ,MIN,,,
,,,,,,,,,,,,,40272-11301:Cam Talbot,40272-11301,G,Cam,Cam Talbot,Talbot,9.91999969482422,5,7400,NJ@CGY,CGY,NJ,,,
,,,,,,,,,,,,,40272-9278:Martin Jones,40272-9278,G,Martin,Martin Jones,Jones,10.3333333333333,12,7400,MIN@SJ,SJ,MIN,,,
,,,,,,,,,,,,,40272-8273:Corey Crawford,40272-8273,G,Corey,Corey Crawford,Crawford,11.5999997456868,6,7400,VAN@CHI,CHI,VAN,,,
,,,,,,,,,,,,,40272-83213:Pavel Francouz,40272-83213,G,Pavel,Pavel Francouz,Francouz,20,4,7400,NSH@COL,COL,NSH,,,
,,,,,,,,,,,,,40272-39253:Filip Forsberg,40272-39253,W,Filip,Filip Forsberg,Forsberg,19.3666670057509,9,7400,NSH@COL,NSH,COL,,,
,,,,,,,,,,,,,40272-8553:Brian Elliott,40272-8553,G,Brian,Brian Elliott,Elliott,12.8000001907349,8,7400,MON@PHI,PHI,MON,,,
,,,,,,,,,,,,,40272-14183:Keith Kinkaid,40272-14183,G,Keith,Keith Kinkaid,Kinkaid,11.7333335876465,3,7400,MON@PHI,MON,PHI,,,
,,,,,,,,,,,,,40272-66411:Juuse Saros,40272-66411,G,Juuse,Juuse Saros,Saros,9.91999969482422,5,7400,NSH@COL,NSH,COL,,,
,,,,,,,,,,,,,40272-70571:Jake Guentzel,40272-70571,W,Jake,Jake Guentzel,Guentzel,14.6266662597656,15,7400,PIT@NYI,PIT,NYI,,,
,,,,,,,,,,,,,40272-79857:Brock Boeser,40272-79857,W,Brock,Brock Boeser,Boeser,15.6466664632161,15,7400,VAN@CHI,VAN,CHI,,,
,,,,,,,,,,,,,40272-14468:Anders Nilsson,40272-14468,G,Anders,Anders Nilsson,Nilsson,19.5999997456868,6,7300,LA@OTT,OTT,LA,,,
,,,,,,,,,,,,,40272-66744:MacKenzie Blackwood,40272-66744,G,MacKenzie,MacKenzie Blackwood,Blackwood,13.3333333333333,9,7300,NJ@CGY,NJ,CGY,,,
,,,,,,,,,,,,,40272-54514:Johnny Gaudreau,40272-54514,W,Johnny,Johnny Gaudreau,Gaudreau,12.4055557250977,18,7300,NJ@CGY,CGY,NJ,,,
,,,,,,,,,,,,,40272-8494:John Tavares,40272-8494,C,John,John Tavares,Tavares,10.8666670057509,9,7300,VGK@TOR,TOR,VGK,,,
,,,,,,,,,,,,,40272-12619:Jack Campbell,40272-12619,G,Jack,Jack Campbell,Campbell,12.1333338419596,6,7300,LA@OTT,LA,OTT,,,
,,,,,,,,,,,,,40272-84409:Elias Pettersson,40272-84409,C,Elias,Elias Pettersson,Pettersson,17.1533325195313,15,7300,VAN@CHI,VAN,CHI,,,
,,,,,,,,,,,,,40272-58904:Aaron Dell,40272-58904,G,Aaron,Aaron Dell,Dell,9.59999974568685,6,7300,MIN@SJ,SJ,MIN,,,
,,,,,,,,,,,,,40272-8920:Devan Dubnyk,40272-8920,G,Devan,Devan Dubnyk,Dubnyk,9.15555572509766,9,7300,MIN@SJ,MIN,SJ,,,
,,,,,,,,,,,,,40272-15306:Brendan Gallagher,40272-15306,W,Brendan,Brendan Gallagher,Gallagher,16.2666666666667,15,7300,MON@PHI,MON,PHI,,,
,,,,,,,,,,,,,40272-11294:Michael Hutchinson,40272-11294,G,Michael,Michael Hutchinson,Hutchinson,7.68000030517578,5,7200,VGK@TOR,TOR,VGK,,,
,,,,,,,,,,,,,40272-66693:Sam Montembeault,40272-66693,G,Sam,Sam Montembeault,Montembeault,12,4,7200,WSH@FLA,FLA,WSH,,,
,,,,,,,,,,,,,40272-8412:Jonathan Quick,40272-8412,G,Jonathan,Jonathan Quick,Quick,6.48888905843099,9,7200,LA@OTT,LA,OTT,,,
,,,,,,,,,,,,,40272-8426:Brent Burns,40272-8426,D,Brent,Brent Burns,Burns,14.4624996185303,16,7200,MIN@SJ,SJ,MIN,,,
,,,,,,,,,,,,,40272-42782:Oscar Dansk,40272-42782,G,Oscar,Oscar Dansk,Dansk,0.800000011920929,1,7200,VGK@TOR,VGK,TOR,,,
,,,,,,,,,,,,,40272-9052:James Reimer,40272-9052,G,James,James Reimer,Reimer,14.1333338419596,6,7200,NYR@CAR,CAR,NYR,,,
,,,,,,,,,,,,,40272-15217:Jonathan Huberdeau,40272-15217,W,Jonathan,Jonathan Huberdeau,Huberdeau,17.6857147216797,14,7200,WSH@FLA,FLA,WSH,,,
,,,,,,,,,,,,,40272-14565:Mika Zibanejad,40272-14565,C,Mika,Mika Zibanejad,Zibanejad,18.0888892279731,9,7100,NYR@CAR,NYR,CAR,DTD,Upper body,
,,,,,,,,,,,,,40272-41389:Sean Monahan,40272-41389,C,Sean,Sean Monahan,Monahan,11.5,18,7100,NJ@CGY,CGY,NJ,,,
,,,,,,,,,,,,,40272-103103:Elvis Merzlikins,40272-103103,G,Elvis,Elvis Merzlikins,Merzlikins,7,4,7100,CBJ@ARI,CBJ,ARI,,,
,,,,,,,,,,,,,40272-9015:John Carlson,40272-9015,D,John,John Carlson,Carlson,20.7687492370605,16,7100,WSH@FLA,WSH,FLA,,,
,,,,,,,,,,,,,40272-66599:Zane McIntyre,40272-66599,G,Zane,Zane McIntyre,McIntyre,0,0,7000,VAN@CHI,VAN,CHI,,,
,,,,,,,,,,,,,40272-68647:Charlie Lindgren,40272-68647,G,Charlie,Charlie Lindgren,Lindgren,27.2000007629395,1,7000,MON@PHI,MON,PHI,,,
,,,,,,,,,,,,,40272-66612:Adin Hill,40272-66612,G,Adin,Adin Hill,Hill,15.0769230769231,13,7000,CBJ@ARI,ARI,CBJ,,,
,,,,,,,,,,,,,40272-82001:Collin Delia,40272-82001,G,Collin,Collin Delia,Delia,16.75,16,7000,VAN@CHI,CHI,VAN,,,
,,,,,,,,,,,,,40272-9302:Michal Neuvirth,40272-9302,G,Michal,Michal Neuvirth,Neuvirth,4.91428593226842,7,7000,VGK@TOR,TOR,VGK,,,
,,,,,,,,,,,,,40272-8292:Craig Anderson,40272-8292,G,Craig,Craig Anderson,Anderson,11.4666663275825,9,7000,LA@OTT,OTT,LA,,,
,,,,,,,,,,,,,40272-14483:Louis Domingue,40272-14483,G,Louis,Louis Domingue,Domingue,20.8307682917668,26,7000,NJ@CGY,NJ,CGY,,,
,,,,,,,,,,,,,40272-73946:Sebastian Aho,40272-73946,C,Sebastian,Sebastian Aho,Aho,12.5200002034505,15,7000,NYR@CAR,CAR,NYR,,,
,,,,,,,,,,,,,40272-8441:Max Pacioretty,40272-8441,W,Max,Max Pacioretty,Pacioretty,14.8687496185303,16,7000,VGK@TOR,VGK,TOR,,,
,,,,,,,,,,,,,40272-74064:Casey DeSmith,40272-74064,G,Casey,Casey DeSmith,DeSmith,17.3555552164714,36,7000,PIT@NYI,PIT,NYI,,,
,,,,,,,,,,,,,40272-14697:Gabriel Landeskog,40272-14697,W,Gabriel,Gabriel Landeskog,Landeskog,10.9272724498402,11,7000,NSH@COL,COL,NSH,IR,Lower body,
,,,,,,,,,,,,,40272-8682:Phil Kessel,40272-8682,W,Phil,Phil Kessel,Kessel,10.959999593099,15,7000,CBJ@ARI,ARI,CBJ,,,
,,,,,,,,,,,,,40272-8781:Cory Schneider,40272-8781,G,Cory,Cory Schneider,Schneider,1.92000007629395,5,7000,NJ@CGY,NJ,CGY,,,
,,,,,,,,,,,,,40272-54028:Pheonix Copley,40272-54028,G,Pheonix,Pheonix Copley,Copley,17.2444446705006,27,7000,WSH@FLA,WSH,FLA,,,
,,,,,,,,,,,,,40272-59226:Alex Nedeljkovic,40272-59226,G,Alex,Alex Nedeljkovic,Nedeljkovic,23.2000007629395,1,7000,NYR@CAR,CAR,NYR,,,
,,,,,,,,,,,,,40272-15258:Garret Sparks,40272-15258,G,Garret,Garret Sparks,Sparks,1.60000002384186,1,7000,VGK@TOR,VGK,TOR,,,
,,,,,,,,,,,,,40272-70904:Matthew Tkachuk,40272-70904,W,Matthew,Matthew Tkachuk,Tkachuk,15.2666659884983,18,6900,NJ@CGY,CGY,NJ,,,
,,,,,,,,,,,,,40272-59207:Viktor Arvidsson,40272-59207,W,Viktor,Viktor Arvidsson,Arvidsson,11.1933329264323,15,6900,NSH@COL,NSH,COL,,,
,,,,,,,,,,,,,40272-15308:Sean Couturier,40272-15308,C,Sean,Sean Couturier,Couturier,11.8785716465541,14,6900,MON@PHI,PHI,MON,,,
,,,,,,,,,,,,,40272-8275:Matt Duchene,40272-8275,C,Matt,Matt Duchene,Duchene,13.1714281354632,14,6800,NSH@COL,NSH,COL,,,
,,,,,,,,,,,,,40272-14056:Cam Atkinson,40272-14056,W,Cam,Cam Atkinson,Atkinson,11.8866668701172,15,6800,CBJ@ARI,CBJ,ARI,,,
,,,,,,,,,,,,,40272-39238:Anders Lee,40272-39238,W,Anders,Anders Lee,Lee,10.4571424211775,14,6700,PIT@NYI,NYI,PIT,,,
,,,,,,,,,,,,,40272-12262:Roman Josi,40272-12262,D,Roman,Roman Josi,Josi,17.740000406901,15,6700,NSH@COL,NSH,COL,,,
,,,,,,,,,,,,,40272-39990:William Karlsson,40272-39990,C,William,William Karlsson,Karlsson,14.4937496185303,16,6600,VGK@TOR,VGK,TOR,,,
,,,,,,,,,,,,,40272-40036:Tomas Hertl,40272-40036,C,Tomas,Tomas Hertl,Hertl,13.1312503814697,16,6600,MIN@SJ,SJ,MIN,,,
,,,,,,,,,,,,,40272-8303:Jakub Voracek,40272-8303,W,Jakub,Jakub Voracek,Voracek,11.3785716465541,14,6600,MON@PHI,PHI,MON,,,
,,,,,,,,,,,,,40272-41390:Elias Lindholm,40272-41390,W,Elias,Elias Lindholm,Lindholm,14.8333333333333,18,6600,NJ@CGY,CGY,NJ,,,
,,,,,,,,,,,,,40272-15356:Dougie Hamilton,40272-15356,D,Dougie,Dougie Hamilton,Hamilton,17.2933329264323,15,6500,NYR@CAR,CAR,NYR,,,
,,,,,,,,,,,,,40272-8234:Eric Staal,40272-8234,C,Eric,Eric Staal,Staal,10.7133331298828,15,6400,MIN@SJ,MIN,SJ,,,
,,,,,,,,,,,,,40272-9269:Logan Couture,40272-9269,C,Logan,Logan Couture,Couture,10.1312503814697,16,6400,MIN@SJ,SJ,MIN,,,
,,,,,,,,,,,,,40272-37968:Jonathan Marchessault,40272-37968,W,Jonathan,Jonathan Marchessault,Marchessault,11.5749998092651,16,6400,VGK@TOR,VGK,TOR,,,
,,,,,,,,,,,,,40272-9321:Tomas Tatar,40272-9321,W,Tomas,Tomas Tatar,Tatar,13.3066670735677,15,6400,MON@PHI,MON,PHI,,,
,,,,,,,,,,,,,40272-66685:Mathew Barzal,40272-66685,C,Mathew,Mathew Barzal,Barzal,13.0642852783203,14,6400,PIT@NYI,NYI,PIT,,,
,,,,,,,,,,,,,40272-12644:Kyle Palmieri,40272-12644,W,Kyle,Kyle Palmieri,Palmieri,13.0769230769231,13,6400,NJ@CGY,NJ,CGY,,,
,,,,,,,,,,,,,40272-8608:Kris Letang,40272-8608,D,Kris,Kris Letang,Letang,15.140000406901,15,6400,PIT@NYI,PIT,NYI,O,Lower body,
,,,,,,,,,,,,,40272-8875:Evgenii Dadonov,40272-8875,W,Evgenii,Evgenii Dadonov,Dadonov,12.5642852783203,14,6400,WSH@FLA,FLA,WSH,,,
,,,,,,,,,,,,,40272-37881:Morgan Rielly,40272-37881,D,Morgan,Morgan Rielly,Rielly,14.1750001907349,16,6400,VGK@TOR,TOR,VGK,,,
,,,,,,,,,,,,,40272-43178:Teuvo Teravainen,40272-43178,W,Teuvo,Teuvo Teravainen,Teravainen,12.6333333333333,15,6300,NYR@CAR,CAR,NYR,,,
,,,,,,,,,,,,,40272-8551:Erik Karlsson,40272-8551,D,Erik,Erik Karlsson,Karlsson,10.5333333333333,15,6300,MIN@SJ,SJ,MIN,,,
,,,,,,,,,,,,,40272-8635:T.J. Oshie,40272-8635,W,T.J.,T.J. Oshie,Oshie,12.5249996185303,16,6300,WSH@FLA,WSH,FLA,,,
,,,,,,,,,,,,,40272-85470:Andrei Svechnikov,40272-85470,W,Andrei,Andrei Svechnikov,Svechnikov,14.9200002034505,15,6200,NYR@CAR,CAR,NYR,,,
,,,,,,,,,,,,,40272-42478:Bo Horvat,40272-42478,C,Bo,Bo Horvat,Horvat,14.6333333333333,15,6200,VAN@CHI,VAN,CHI,,,
,,,,,,,,,,,,,40272-15283:Vincent Trocheck,40272-15283,C,Vincent,Vincent Trocheck,Trocheck,14.0124998092651,8,6200,WSH@FLA,FLA,WSH,O,Lower body,
,,,,,,,,,,,,,40272-66508:Travis Konecny,40272-66508,W,Travis,Travis Konecny,Konecny,15.1285716465541,14,6200,MON@PHI,PHI,MON,,,
,,,,,,,,,,,,,40272-15360:J.T. Miller,40272-15360,W,J.T.,J.T. Miller,Miller,15.3133331298828,15,6100,VAN@CHI,VAN,CHI,,,
,,,,,,,,,,,,,40272-8254:Jonathan Toews,40272-8254,C,Jonathan,Jonathan Toews,Toews,8.11428560529436,14,6100,VAN@CHI,CHI,VAN,,,
,,,,,,,,,,,,,40272-73885:Alex DeBrincat,40272-73885,W,Alex,Alex DeBrincat,DeBrincat,11.8785716465541,14,6100,VAN@CHI,CHI,VAN,,,
,,,,,,,,,,,,,40272-8402:Dustin Brown,40272-8402,W,Dustin,Dustin Brown,Brown,10.4333333333333,15,6100,LA@OTT,LA,OTT,,,
,,,,,,,,,,,,,40272-41592:Max Domi,40272-41592,C,Max,Max Domi,Domi,11.3333333333333,15,6100,MON@PHI,MON,PHI,,,
,,,,,,,,,,,,,40272-8230:Mark Giordano,40272-8230,D,Mark,Mark Giordano,Giordano,13.7999996609158,18,6000,NJ@CGY,CGY,NJ,,,
,,,,,,,,,,,,,40272-41394:Seth Jones,40272-41394,D,Seth,Seth Jones,Jones,11.1799997965495,15,6000,CBJ@ARI,CBJ,ARI,,,
,,,,,,,,,,,,,40272-8714:Nicklas Backstrom,40272-8714,C,Nicklas,Nicklas Backstrom,Backstrom,11.3874998092651,16,5900,WSH@FLA,WSH,FLA,,,
,,,,,,,,,,,,,40272-9259:Mike Hoffman,40272-9259,W,Mike,Mike Hoffman,Hoffman,12.4071426391602,14,5800,WSH@FLA,FLA,WSH,,,
,,,,,,,,,,,,,40272-8406:Drew Doughty,40272-8406,D,Drew,Drew Doughty,Doughty,14,15,5800,LA@OTT,LA,OTT,,,
,,,,,,,,,,,,,40272-8495:Josh Bailey,40272-8495,W,Josh,Josh Bailey,Bailey,11.6500004359654,14,5800,PIT@NYI,NYI,PIT,,,
,,,,,,,,,,,,,40272-58985:Jakub Vrana,40272-58985,W,Jakub,Jakub Vrana,Vrana,14.34375,16,5800,WSH@FLA,WSH,FLA,,,
,,,,,,,,,,,,,40272-12253:Mats Zuccarello,40272-12253,W,Mats,Mats Zuccarello,Zuccarello,8.30909104780717,11,5800,MIN@SJ,MIN,SJ,,,
,,,,,,,,,,,,,40272-21689:Reilly Smith,40272-21689,W,Reilly,Reilly Smith,Smith,14.15625,16,5700,VGK@TOR,VGK,TOR,,,
,,,,,,,,,,,,,40272-70905:Clayton Keller,40272-70905,W,Clayton,Clayton Keller,Keller,10.2333333333333,15,5700,CBJ@ARI,ARI,CBJ,,,
,,,,,,,,,,,,,40272-12592:Ryan Johansen,40272-12592,C,Ryan,Ryan Johansen,Johansen,9.58666687011719,15,5700,NSH@COL,NSH,COL,,,
,,,,,,,,,,,,,40272-8765:Patric Hornqvist,40272-8765,W,Patric,Patric Hornqvist,Hornqvist,13.1571426391602,14,5700,PIT@NYI,PIT,NYI,IR,Lower body,
,,,,,,,,,,,,,40272-9079:Keith Yandle,40272-9079,D,Keith,Keith Yandle,Yandle,9.87142835344587,14,5700,WSH@FLA,FLA,WSH,,,
,,,,,,,,,,,,,40272-70901:Pierre-Luc Dubois,40272-70901,C,Pierre-Luc,Pierre-Luc Dubois,Dubois,12.3666666666667,15,5600,CBJ@ARI,CBJ,ARI,,,
,,,,,,,,,,,,,40272-8467:Shea Weber,40272-8467,D,Shea,Shea Weber,Weber,12.440000406901,15,5600,MON@PHI,MON,PHI,,,
,,,,,,,,,,,,,40272-59276:William Nylander,40272-59276,W,William,William Nylander,Nylander,10.4937496185303,16,5600,VGK@TOR,TOR,VGK,,,
,,,,,,,,,,,,,40272-15386:Ryan Strome,40272-15386,C,Ryan,Ryan Strome,Strome,13.2615379920373,13,5500,NYR@CAR,NYR,CAR,,,
,,,,,,,,,,,,,40272-8709:Alexander Edler,40272-8709,D,Alexander,Alexander Edler,Edler,14.5533335367839,15,5500,VAN@CHI,VAN,CHI,,,
,,,,,,,,,,,,,40272-9025:Jordan Eberle,40272-9025,W,Jordan,Jordan Eberle,Eberle,8.84000015258789,5,5500,PIT@NYI,NYI,PIT,IR,Lower body,
,,,,,,,,,,,,,40272-8478:Zach Parise,40272-8478,W,Zach,Zach Parise,Parise,7.5,15,5400,MIN@SJ,MIN,SJ,,,
,,,,,,,,,,,,,40272-39269:Erik Haula,40272-39269,C,Erik,Erik Haula,Haula,12.8642861502511,14,5400,NYR@CAR,CAR,NYR,O,Knee,
,,,,,,,,,,,,,40272-58990:Kevin Hayes,40272-58990,C,Kevin,Kevin Hayes,Hayes,10.235714503697,14,5400,MON@PHI,PHI,MON,,,
,,,,,,,,,,,,,40272-68640:Zach Werenski,40272-68640,D,Zach,Zach Werenski,Werenski,10.1466664632161,15,5300,CBJ@ARI,CBJ,ARI,,,
,,,,,,,,,,,,,40272-66690:Timo Meier,40272-66690,W,Timo,Timo Meier,Meier,9.38125038146973,16,5300,MIN@SJ,SJ,MIN,,,
,,,,,,,,,,,,,40272-66759:Thomas Chabot,40272-66759,D,Thomas,Thomas Chabot,Chabot,12.5857140677316,14,5300,LA@OTT,OTT,LA,,,
,,,,,,,,,,,,,40272-39245:Jacob Trouba,40272-39245,D,Jacob,Jacob Trouba,Trouba,13.2538463885968,13,5300,NYR@CAR,NYR,CAR,,,
,,,,,,,,,,,,,40272-21897:Brock Nelson,40272-21897,C,Brock,Brock Nelson,Nelson,12.6428571428571,14,5300,PIT@NYI,NYI,PIT,,,
,,,,,,,,,,,,,40272-62869:Andreas Johnsson,40272-62869,W,Andreas,Andreas Johnsson,Johnsson,10.4937496185303,16,5300,VGK@TOR,TOR,VGK,,,
,,,,,,,,,,,,,40272-21927:Chris Kreider,40272-21927,W,Chris,Chris Kreider,Kreider,9.73846142108624,13,5300,NYR@CAR,NYR,CAR,,,
,,,,,,,,,,,,,40272-42417:Jonathan Drouin,40272-42417,W,Jonathan,Jonathan Drouin,Drouin,12.7066670735677,15,5300,MON@PHI,MON,PHI,,,
,,,,,,,,,,,,,40272-8797:James van Riemsdyk,40272-8797,W,James,James van Riemsdyk,van Riemsdyk,11.1785714285714,14,5300,MON@PHI,PHI,MON,,,
,,,,,,,,,,,,,40272-70513:Pavel Buchnevich,40272-70513,W,Pavel,Pavel Buchnevich,Buchnevich,10.2076920729417,13,5300,NYR@CAR,NYR,CAR,,,
,,,,,,,,,,,,,40272-97147:Brady Tkachuk,40272-97147,W,Brady,Brady Tkachuk,Tkachuk,12.6857147216797,14,5300,LA@OTT,OTT,LA,,,
,,,,,,,,,,,,,40272-15277:Phillip Danault,40272-15277,C,Phillip,Phillip Danault,Danault,9.22666625976563,15,5300,MON@PHI,MON,PHI,,,
,,,,,,,,,,,,,40272-12244:Oliver Ekman-Larsson,40272-12244,D,Oliver,Oliver Ekman-Larsson,Ekman-Larsson,9.63333333333333,15,5300,CBJ@ARI,ARI,CBJ,,,
,,,,,,,,,,,,,40272-21686:Jason Zucker,40272-21686,W,Jason,Jason Zucker,Zucker,9.62666625976562,15,5200,MIN@SJ,MIN,SJ,,,
,,,,,,,,,,,,,40272-12728:Nino Niederreiter,40272-12728,W,Nino,Nino Niederreiter,Niederreiter,7.42666676839193,15,5200,NYR@CAR,CAR,NYR,,,
,,,,,,,,,,,,,40272-13982:Gustav Nyquist,40272-13982,W,Gustav,Gustav Nyquist,Nyquist,8.85333353678385,15,5200,CBJ@ARI,CBJ,ARI,,,
,,,,,,,,,,,,,40272-8555:Jeff Carter,40272-8555,W,Jeff,Jeff Carter,Carter,10.559999593099,15,5100,LA@OTT,LA,OTT,,,
,,,,,,,,,,,,,40272-12812:Jared Spurgeon,40272-12812,D,Jared,Jared Spurgeon,Spurgeon,10.2,15,5100,MIN@SJ,MIN,SJ,,,
,,,,,,,,,,,,,40272-8274:Paul Stastny,40272-8274,C,Paul,Paul Stastny,Stastny,9.63749980926514,16,5000,VGK@TOR,VGK,TOR,,,
,,,,,,,,,,,,,40272-73889:Nick Schmaltz,40272-73889,C,Nick,Nick Schmaltz,Schmaltz,11.6200002034505,15,5000,CBJ@ARI,ARI,CBJ,,,
,,,,,,,,,,,,,40272-23041:Mikael Granlund,40272-23041,W,Mikael,Mikael Granlund,Granlund,7.14666646321615,15,5000,NSH@COL,NSH,COL,,,
,,,,,,,,,,,,,40272-58891:Kevin Labanc,40272-58891,W,Kevin,Kevin Labanc,Labanc,9.91250038146973,16,5000,MIN@SJ,SJ,MIN,,,
,,,,,,,,,,,,,40272-9083:Ryan Ellis,40272-9083,D,Ryan,Ryan Ellis,Ellis,14.1799997965495,15,5000,NSH@COL,NSH,COL,,,
,,,,,,,,,,,,,40272-66511:Ivan Provorov,40272-66511,D,Ivan,Ivan Provorov,Provorov,11.5857140677316,14,5000,MON@PHI,PHI,MON,,,
,,,,,,,,,,,,,40272-8294:Derick Brassard,40272-8294,W,Derick,Derick Brassard,Brassard,9.08571406773159,14,4900,PIT@NYI,NYI,PIT,,,
,,,,,,,,,,,,,40272-66680:Jaccob Slavin,40272-66680,D,Jaccob,Jaccob Slavin,Slavin,12.2666666666667,15,4900,NYR@CAR,CAR,NYR,,,
,,,,,,,,,,,,,40272-8741:Nazem Kadri,40272-8741,C,Nazem,Nazem Kadri,Kadri,10.1066670735677,15,4900,NSH@COL,COL,NSH,,,
,,,,,,,,,,,,,40272-23233:Alex Galchenyuk,40272-23233,W,Alex,Alex Galchenyuk,Galchenyuk,8.34999974568685,6,4900,PIT@NYI,PIT,NYI,,,
,,,,,,,,,,,,,40272-80991:Nico Hischier,40272-80991,C,Nico,Nico Hischier,Hischier,10.0818183205344,11,4800,NJ@CGY,NJ,CGY,,,
,,,,,,,,,,,,,40272-12448:Derek Stepan,40272-12448,C,Derek,Derek Stepan,Stepan,7.96000010172526,15,4800,CBJ@ARI,ARI,CBJ,,,
,,,,,,,,,,,,,40272-8414:Mikko Koivu,40272-8414,C,Mikko,Mikko Koivu,Koivu,8.12000020345052,15,4800,MIN@SJ,MIN,SJ,,,
,,,,,,,,,,,,,40272-54521:Shayne Gostisbehere,40272-54521,D,Shayne,Shayne Gostisbehere,Gostisbehere,7.70714296613421,14,4800,MON@PHI,PHI,MON,,,
,,,,,,,,,,,,,40272-55607:Aaron Ekblad,40272-55607,D,Aaron,Aaron Ekblad,Ekblad,11.4153841458834,13,4800,WSH@FLA,FLA,WSH,,,
,,,,,,,,,,,,,40272-8539:Nick Foligno,40272-8539,W,Nick,Nick Foligno,Foligno,7.79333343505859,15,4800,CBJ@ARI,CBJ,ARI,,,
,,,,,,,,,,,,,40272-8596:Jordan Staal,40272-8596,C,Jordan,Jordan Staal,Staal,6.43333333333333,15,4800,NYR@CAR,CAR,NYR,,,
,,,,,,,,,,,,,40272-70279:J.T. Compher,40272-70279,W,J.T.,J.T. Compher,Compher,8.97499974568685,12,4800,NSH@COL,COL,NSH,,,
,,,,,,,,,,,,,40272-111471:Kaapo Kakko,40272-111471,W,Kaapo,Kaapo Kakko,Kakko,6.82307668832632,13,4800,NYR@CAR,NYR,CAR,,,
,,,,,,,,,,,,,40272-111493:Jack Hughes,40272-111493,C,Jack,Jack Hughes,Hughes,8.95384627122145,13,4800,NJ@CGY,NJ,CGY,,,
,,,,,,,,,,,,,40272-9107:P.K. Subban,40272-9107,D,P.K.,P.K. Subban,Subban,8.98461561936599,13,4800,NJ@CGY,NJ,CGY,,,
,,,,,,,,,,,,,40272-8266:Duncan Keith,40272-8266,D,Duncan,Duncan Keith,Keith,9.46428571428571,14,4700,VAN@CHI,CHI,VAN,,,
,,,,,,,,,,,,,40272-43093:Shea Theodore,40272-43093,D,Shea,Shea Theodore,Theodore,8.67500019073486,16,4700,VGK@TOR,VGK,TOR,,,
,,,,,,,,,,,,,40272-103523:Cale Makar,40272-103523,D,Cale,Cale Makar,Makar,11.2733337402344,15,4700,NSH@COL,COL,NSH,,,
,,,,,,,,,,,,,40272-54503:Ryan Dzingel,40272-54503,W,Ryan,Ryan Dzingel,Dzingel,9.4,15,4700,NYR@CAR,CAR,NYR,,,
,,,,,,,,,,,,,40272-12624:Tyler Toffoli,40272-12624,W,Tyler,Tyler Toffoli,Toffoli,8.62857164655413,14,4700,LA@OTT,LA,OTT,,,
,,,,,,,,,,,,,40272-80475:Oskar Lindblom,40272-80475,W,Oskar,Oskar Lindblom,Lindblom,12.735714503697,14,4700,MON@PHI,PHI,MON,,,
,,,,,,,,,,,,,40272-9990:Lars Eller,40272-9990,C,Lars,Lars Eller,Eller,11.0375003814697,16,4700,WSH@FLA,WSH,FLA,,,
,,,,,,,,,,,,,40272-11204:Jake Muzzin,40272-11204,D,Jake,Jake Muzzin,Muzzin,10.8533335367839,15,4700,VGK@TOR,TOR,VGK,,,
,,,,,,,,,,,,,40272-9189:Mikael Backlund,40272-9189,C,Mikael,Mikael Backlund,Backlund,6.3999998304579,18,4700,NJ@CGY,CGY,NJ,,,
,,,,,,,,,,,,,40272-8466:Ryan Suter,40272-8466,D,Ryan,Ryan Suter,Suter,8.63333333333333,15,4600,MIN@SJ,MIN,SJ,,,
,,,,,,,,,,,,,40272-8611:Alex Goligoski,40272-8611,D,Alex,Alex Goligoski,Goligoski,11.2799997965495,15,4600,CBJ@ARI,ARI,CBJ,,,
,,,,,,,,,,,,,40272-58928:Tony DeAngelo,40272-58928,D,Tony,Tony DeAngelo,DeAngelo,12.8923081618089,13,4600,NYR@CAR,NYR,CAR,,,
,,,,,,,,,,,,,40272-23228:Justin Schultz,40272-23228,D,Justin,Justin Schultz,Schultz,10.1799997965495,15,4600,PIT@NYI,PIT,NYI,,,
,,,,,,,,,,,,,40272-42773:Oliver Bjorkstrand,40272-42773,W,Oliver,Oliver Bjorkstrand,Bjorkstrand,8.51333312988281,15,4600,CBJ@ARI,CBJ,ARI,,,
,,,,,,,,,,,,,40272-42833:Andre Burakovsky,40272-42833,W,Andre,Andre Burakovsky,Burakovsky,9.98666687011719,15,4600,NSH@COL,COL,NSH,,,
,,,,,,,,,,,,,40272-15280:Brandon Saad,40272-15280,W,Brandon,Brandon Saad,Saad,9.51428549630301,14,4600,VAN@CHI,CHI,VAN,,,
,,,,,,,,,,,,,40272-39870:Tanner Pearson,40272-39870,W,Tanner,Tanner Pearson,Pearson,9.63333333333333,15,4600,VAN@CHI,VAN,CHI,,,
,,,,,,,,,,,,,40272-8158:Ilya Kovalchuk,40272-8158,W,Ilya,Ilya Kovalchuk,Kovalchuk,9.32666625976563,15,4600,LA@OTT,LA,OTT,,,
,,,,,,,,,,,,,40272-79898:Colin White,40272-79898,C,Colin,Colin White,White,5.69999980926514,8,4500,LA@OTT,OTT,LA,O,Hip,
,,,,,,,,,,,,,40272-66686:Anthony Beauvillier,40272-66686,W,Anthony,Anthony Beauvillier,Beauvillier,8.86428560529436,14,4500,PIT@NYI,NYI,PIT,,,
,,,,,,,,,,,,,40272-58686:Kasperi Kapanen,40272-58686,W,Kasperi,Kasperi Kapanen,Kapanen,8.68124961853027,16,4500,VGK@TOR,TOR,VGK,,,
,,,,,,,,,,,,,40272-70199:Devon Toews,40272-70199,D,Devon,Devon Toews,Toews,10.8142852783203,14,4500,PIT@NYI,NYI,PIT,,,
,,,,,,,,,,,,,40272-23226:Tom Wilson,40272-23226,W,Tom,Tom Wilson,Wilson,12.46875,16,4500,WSH@FLA,WSH,FLA,,,
,,,,,,,,,,,,,40272-15251:Boone Jenner,40272-15251,C,Boone,Boone Jenner,Jenner,8.32000020345052,15,4500,CBJ@ARI,CBJ,ARI,,,
,,,,,,,,,,,,,40272-15255:Josh Leivo,40272-15255,W,Josh,Josh Leivo,Leivo,8.56666666666667,15,4500,VAN@CHI,VAN,CHI,,,
,,,,,,,,,,,,,40272-15313:Vladislav Namestnikov,40272-15313,W,Vladislav,Vladislav Namestnikov,Namestnikov,12.2999997820173,14,4500,LA@OTT,OTT,LA,,,
,,,,,,,,,,,,,40272-42983:Joel Armia,40272-42983,W,Joel,Joel Armia,Armia,12.7000004695012,13,4500,MON@PHI,MON,PHI,,,
,,,,,,,,,,,,,40272-43022:Connor Brown,40272-43022,W,Connor,Connor Brown,Brown,11.8071430751256,14,4400,LA@OTT,OTT,LA,,,
,,,,,,,,,,,,,40272-8237:Brandon Sutter,40272-8237,C,Brandon,Brandon Sutter,Sutter,10.2933329264323,15,4400,VAN@CHI,VAN,CHI,,,
,,,,,,,,,,,,,40272-62783:Joonas Donskoi,40272-62783,W,Joonas,Joonas Donskoi,Donskoi,8.97333374023438,15,4400,NSH@COL,COL,NSH,,,
,,,,,,,,,,,,,40272-12609:Zach Hyman,40272-12609,W,Zach,Zach Hyman,Hyman,9.95492940553477,71,4400,VGK@TOR,TOR,VGK,O,Knee,
,,,,,,,,,,,,,40272-39243:Nate Schmidt,40272-39243,D,Nate,Nate Schmidt,Schmidt,11,4,4400,VGK@TOR,VGK,TOR,,,
,,,,,,,,,,,,,40272-65969:Dylan Strome,40272-65969,C,Dylan,Dylan Strome,Strome,8.28571428571429,14,4400,VAN@CHI,CHI,VAN,,,
,,,,,,,,,,,,,40272-70168:Alex Tuch,40272-70168,W,Alex,Alex Tuch,Tuch,8.39999961853027,2,4400,VGK@TOR,VGK,TOR,O,Upper body,
,,,,,,,,,,,,,40272-13981:Tyson Barrie,40272-13981,D,Tyson,Tyson Barrie,Barrie,7.93125009536743,16,4400,VGK@TOR,TOR,VGK,,,
,,,,,,,,,,,,,40272-11122:Nick Bonino,40272-11122,C,Nick,Nick Bonino,Bonino,13.9,15,4400,NSH@COL,NSH,COL,,,
,,,,,,,,,,,,,40272-101277:Quinn Hughes,40272-101277,D,Quinn,Quinn Hughes,Hughes,9.65714263916016,14,4400,VAN@CHI,VAN,CHI,,,
,,,,,,,,,,,,,40272-15287:Jean-Gabriel Pageau,40272-15287,C,Jean-Gabriel,Jean-Gabriel Pageau,Pageau,13.4285714285714,14,4400,LA@OTT,OTT,LA,,,
,,,,,,,,,,,,,40272-82004:Cody Glass,40272-82004,W,Cody,Cody Glass,Glass,6.94374990463257,16,4300,VGK@TOR,VGK,TOR,,,
,,,,,,,,,,,,,40272-66674:Dominik Simon,40272-66674,W,Dominik,Dominik Simon,Simon,9.17333374023437,15,4300,PIT@NYI,PIT,NYI,,,
,,,,,,,,,,,,,40272-14456:Mattias Ekholm,40272-14456,D,Mattias,Mattias Ekholm,Ekholm,11.7333333333333,15,4300,NSH@COL,NSH,COL,,,
,,,,,,,,,,,,,40272-14474:Sami Vatanen,40272-14474,D,Sami,Sami Vatanen,Vatanen,11.3153850848858,13,4300,NJ@CGY,NJ,CGY,,,
,,,,,,,,,,,,,40272-43200:Ryan Pulock,40272-43200,D,Ryan,Ryan Pulock,Pulock,9.14285714285714,14,4300,PIT@NYI,NYI,PIT,,,
,,,,,,,,,,,,,40272-104140:Ilya Mikheyev,40272-104140,W,Ilya,Ilya Mikheyev,Mikheyev,11,16,4300,VGK@TOR,TOR,VGK,,,
,,,,,,,,,,,,,40272-15239:Craig Smith,40272-15239,W,Craig,Craig Smith,Smith,7.09333343505859,15,4300,NSH@COL,NSH,COL,,,
,,,,,,,,,,,,,40272-11170:Nick Leddy,40272-11170,D,Nick,Nick Leddy,Leddy,9.5,11,4300,PIT@NYI,NYI,PIT,O,Lower body,
,,,,,,,,,,,,,40272-11201:Jeff Petry,40272-11201,D,Jeff,Jeff Petry,Petry,12.1866668701172,15,4300,MON@PHI,MON,PHI,,,
,,,,,,,,,,,,,40272-43120:Anthony Duclair,40272-43120,W,Anthony,Anthony Duclair,Duclair,11.4071426391602,14,4200,LA@OTT,OTT,LA,,,
,,,,,,,,,,,,,40272-12449:Brett Connolly,40272-12449,W,Brett,Brett Connolly,Connolly,10.6071428571429,14,4200,WSH@FLA,FLA,WSH,,,
,,,,,,,,,,,,,40272-8404:Wayne Simmonds,40272-8404,W,Wayne,Wayne Simmonds,Simmonds,9.49230780968299,13,4200,NJ@CGY,NJ,CGY,,,
,,,,,,,,,,,,,40272-82179:Alexander Kerfoot,40272-82179,C,Alexander,Alexander Kerfoot,Kerfoot,8.3125,16,4200,VGK@TOR,TOR,VGK,,,
,,,,,,,,,,,,,40272-8516:Artem Anisimov,40272-8516,C,Artem,Artem Anisimov,Anisimov,6,6,4200,LA@OTT,OTT,LA,,,
,,,,,,,,,,,,,40272-21926:Brian Dumoulin,40272-21926,D,Brian,Brian Dumoulin,Dumoulin,9.75454573197798,11,4200,PIT@NYI,PIT,NYI,,,
,,,,,,,,,,,,,40272-8619:Patrick Marleau,40272-8619,W,Patrick,Patrick Marleau,Marleau,9.30833307902018,12,4200,MIN@SJ,SJ,MIN,,,
,,,,,,,,,,,,,40272-59120:Christian Dvorak,40272-59120,C,Christian,Christian Dvorak,Dvorak,9.87999979654948,15,4200,CBJ@ARI,ARI,CBJ,,,
,,,,,,,,,,,,,40272-9036:Travis Hamonic,40272-9036,D,Travis,Travis Hamonic,Hamonic,6.75555547078451,18,4200,NJ@CGY,CGY,NJ,,,
,,,,,,,,,,,,,40272-97116:Jesperi Kotkaniemi,40272-97116,C,Jesperi,Jesperi Kotkaniemi,Kotkaniemi,5.77500025431315,12,4200,MON@PHI,MON,PHI,IR,Groin,
,,,,,,,,,,,,,40272-9077:Kyle Turris,40272-9077,C,Kyle,Kyle Turris,Turris,8.38666687011719,15,4200,NSH@COL,NSH,COL,,,
,,,,,,,,,,,,,40272-59271:Travis Sanheim,40272-59271,D,Travis,Travis Sanheim,Sanheim,7.02857153756278,14,4200,MON@PHI,PHI,MON,,,
,,,,,,,,,,,,,40272-15272:Micheal Ferland,40272-15272,W,Micheal,Micheal Ferland,Ferland,5.53333346048991,12,4200,VAN@CHI,VAN,CHI,IR,Concussion,
,,,,,,,,,,,,,40272-37880:Scott Laughton,40272-37880,C,Scott,Scott Laughton,Laughton,6.22222222222222,9,4200,MON@PHI,PHI,MON,IR,Finger,
,,,,,,,,,,,,,40272-43042:MacKenzie Weegar,40272-43042,D,MacKenzie,MacKenzie Weegar,Weegar,10.3428573608398,14,4100,WSH@FLA,FLA,WSH,,,
,,,,,,,,,,,,,40272-73909:Samuel Girard,40272-73909,D,Samuel,Samuel Girard,Girard,7.32000020345052,15,4100,NSH@COL,COL,NSH,,,
,,,,,,,,,,,,,40272-54743:Alexander Wennberg,40272-54743,C,Alexander,Alexander Wennberg,Wennberg,6.28666687011719,15,4100,CBJ@ARI,CBJ,ARI,,,
,,,,,,,,,,,,,40272-23061:Calle Jarnkrok,40272-23061,W,Calle,Calle Jarnkrok,Jarnkrok,11.5866668701172,15,4100,NSH@COL,NSH,COL,,,
,,,,,,,,,,,,,40272-70483:Artturi Lehkonen,40272-70483,W,Artturi,Artturi Lehkonen,Lehkonen,7.57333323160807,15,4100,MON@PHI,MON,PHI,,,
,,,,,,,,,,,,,40272-62294:Brady Skjei,40272-62294,D,Brady,Brady Skjei,Skjei,8.43076911339393,13,4100,NYR@CAR,NYR,CAR,,,
,,,,,,,,,,,,,40272-62492:Erik Gustafsson,40272-62492,D,Erik,Erik Gustafsson,Gustafsson,5.73846142108624,13,4000,VAN@CHI,CHI,VAN,,,
,,,,,,,,,,,,,40272-66622:Conor Garland,40272-66622,W,Conor,Conor Garland,Garland,12.1733337402344,15,4000,CBJ@ARI,ARI,CBJ,,,
,,,,,,,,,,,,,40272-80992:Nolan Patrick,40272-80992,C,Nolan,Nolan Patrick,Patrick,7.31388854980469,72,4000,MON@PHI,PHI,MON,O,Head,
,,,,,,,,,,,,,40272-8328:Matt Niskanen,40272-8328,D,Matt,Matt Niskanen,Niskanen,9.77857099260603,14,4000,MON@PHI,PHI,MON,,,
,,,,,,,,,,,,,40272-8614:Joe Thornton,40272-8614,C,Joe,Joe Thornton,Thornton,4.53125,16,4000,MIN@SJ,SJ,MIN,,,
,,,,,,,,,,,,,40272-12952:Jake Gardiner,40272-12952,D,Jake,Jake Gardiner,Gardiner,6.48666687011719,15,4000,NYR@CAR,CAR,NYR,,,
,,,,,,,,,,,,,40272-15281:Andrew Shaw,40272-15281,W,Andrew,Andrew Shaw,Shaw,6.28571428571429,14,4000,VAN@CHI,CHI,VAN,,,
,,,,,,,,,,,,,40272-58332:Sam Bennett,40272-58332,W,Sam,Sam Bennett,Bennett,6.15000009536743,16,4000,NJ@CGY,CGY,NJ,,,
,,,,,,,,,,,,,40272-79935:Alex Iafallo,40272-79935,W,Alex,Alex Iafallo,Iafallo,7.76666666666667,15,3900,LA@OTT,LA,OTT,,,
,,,,,,,,,,,,,40272-66709:Jared McCann,40272-66709,W,Jared,Jared McCann,McCann,8.86153822678786,13,3900,PIT@NYI,PIT,NYI,,,
,,,,,,,,,,,,,40272-70908:Tyson Jost,40272-70908,W,Tyson,Tyson Jost,Jost,7.36000010172526,15,3900,NSH@COL,COL,NSH,,,
,,,,,,,,,,,,,40272-39235:Chris Tierney,40272-39235,C,Chris,Chris Tierney,Tierney,8.57857131958008,14,3900,LA@OTT,OTT,LA,,,
,,,,,,,,,,,,,40272-39249:Nick Bjugstad,40272-39249,C,Nick,Nick Bjugstad,Bjugstad,5.46666653951009,6,3900,PIT@NYI,PIT,NYI,,,
,,,,,,,,,,,,,40272-65970:Pavel Zacha,40272-65970,W,Pavel,Pavel Zacha,Zacha,7.73333358764648,12,3900,NJ@CGY,NJ,CGY,,,
,,,,,,,,,,,,,40272-8628:Marc-Edouard Vlasic,40272-8628,D,Marc-Edouard,Marc-Edouard Vlasic,Vlasic,5.82499980926514,16,3900,MIN@SJ,SJ,MIN,,,
,,,,,,,,,,,,,40272-23225:Matt Dumba,40272-23225,D,Matt,Matt Dumba,Dumba,9.00666707356771,15,3900,MIN@SJ,MIN,SJ,,,
,,,,,,,,,,,,,40272-42772:Josh Anderson,40272-42772,W,Josh,Josh Anderson,Anderson,6.31111102634006,9,3900,CBJ@ARI,CBJ,ARI,,,
,,,,,,,,,,,,,40272-59208:Kevin Fiala,40272-59208,W,Kevin,Kevin Fiala,Fiala,6.4,10,3900,MIN@SJ,MIN,SJ,,,
,,,,,,,,,,,,,40272-70579:Michal Kempny,40272-70579,D,Michal,Michal Kempny,Kempny,15.1000003814697,8,3900,WSH@FLA,WSH,FLA,,,
,,,,,,,,,,,,,40272-8211:Tyler Myers,40272-8211,D,Tyler,Tyler Myers,Myers,7.46666666666667,15,3800,VAN@CHI,VAN,CHI,,,
,,,,,,,,,,,,,40272-59413:Jake Virtanen,40272-59413,W,Jake,Jake Virtanen,Virtanen,8.64000040690104,15,3800,VAN@CHI,VAN,CHI,,,
,,,,,,,,,,,,,40272-83096:Dominik Kahun,40272-83096,W,Dominik,Dominik Kahun,Kahun,7.82857131958008,14,3800,PIT@NYI,PIT,NYI,,,
,,,,,,,,,,,,,40272-13472:Dmitry Orlov,40272-13472,D,Dmitry,Dmitry Orlov,Orlov,7.61250019073486,16,3800,WSH@FLA,WSH,FLA,,,
,,,,,,,,,,,,,40272-82087:Filip Chytil,40272-82087,C,Filip,Filip Chytil,Chytil,11.1999998092651,4,3800,NYR@CAR,NYR,CAR,,,
,,,,,,,,,,,,,40272-54477:Bryan Rust,40272-54477,W,Bryan,Bryan Rust,Rust,13.6999998092651,4,3800,PIT@NYI,PIT,NYI,,,
,,,,,,,,,,,,,40272-8490:Andy Greene,40272-8490,D,Andy,Andy Greene,Greene,8.53333367241753,9,3800,NJ@CGY,NJ,CGY,,,
,,,,,,,,,,,,,40272-8517:Brian Boyle,40272-8517,C,Brian,Brian Boyle,Boyle,10.6666666666667,6,3800,WSH@FLA,FLA,WSH,,,
,,,,,,,,,,,,,40272-39295:Carl Soderberg,40272-39295,C,Carl,Carl Soderberg,Soderberg,8.74000040690104,15,3800,CBJ@ARI,ARI,CBJ,,,
,,,,,,,,,,,,,40272-11158:T.J. Brodie,40272-11158,D,T.J.,T.J. Brodie,Brodie,7.31666649712457,18,3800,NJ@CGY,CGY,NJ,,,
,,,,,,,,,,,,,40272-42908:Brad Hunt,40272-42908,D,Brad,Brad Hunt,Hunt,9.26666666666667,15,3800,MIN@SJ,MIN,SJ,,,
,,,,,,,,,,,,,40272-8138:Bobby Ryan,40272-8138,W,Bobby,Bobby Ryan,Ryan,5.40000025431315,12,3800,LA@OTT,OTT,LA,,,
,,,,,,,,,,,,,40272-62429:Adrian Kempe,40272-62429,C,Adrian,Adrian Kempe,Kempe,5.95333353678385,15,3800,LA@OTT,LA,OTT,,,
,,,,,,,,,,,,,40272-42994:Nikita Zadorov,40272-42994,D,Nikita,Nikita Zadorov,Zadorov,6.7999997820173,14,3800,NSH@COL,COL,NSH,,,
,,,,,,,,,,,,,40272-12291:Christopher Tanev,40272-12291,D,Christopher,Christopher Tanev,Tanev,8.4,15,3700,VAN@CHI,VAN,CHI,,,
,,,,,,,,,,,,,40272-9270:Jason Demers,40272-9270,D,Jason,Jason Demers,Demers,5.46666666666667,15,3700,CBJ@ARI,ARI,CBJ,O,Lower body,
,,,,,,,,,,,,,40272-82029:Sean Walker,40272-82029,D,Sean,Sean Walker,Walker,9.44000040690104,15,3700,LA@OTT,LA,OTT,,,
,,,,,,,,,,,,,40272-43152:Damon Severson,40272-43152,D,Damon,Damon Severson,Severson,5.41538473275992,13,3700,NJ@CGY,NJ,CGY,,,
,,,,,,,,,,,,,40272-82075:Will Butcher,40272-82075,D,Will,Will Butcher,Butcher,6.61818209561435,11,3700,NJ@CGY,NJ,CGY,,,
,,,,,,,,,,,,,40272-66756:Andrew Mangiapane,40272-66756,W,Andrew,Andrew Mangiapane,Mangiapane,6.44999980926514,16,3700,NJ@CGY,CGY,NJ,,,
,,,,,,,,,,,,,40272-73949:Joel Eriksson Ek,40272-73949,C,Joel,Joel Eriksson Ek,Eriksson Ek,7.79999987284343,12,3700,MIN@SJ,MIN,SJ,,,
,,,,,,,,,,,,,40272-70914:Jakob Chychrun,40272-70914,D,Jakob,Jakob Chychrun,Chychrun,8.70666707356771,15,3700,CBJ@ARI,ARI,CBJ,,,
,,,,,,,,,,,,,40272-62861:Noel Acciari,40272-62861,C,Noel,Noel Acciari,Acciari,8.57142857142857,14,3700,WSH@FLA,FLA,WSH,O,Undisclosed,
,,,,,,,,,,,,,40272-13742:Ben Chiarot,40272-13742,D,Ben,Ben Chiarot,Chiarot,7.78666687011719,15,3700,MON@PHI,MON,PHI,,,
,,,,,,,,,,,,,40272-21936:Dylan DeMelo,40272-21936,D,Dylan,Dylan DeMelo,DeMelo,5.14285714285714,14,3700,LA@OTT,OTT,LA,,,
,,,,,,,,,,,,,40272-84407:Alexandre Texier,40272-84407,W,Alexandre,Alexandre Texier,Texier,5.42727279663086,11,3700,CBJ@ARI,CBJ,ARI,,,
,,,,,,,,,,,,,40272-62927:Derek Ryan,40272-62927,C,Derek,Derek Ryan,Ryan,7.13888888888889,18,3700,NJ@CGY,CGY,NJ,,,
,,,,,,,,,,,,,40272-23053:Jesper Fast,40272-23053,W,Jesper,Jesper Fast,Fast,7.86666679382324,12,3700,NYR@CAR,NYR,CAR,,,
,,,,,,,,,,,,,40272-23054:Leo Komarov,40272-23054,W,Leo,Leo Komarov,Komarov,5.31428582327707,7,3700,PIT@NYI,NYI,PIT,IR,Illness,
,,,,,,,,,,,,,40272-64101:Noah Hanifin,40272-64101,D,Noah,Noah Hanifin,Hanifin,7.55555555555556,18,3700,NJ@CGY,CGY,NJ,,,
,,,,,,,,,,,,,40272-62195:Brett Pesce,40272-62195,D,Brett,Brett Pesce,Pesce,8.42666676839193,15,3700,NYR@CAR,CAR,NYR,,,
,,,,,,,,,,,,,40272-8967:Alec Martinez,40272-8967,D,Alec,Alec Martinez,Martinez,7.92666676839193,15,3700,LA@OTT,LA,OTT,,,
,,,,,,,,,,,,,40272-42862:Olli Maatta,40272-42862,D,Olli,Olli Maatta,Maatta,5.02857153756278,14,3700,VAN@CHI,CHI,VAN,,,
,,,,,,,,,,,,,40272-23438:Jonas Brodin,40272-23438,D,Jonas,Jonas Brodin,Brodin,6.4,15,3700,MIN@SJ,MIN,SJ,,,
,,,,,,,,,,,,,40272-42922:Dominik Kubalik,40272-42922,W,Dominik,Dominik Kubalik,Kubalik,9.30714307512556,14,3700,VAN@CHI,CHI,VAN,,,
,,,,,,,,,,,,,40272-37883:Cody Ceci,40272-37883,D,Cody,Cody Ceci,Ceci,6.65000009536743,16,3700,VGK@TOR,TOR,VGK,,,
,,,,,,,,,,,,,40272-15380:Jordie Benn,40272-15380,D,Jordie,Jordie Benn,Benn,4.58666687011719,15,3600,VAN@CHI,VAN,CHI,,,
,,,,,,,,,,,,,40272-68646:Brandon Tanev,40272-68646,W,Brandon,Brandon Tanev,Tanev,8.82666625976563,15,3600,PIT@NYI,PIT,NYI,,,
,,,,,,,,,,,,,40272-9275:Kyle Clifford,40272-9275,W,Kyle,Kyle Clifford,Clifford,6.18666687011719,15,3600,LA@OTT,LA,OTT,,,
,,,,,,,,,,,,,40272-8267:Brent Seabrook,40272-8267,D,Brent,Brent Seabrook,Seabrook,6.64166641235352,12,3600,VAN@CHI,CHI,VAN,,,
,,,,,,,,,,,,,40272-82006:Nick Suzuki,40272-82006,C,Nick,Nick Suzuki,Suzuki,6.80666656494141,15,3600,MON@PHI,MON,PHI,,,
,,,,,,,,,,,,,40272-82045:Martin Necas,40272-82045,W,Martin,Martin Necas,Necas,8.3,15,3600,NYR@CAR,CAR,NYR,,,
,,,,,,,,,,,,,40272-66688:Rasmus Andersson,40272-66688,D,Rasmus,Rasmus Andersson,Andersson,7.02222230699327,18,3600,NJ@CGY,CGY,NJ,,,
,,,,,,,,,,,,,40272-43140:Barclay Goodrow,40272-43140,W,Barclay,Barclay Goodrow,Goodrow,8.125,16,3600,MIN@SJ,SJ,MIN,,,
,,,,,,,,,,,,,40272-11410:Justin Braun,40272-11410,D,Justin,Justin Braun,Braun,5.82857131958008,14,3600,MON@PHI,PHI,MON,,,
,,,,,,,,,,,,,40272-54457:Jordan Oesterle,40272-54457,D,Jordan,Jordan Oesterle,Oesterle,8.46249961853027,8,3600,CBJ@ARI,ARI,CBJ,O,Head,
,,,,,,,,,,,,,40272-70915:Dante Fabbro,40272-70915,D,Dante,Dante Fabbro,Fabbro,7.03999989827474,15,3600,NSH@COL,NSH,COL,,,
,,,,,,,,,,,,,40272-70925:Brett Howden,40272-70925,C,Brett,Brett Howden,Howden,7.04615372877855,13,3600,NYR@CAR,NYR,CAR,,,
,,,,,,,,,,,,,40272-39261:Scott Mayfield,40272-39261,D,Scott,Scott Mayfield,Mayfield,7.51428549630301,14,3600,PIT@NYI,NYI,PIT,,,
,,,,,,,,,,,,,40272-21935:Connor Murphy,40272-21935,D,Connor,Connor Murphy,Murphy,4.79999987284343,6,3600,VAN@CHI,CHI,VAN,IR,Groin,
,,,,,,,,,,,,,40272-8647:Erik Johnson,40272-8647,D,Erik,Erik Johnson,Johnson,6.87999979654948,15,3600,NSH@COL,COL,NSH,,,
,,,,,,,,,,,,,40272-62923:Marcus Pettersson,40272-62923,D,Marcus,Marcus Pettersson,Pettersson,6.80666656494141,15,3600,PIT@NYI,PIT,NYI,,,
,,,,,,,,,,,,,40272-70118:Miles Wood,40272-70118,W,Miles,Miles Wood,Wood,6.52307715782752,13,3600,NJ@CGY,NJ,CGY,,,
,,,,,,,,,,,,,40272-80369:Jesper Bratt,40272-80369,W,Jesper,Jesper Bratt,Bratt,6.76363650235263,11,3600,NJ@CGY,NJ,CGY,O,Upper body,
,,,,,,,,,,,,,40272-12793:Brayden McNabb,40272-12793,D,Brayden,Brayden McNabb,McNabb,5.47499990463257,16,3600,VGK@TOR,VGK,TOR,,,
,,,,,,,,,,,,,40272-70169:Troy Stecher,40272-70169,D,Troy,Troy Stecher,Stecher,4.96000010172526,15,3600,VAN@CHI,VAN,CHI,,,
,,,,,,,,,,,,,40272-10842:Nick Holden,40272-10842,D,Nick,Nick Holden,Holden,7.85624980926514,16,3600,VGK@TOR,VGK,TOR,DTD,Illness,
,,,,,,,,,,,,,40272-53866:Adam Pelech,40272-53866,D,Adam,Adam Pelech,Pelech,8.11428560529436,14,3600,PIT@NYI,NYI,PIT,,,
,,,,,,,,,,,,,40272-8838:Johnny Boychuk,40272-8838,D,Johnny,Johnny Boychuk,Boychuk,10.5615386962891,13,3600,PIT@NYI,NYI,PIT,,,
,,,,,,,,,,,,,40272-42705:Colton Sissons,40272-42705,W,Colton,Colton Sissons,Sissons,10.3200002034505,15,3600,NSH@COL,NSH,COL,,,
,,,,,,,,,,,,,40272-8918:Anton Stralman,40272-8918,D,Anton,Anton Stralman,Stralman,7.68571417672294,14,3600,WSH@FLA,FLA,WSH,,,
,,,,,,,,,,,,,40272-70375:Nikita Zaitsev,40272-70375,D,Nikita,Nikita Zaitsev,Zaitsev,8.22857121058873,14,3600,LA@OTT,OTT,LA,,,
,,,,,,,,,,,,,40272-59127:Garnet Hathaway,40272-59127,W,Garnet,Garnet Hathaway,Hathaway,6.625,16,3600,WSH@FLA,WSH,FLA,,,
,,,,,,,,,,,,,40272-59142:Michael Amadio,40272-59142,C,Michael,Michael Amadio,Amadio,9.08461526724008,13,3600,LA@OTT,LA,OTT,,,
,,,,,,,,,,,,,40272-103203:Joel Farabee,40272-103203,W,Joel,Joel Farabee,Farabee,8.80000019073486,8,3600,MON@PHI,PHI,MON,,,
,,,,,,,,,,,,,40272-9033:Casey Cizikas,40272-9033,C,Casey,Casey Cizikas,Cizikas,7.24444410536024,9,3600,PIT@NYI,NYI,PIT,,,
,,,,,,,,,,,,,40272-9040:Calvin de Haan,40272-9040,D,Calvin,Calvin de Haan,de Haan,5.59999974568685,12,3600,VAN@CHI,CHI,VAN,,,
,,,,,,,,,,,,,40272-59235:Tomas Nosek,40272-59235,W,Tomas,Tomas Nosek,Nosek,6.77500009536743,16,3600,VGK@TOR,VGK,TOR,,,
,,,,,,,,,,,,,40272-59269:Robert Hagg,40272-59269,D,Robert,Robert Hagg,Hagg,5.6,10,3600,MON@PHI,PHI,MON,,,
,,,,,,,,,,,,,40272-15340:Joel Edmundson,40272-15340,D,Joel,Joel Edmundson,Edmundson,4.69333343505859,15,3600,NYR@CAR,CAR,NYR,,,
,,,,,,,,,,,,,40272-79860:Victor Mete,40272-79860,D,Victor,Victor Mete,Mete,8.47999979654948,15,3600,MON@PHI,MON,PHI,,,
,,,,,,,,,,,,,40272-12280:Magnus Paajarvi,40272-12280,W,Magnus,Magnus Paajarvi,Paajarvi,6.22000007629395,80,3600,LA@OTT,OTT,LA,,,
,,,,,,,,,,,,,40272-104452:Jack Ramsey,40272-104452,D,Jack,Jack Ramsey,Ramsey,0,0,3500,VAN@CHI,CHI,VAN,,,
,,,,,,,,,,,,,40272-43014:William Carrier,40272-43014,W,William,William Carrier,Carrier,4.59999990463257,16,3500,VGK@TOR,VGK,TOR,,,
,,,,,,,,,,,,,40272-82953:Louie Belpedio,40272-82953,D,Louie,Louie Belpedio,Belpedio,3.20000004768372,2,3500,MIN@SJ,MIN,SJ,,,
,,,,,,,,,,,,,40272-12299:David Savard,40272-12299,D,David,David Savard,Savard,4.90666656494141,15,3500,CBJ@ARI,CBJ,ARI,,,
,,,,,,,,,,,,,40272-15374:Scott Harrington,40272-15374,D,Scott,Scott Harrington,Harrington,7.19999980926514,4,3500,CBJ@ARI,CBJ,ARI,,,
,,,,,,,,,,,,,40272-68623:Teddy Blueger,40272-68623,C,Teddy,Teddy Blueger,Blueger,5.97333323160807,15,3500,PIT@NYI,PIT,NYI,,,
,,,,,,,,,,,,,40272-103445:Vladislav Gavrikov,40272-103445,D,Vladislav,Vladislav Gavrikov,Gavrikov,4.45714296613421,14,3500,CBJ@ARI,CBJ,ARI,,,
,,,,,,,,,,,,,40272-38933:Slater Koekkoek,40272-38933,D,Slater,Slater Koekkoek,Koekkoek,5.48571450369699,7,3500,VAN@CHI,CHI,VAN,,,
,,,,,,,,,,,,,40272-68630:Nick Seeler,40272-68630,D,Nick,Nick Seeler,Seeler,4.26666673024495,3,3500,MIN@SJ,MIN,SJ,,,
,,,,,,,,,,,,,40272-43041:Josh Brown,40272-43041,D,Josh,Josh Brown,Brown,3.93333339691162,12,3500,WSH@FLA,FLA,WSH,,,
,,,,,,,,,,,,,40272-39972:Kurtis MacDermid,40272-39972,D,Kurtis,Kurtis MacDermid,MacDermid,6.5,8,3500,LA@OTT,LA,OTT,,,
,,,,,,,,,,,,,40272-82989:Dennis Gilbert,40272-82989,D,Dennis,Dennis Gilbert,Gilbert,2.66666666666667,3,3500,VAN@CHI,CHI,VAN,,,
,,,,,,,,,,,,,40272-79924:Carson Soucy,40272-79924,D,Carson,Carson Soucy,Soucy,3.33333333333333,12,3500,MIN@SJ,MIN,SJ,,,
,,,,,,,,,,,,,40272-66615:Kyle Capobianco,40272-66615,D,Kyle,Kyle Capobianco,Capobianco,4.66666666666667,6,3500,CBJ@ARI,ARI,CBJ,,,
,,,,,,,,,,,,,40272-68663:Andy Welinski,40272-68663,D,Andy,Andy Welinski,Welinski,4.46153846153846,26,3500,MON@PHI,PHI,MON,,,
,,,,,,,,,,,,,40272-68664:Andreas Englund,40272-68664,D,Andreas,Andreas Englund,Englund,2.13333336512248,3,3500,LA@OTT,OTT,LA,,,
,,,,,,,,,,,,,40272-8270:Niklas Hjalmarsson,40272-8270,D,Niklas,Niklas Hjalmarsson,Hjalmarsson,6.19999980926514,4,3500,CBJ@ARI,ARI,CBJ,IR,Lower leg,
,,,,,,,,,,,,,40272-82005:Nicolas Hague,40272-82005,D,Nicolas,Nicolas Hague,Hague,4.32222239176432,9,3500,VGK@TOR,VGK,TOR,,,
,,,,,,,,,,,,,40272-13406:Brenden Dillon,40272-13406,D,Brenden,Brenden Dillon,Dillon,4.625,16,3500,MIN@SJ,SJ,MIN,,,
,,,,,,,,,,,,,40272-66656:Mike Reilly,40272-66656,D,Mike,Mike Reilly,Reilly,5.25714274815151,7,3500,MON@PHI,MON,PHI,,,
,,,,,,,,,,,,,40272-103524:Nikita Gusev,40272-103524,W,Nikita,Nikita Gusev,Gusev,7.44000015258789,10,3500,NJ@CGY,NJ,CGY,,,
,,,,,,,,,,,,,40272-61549:Frank Vatrano,40272-61549,W,Frank,Frank Vatrano,Vatrano,10.028570992606,14,3500,WSH@FLA,FLA,WSH,,,
,,,,,,,,,,,,,40272-66671:Jonas Siegenthaler,40272-66671,D,Jonas,Jonas Siegenthaler,Siegenthaler,5.09999990463257,16,3500,WSH@FLA,WSH,FLA,,,
,,,,,,,,,,,,,40272-9330:Yannick Weber,40272-9330,D,Yannick,Yannick Weber,Weber,2.4,10,3500,NSH@COL,NSH,COL,,,
,,,,,,,,,,,,,40272-43122:Ryan Graves,40272-43122,D,Ryan,Ryan Graves,Graves,6.34285736083984,14,3500,NSH@COL,COL,NSH,,,
,,,,,,,,,,,,,40272-43123:Trevor Carrick,40272-43123,D,Trevor,Trevor Carrick,Carrick,0.533333341280619,3,3500,MIN@SJ,SJ,MIN,,,
,,,,,,,,,,,,,40272-11387:Matt Irwin,40272-11387,D,Matt,Matt Irwin,Irwin,3.88571439470564,7,3500,NSH@COL,NSH,COL,,,
,,,,,,,,,,,,,40272-66682:Travis Dermott,40272-66682,D,Travis,Travis Dermott,Dermott,2.66666666666667,3,3500,VGK@TOR,TOR,VGK,,,
,,,,,,,,,,,,,40272-66689:Oliver Kylington,40272-66689,D,Oliver,Oliver Kylington,Kylington,2.97142846243722,14,3500,NJ@CGY,CGY,NJ,,,
,,,,,,,,,,,,,40272-66705:Ian McCoshen,40272-66705,D,Ian,Ian McCoshen,McCoshen,3.41052647640831,19,3500,VAN@CHI,CHI,VAN,,,
,,,,,,,,,,,,,40272-21649:Zach Trotman,40272-21649,D,Zach,Zach Trotman,Trotman,4.83846165583684,13,3500,PIT@NYI,PIT,NYI,,,
,,,,,,,,,,,,,40272-21650:Xavier Ouellet,40272-21650,D,Xavier,Xavier Ouellet,Ouellet,6.48421036569696,19,3500,MON@PHI,MON,PHI,,,
,,,,,,,,,,,,,40272-116883:Matt Abt,40272-116883,D,Matt,Matt Abt,Abt,0,0,3500,PIT@NYI,PIT,NYI,,,
,,,,,,,,,,,,,40272-116885:John Marino,40272-116885,D,John,John Marino,Marino,4.86153852022611,13,3500,PIT@NYI,PIT,NYI,,,
,,,,,,,,,,,,,40272-84116:Erik Brannstrom,40272-84116,D,Erik,Erik Brannstrom,Brannstrom,3.69230769230769,13,3500,LA@OTT,OTT,LA,,,
,,,,,,,,,,,,,40272-116884:Michael Kim,40272-116884,D,Michael,Michael Kim,Kim,0,0,3500,PIT@NYI,PIT,NYI,,,
,,,,,,,,,,,,,40272-66712:Noah Juulsen,40272-66712,D,Noah,Noah Juulsen,Juulsen,6.74285743350074,21,3500,MON@PHI,MON,PHI,,,
,,,,,,,,,,,,,40272-82076:Jacob MacDonald,40272-82076,D,Jacob,Jacob MacDonald,MacDonald,7.59999990463257,2,3500,NSH@COL,COL,NSH,,,
,,,,,,,,,,,,,40272-43167:Mirco Mueller,40272-43167,D,Mirco,Mirco Mueller,Mueller,2.97142846243722,7,3500,NJ@CGY,NJ,CGY,,,
,,,,,,,,,,,,,40272-61602:Ashton Sautner,40272-61602,D,Ashton,Ashton Sautner,Sautner,1.60000002384186,1,3500,VAN@CHI,VAN,CHI,,,
,,,,,,,,,,,,,40272-80036:Oscar Fantenberg,40272-80036,D,Oscar,Oscar Fantenberg,Fantenberg,4.43278678518827,61,3500,VAN@CHI,VAN,CHI,,,
,,,,,,,,,,,,,40272-21687:Greg Pateryn,40272-21687,D,Greg,Greg Pateryn,Pateryn,5.10999984741211,80,3500,MIN@SJ,MIN,SJ,IR,Groin,
,,,,,,,,,,,,,40272-66745:Josh Jacobs,40272-66745,D,Josh,Josh Jacobs,Jacobs,3.20000004768372,1,3500,NJ@CGY,NJ,CGY,,,
,,,,,,,,,,,,,40272-82112:Juuso Valimaki,40272-82112,D,Juuso,Juuso Valimaki,Valimaki,5.90000025431315,24,3500,NJ@CGY,CGY,NJ,O,Knee,
,,,,,,,,,,,,,40272-8391:Dennis Seidenberg,40272-8391,D,Dennis,Dennis Seidenberg,Seidenberg,0,0,3500,PIT@NYI,NYI,PIT,,,
,,,,,,,,,,,,,40272-54475:Christian Folin,40272-54475,D,Christian,Christian Folin,Folin,5.12000007629395,5,3500,MON@PHI,MON,PHI,,,
,,,,,,,,,,,,,40272-8410:Jack Johnson,40272-8410,D,Jack,Jack Johnson,Johnson,3.65714291163853,14,3500,PIT@NYI,PIT,NYI,,,
,,,,,,,,,,,,,40272-8411:Thomas Hickey,40272-8411,D,Thomas,Thomas Hickey,Hickey,5.57000007629395,40,3500,PIT@NYI,NYI,PIT,,,
,,,,,,,,,,,,,40272-104674:Jesper Sellgren,40272-104674,D,Jesper,Jesper Sellgren,Sellgren,0,0,3500,NYR@CAR,CAR,NYR,,,
,,,,,,,,,,,,,40272-21735:Matt Tennyson,40272-21735,D,Matt,Matt Tennyson,Tennyson,4.80000019073486,8,3500,NJ@CGY,NJ,CGY,,,
,,,,,,,,,,,,,40272-82154:Sebastian Aho,40272-82154,D,Sebastian,Sebastian Aho,Aho,0,0,3500,PIT@NYI,NYI,PIT,,,
,,,,,,,,,,,,,40272-66798:Guillaume Brisebois,40272-66798,D,Guillaume,Guillaume Brisebois,Brisebois,2.40000009536743,8,3500,VAN@CHI,VAN,CHI,,,
,,,,,,,,,,,,,40272-70906:Alex Nylander,40272-70906,W,Alex,Alex Nylander,Nylander,8.65384615384615,13,3500,VAN@CHI,CHI,VAN,,,
,,,,,,,,,,,,,40272-73981:Denis Malgin,40272-73981,C,Denis,Denis Malgin,Malgin,11.0749994913737,12,3500,WSH@FLA,FLA,WSH,,,
,,,,,,,,,,,,,40272-60674:Gustav Forsling,40272-60674,D,Gustav,Gustav Forsling,Forsling,5.48837209302326,43,3500,NYR@CAR,CAR,NYR,,,
,,,,,,,,,,,,,40272-73987:Riley Stillman,40272-73987,D,Riley,Riley Stillman,Stillman,5.86666679382324,3,3500,WSH@FLA,FLA,WSH,,,
,,,,,,,,,,,,,40272-117000:Rob Michel,40272-117000,D,Rob,Rob Michel,Michel,0,0,3500,MON@PHI,PHI,MON,,,
,,,,,,,,,,,,,40272-82189:Conor Timmins,40272-82189,D,Conor,Conor Timmins,Timmins,0.800000011920929,2,3500,NSH@COL,COL,NSH,,,
,,,,,,,,,,,,,40272-8468:Dan Hamhuis,40272-8468,D,Dan,Dan Hamhuis,Hamhuis,2.46153846153846,13,3500,NSH@COL,NSH,COL,,,
,,,,,,,,,,,,,40272-117017:Jack Sadek,40272-117017,D,Jack,Jack Sadek,Sadek,0,0,3500,MIN@SJ,MIN,SJ,,,
,,,,,,,,,,,,,40272-117016:Nicholas Boka,40272-117016,D,Nicholas,Nicholas Boka,Boka,0,0,3500,MIN@SJ,MIN,SJ,,,
,,,,,,,,,,,,,40272-117020:Alex Breton,40272-117020,D,Alex,Alex Breton,Breton,0,0,3500,MIN@SJ,MIN,SJ,,,
,,,,,,,,,,,,,40272-117038:Matthew Robertson,40272-117038,D,Matthew,Matthew Robertson,Robertson,0,0,3500,NYR@CAR,NYR,CAR,,,
,,,,,,,,,,,,,40272-12601:Dalton Prout,40272-12601,D,Dalton,Dalton Prout,Prout,3.20000004768372,1,3500,MIN@SJ,SJ,MIN,IR,Upper body,
,,,,,,,,,,,,,40272-117050:Kaedan Korczak,40272-117050,D,Kaedan,Kaedan Korczak,Korczak,0,0,3500,VGK@TOR,VGK,TOR,,,
,,,,,,,,,,,,,40272-117057:Rob Hamilton,40272-117057,D,Rob,Rob Hamilton,Hamilton,0,0,3500,NJ@CGY,CGY,NJ,,,
,,,,,,,,,,,,,40272-12613:Radko Gudas,40272-12613,D,Radko,Radko Gudas,Gudas,7.59999990463257,16,3500,WSH@FLA,WSH,FLA,,,
,,,,,,,,,,,,,40272-103753:Mikey Anderson,40272-103753,D,Mikey,Mikey Anderson,Anderson,0,0,3500,LA@OTT,LA,OTT,,,
,,,,,,,,,,,,,40272-117064:Derek Sheppard,40272-117064,D,Derek,Derek Sheppard,Sheppard,0,0,3500,NYR@CAR,CAR,NYR,,,
,,,,,,,,,,,,,40272-117066:Sasha Larocque,40272-117066,D,Sasha,Sasha Larocque,Larocque,0,0,3500,NSH@COL,COL,NSH,,,
,,,,,,,,,,,,,40272-117069:Peter Tischke,40272-117069,D,Peter,Peter Tischke,Tischke,0,0,3500,NSH@COL,COL,NSH,,,
,,,,,,,,,,,,,40272-8528:Marc Staal,40272-8528,D,Marc,Marc Staal,Staal,7.44000015258789,10,3500,NYR@CAR,NYR,CAR,,,
,,,,,,,,,,,,,40272-117080:Anton Karlsson,40272-117080,D,Anton,Anton Karlsson,Karlsson,0,0,3500,CBJ@ARI,CBJ,ARI,,,
,,,,,,,,,,,,,40272-39264:Derek Forbort,40272-39264,D,Derek,Derek Forbort,Forbort,5.7086418999566,81,3500,LA@OTT,LA,OTT,O,Back,
,,,,,,,,,,,,,40272-117095:Max Gottlieb,40272-117095,D,Max,Max Gottlieb,Gottlieb,0,0,3500,LA@OTT,LA,OTT,,,
,,,,,,,,,,,,,40272-62825:Jordan Schmaltz,40272-62825,D,Jordan,Jordan Schmaltz,Schmaltz,3.44000015258789,20,3500,VGK@TOR,TOR,VGK,,,
,,,,,,,,,,,,,40272-117101:Arvin Atwal,40272-117101,D,Arvin,Arvin Atwal,Atwal,0,0,3500,NSH@COL,NSH,COL,,,
,,,,,,,,,,,,,40272-117111:Maxence Guenette,40272-117111,D,Maxence,Maxence Guenette,Guenette,0,0,3500,LA@OTT,OTT,LA,,,
,,,,,,,,,,,,,40272-22905:Fredrik Claesson,40272-22905,D,Fredrik,Fredrik Claesson,Claesson,4.89729721481736,37,3500,NYR@CAR,CAR,NYR,,,
,,,,,,,,,,,,,40272-74109:Keaton Middleton,40272-74109,D,Keaton,Keaton Middleton,Middleton,0,0,3500,MIN@SJ,SJ,MIN,,,
,,,,,,,,,,,,,40272-62858:Dean Kukan,40272-62858,D,Dean,Dean Kukan,Kukan,5.02857153756278,7,3500,CBJ@ARI,CBJ,ARI,,,
,,,,,,,,,,,,,40272-84363:Juuso Riikola,40272-84363,D,Juuso,Juuso Riikola,Riikola,2.79999995231628,4,3500,PIT@NYI,PIT,NYI,,,
,,,,,,,,,,,,,40272-39309:Chad Ruhwedel,40272-39309,D,Chad,Chad Ruhwedel,Ruhwedel,4.48888905843099,18,3500,PIT@NYI,PIT,NYI,,,
,,,,,,,,,,,,,40272-74132:Maxime Lajoie,40272-74132,D,Maxime,Maxime Lajoie,Lajoie,7.31428582327707,56,3500,LA@OTT,OTT,LA,,,
,,,,,,,,,,,,,40272-61860:Ben Hutton,40272-61860,D,Ben,Ben Hutton,Hutton,7.30666656494141,15,3500,LA@OTT,LA,OTT,,,
,,,,,,,,,,,,,40272-74148:Libor Hajek,40272-74148,D,Libor,Libor Hajek,Hajek,5.53846153846154,13,3500,NYR@CAR,NYR,CAR,,,
,,,,,,,,,,,,,40272-13743:Mark Borowiecki,40272-13743,D,Mark,Mark Borowiecki,Borowiecki,8.05714307512556,14,3500,LA@OTT,OTT,LA,,,
,,,,,,,,,,,,,40272-84404:Ilya Lyubushkin,40272-84404,D,Ilya,Ilya Lyubushkin,Lyubushkin,3.19999994550432,7,3500,CBJ@ARI,ARI,CBJ,,,
,,,,,,,,,,,,,40272-13767:Aaron Ness,40272-13767,D,Aaron,Aaron Ness,Ness,1.92000007629395,5,3500,CBJ@ARI,ARI,CBJ,,,
,,,,,,,,,,,,,40272-12744:Mark Pysyk,40272-12744,D,Mark,Mark Pysyk,Pysyk,4.88888888888889,9,3500,WSH@FLA,FLA,WSH,,,
,,,,,,,,,,,,,40272-117193:Justin Murray,40272-117193,D,Justin,Justin Murray,Murray,0,0,3500,PIT@NYI,NYI,PIT,,,
,,,,,,,,,,,,,40272-117192:Samuel Bolduc,40272-117192,D,Samuel,Samuel Bolduc,Bolduc,0,0,3500,PIT@NYI,NYI,PIT,,,
,,,,,,,,,,,,,40272-54744:Christian Djoos,40272-54744,D,Christian,Christian Djoos,Djoos,4.03555569118924,45,3500,WSH@FLA,WSH,FLA,,,
,,,,,,,,,,,,,40272-70117:Steven Santini,40272-70117,D,Steven,Steven Santini,Santini,4.36923061273037,39,3500,NSH@COL,NSH,COL,,,
,,,,,,,,,,,,,40272-103936:Mario Ferraro,40272-103936,D,Mario,Mario Ferraro,Ferraro,3.92499995231628,16,3500,MIN@SJ,SJ,MIN,,,
,,,,,,,,,,,,,40272-117248:Jon Lizotte,40272-117248,D,Jon,Jon Lizotte,Lizotte,0,0,3500,PIT@NYI,PIT,NYI,,,
,,,,,,,,,,,,,40272-103940:Adam Fox,40272-103940,D,Adam,Adam Fox,Fox,6.74615361140325,13,3500,NYR@CAR,NYR,CAR,,,
,,,,,,,,,,,,,40272-80398:Calle Rosen,40272-80398,D,Calle,Calle Rosen,Rosen,5.80000019073486,4,3500,NSH@COL,COL,NSH,,,
,,,,,,,,,,,,,40272-23060:Tim Heed,40272-23060,D,Tim,Tim Heed,Heed,2.18181818181818,11,3500,MIN@SJ,SJ,MIN,,,
,,,,,,,,,,,,,40272-117268:Yegor Rykov,40272-117268,D,Yegor,Yegor Rykov,Rykov,0,0,3500,NYR@CAR,NYR,CAR,,,
,,,,,,,,,,,,,40272-8731:Karl Alzner,40272-8731,D,Karl,Karl Alzner,Alzner,4.08888880411784,9,3500,MON@PHI,MON,PHI,,,
,,,,,,,,,,,,,40272-23069:Adam Clendening,40272-23069,D,Adam,Adam Clendening,Clendening,2.40000009536743,4,3500,CBJ@ARI,CBJ,ARI,,,
,,,,,,,,,,,,,40272-80444:Radim Simek,40272-80444,D,Radim,Radim Simek,Simek,8,1,3500,MIN@SJ,SJ,MIN,,,
,,,,,,,,,,,,,40272-70225:Gabriel Carlsson,40272-70225,D,Gabriel,Gabriel Carlsson,Carlsson,1.60000002384186,1,3500,CBJ@ARI,CBJ,ARI,,,
,,,,,,,,,,,,,40272-80480:Christian Jaros,40272-80480,D,Christian,Christian Jaros,Jaros,5.24918052798412,61,3500,LA@OTT,OTT,LA,,,
,,,,,,,,,,,,,40272-58986:Erik Burgdoerfer,40272-58986,D,Erik,Erik Burgdoerfer,Burgdoerfer,0.800000011920929,4,3500,WSH@FLA,WSH,FLA,,,
,,,,,,,,,,,,,40272-41591:Jon Merrill,40272-41591,D,Jon,Jon Merrill,Merrill,4.69999980926514,16,3500,VGK@TOR,VGK,TOR,,,
,,,,,,,,,,,,,40272-113273:Tobias Bjornfot,40272-113273,D,Tobias,Tobias Bjornfot,Bjornfot,0,3,3500,LA@OTT,LA,OTT,,,
,,,,,,,,,,,,,40272-8827:Andrew MacDonald,40272-8827,D,Andrew,Andrew MacDonald,MacDonald,6.24680864050033,47,3500,NJ@CGY,CGY,NJ,,,
,,,,,,,,,,,,,40272-8829:Nate Thompson,40272-8829,C,Nate,Nate Thompson,Thompson,6.96000010172526,15,3500,MON@PHI,MON,PHI,,,
,,,,,,,,,,,,,40272-8850:Deryk Engelland,40272-8850,D,Deryk,Deryk Engelland,Engelland,6.74666646321615,15,3500,VGK@TOR,VGK,TOR,,,
,,,,,,,,,,,,,40272-103079:Brady Keeper,40272-103079,D,Brady,Brady Keeper,Keeper,3.20000004768372,1,3500,WSH@FLA,FLA,WSH,,,
,,,,,,,,,,,,,40272-70325:Paul LaDue,40272-70325,D,Paul,Paul LaDue,LaDue,4.26666675914418,33,3500,LA@OTT,LA,OTT,,,
,,,,,,,,,,,,,40272-62158:Joakim Ryan,40272-62158,D,Joakim,Joakim Ryan,Ryan,4.47999992370606,5,3500,LA@OTT,LA,OTT,,,
,,,,,,,,,,,,,40272-108240:Tarmo Reunanen,40272-108240,D,Tarmo,Tarmo Reunanen,Reunanen,0,0,3500,NYR@CAR,NYR,CAR,,,
,,,,,,,,,,,,,40272-104173:Teemu Kivihalme,40272-104173,D,Teemu,Teemu Kivihalme,Kivihalme,0,0,3500,VGK@TOR,TOR,VGK,,,
,,,,,,,,,,,,,40272-104175:Otto Leskinen,40272-104175,D,Otto,Otto Leskinen,Leskinen,0,0,3500,MON@PHI,MON,PHI,,,
,,,,,,,,,,,,,40272-23286:Ryan Murray,40272-23286,D,Ryan,Ryan Murray,Murray,9.2,10,3500,CBJ@ARI,CBJ,ARI,IR,Hand,
,,,,,,,,,,,,,40272-8956:Michael Stone,40272-8956,D,Michael,Michael Stone,Stone,7.80000019073486,4,3500,NJ@CGY,CGY,NJ,,,
,,,,,,,,,,,,,40272-59135:Justin Holl,40272-59135,D,Justin,Justin Holl,Holl,5.82857131958008,14,3500,VGK@TOR,TOR,VGK,,,
,,,,,,,,,,,,,40272-97024:Adam Boqvist,40272-97024,D,Adam,Adam Boqvist,Boqvist,7.20000012715658,3,3500,VAN@CHI,CHI,VAN,,,
,,,,,,,,,,,,,40272-59140:Kevin Gravel,40272-59140,D,Kevin,Kevin Gravel,Gravel,2.66666666666667,3,3500,VGK@TOR,TOR,VGK,,,
,,,,,,,,,,,,,40272-8966:Trevor Lewis,40272-8966,W,Trevor,Trevor Lewis,Lewis,5.27999979654948,15,3500,LA@OTT,LA,OTT,,,
,,,,,,,,,,,,,40272-59144:Roland McKeown,40272-59144,D,Roland,Roland McKeown,McKeown,0,0,3500,NYR@CAR,CAR,NYR,,,
,,,,,,,,,,,,,40272-70416:Markus Nutivaara,40272-70416,D,Markus,Markus Nutivaara,Nutivaara,6.4,10,3500,CBJ@ARI,CBJ,ARI,O,Upper body,
,,,,,,,,,,,,,40272-39710:Nick Jensen,40272-39710,D,Nick,Nick Jensen,Jensen,4.63124990463257,16,3500,WSH@FLA,WSH,FLA,,,
,,,,,,,,,,,,,40272-12094:Kevin Connauton,40272-12094,D,Kevin,Kevin Connauton,Connauton,6.24,50,3500,NSH@COL,COL,NSH,,,
,,,,,,,,,,,,,40272-82755:Ryan Lindgren,40272-82755,D,Ryan,Ryan Lindgren,Lindgren,6.40000025431315,3,3500,NYR@CAR,NYR,CAR,,,
,,,,,,,,,,,,,40272-97091:Martin Fehervary,40272-97091,D,Martin,Martin Fehervary,Fehervary,2.13333336512248,3,3500,WSH@FLA,WSH,FLA,,,
,,,,,,,,,,,,,40272-62277:Mike Matheson,40272-62277,D,Mike,Mike Matheson,Matheson,6.45555538601345,9,3500,WSH@FLA,FLA,WSH,,,
,,,,,,,,,,,,,40272-70472:Drake Caggiula,40272-70472,W,Drake,Drake Caggiula,Caggiula,5.40000025431315,12,3500,VAN@CHI,CHI,VAN,,,
,,,,,,,,,,,,,40272-59220:Haydn Fleury,40272-59220,D,Haydn,Haydn Fleury,Fleury,6.0363637750799,11,3500,NYR@CAR,CAR,NYR,,,
,,,,,,,,,,,,,40272-104277:Niclas Almari,40272-104277,D,Niclas,Niclas Almari,Almari,0,0,3500,PIT@NYI,PIT,NYI,,,
,,,,,,,,,,,,,40272-12120:Matt Bartkowski,40272-12120,D,Matt,Matt Bartkowski,Bartkowski,8.39999961853027,2,3500,MIN@SJ,MIN,SJ,,,
,,,,,,,,,,,,,40272-12121:Cody Goloubef,40272-12121,D,Cody,Cody Goloubef,Goloubef,1.60000002384186,1,3500,LA@OTT,OTT,LA,,,
,,,,,,,,,,,,,40272-42844:Connor Carrick,40272-42844,D,Connor,Connor Carrick,Carrick,6,4,3500,NJ@CGY,NJ,CGY,IR,Finger,
,,,,,,,,,,,,,40272-42846:Tyler Lewington,40272-42846,D,Tyler,Tyler Lewington,Lewington,2.23999996185303,5,3500,WSH@FLA,WSH,FLA,,,
,,,,,,,,,,,,,40272-54110:Gustav Olofsson,40272-54110,D,Gustav,Gustav Olofsson,Olofsson,0,0,3500,MON@PHI,MON,PHI,,,
,,,,,,,,,,,,,40272-97120:Cale Fleury,40272-97120,D,Cale,Cale Fleury,Fleury,3.52000007629395,10,3500,MON@PHI,MON,PHI,,,
,,,,,,,,,,,,,40272-66407:Philippe Myers,40272-66407,D,Philippe,Philippe Myers,Myers,5.86666679382324,3,3500,MON@PHI,PHI,MON,,,
,,,,,,,,,,,,,40272-42855:Ben Harpur,40272-42855,D,Ben,Ben Harpur,Harpur,4.59607831169577,51,3500,VGK@TOR,TOR,VGK,,,
,,,,,,,,,,,,,40272-14184:Martin Marincin,40272-14184,D,Martin,Martin Marincin,Marincin,3.19999994550432,7,3500,VGK@TOR,TOR,VGK,,,
,,,,,,,,,,,,,40272-54126:Trevor van Riemsdyk,40272-54126,D,Trevor,Trevor van Riemsdyk,van Riemsdyk,5.25714274815151,7,3500,NYR@CAR,CAR,NYR,,,
,,,,,,,,,,,,,40272-11119:Nate Prosser,40272-11119,D,Nate,Nate Prosser,Prosser,2.4533332824707,15,3500,MON@PHI,PHI,MON,,,
,,,,,,,,,,,,,40272-103298:Jimmy Schuldt,40272-103298,D,Jimmy,Jimmy Schuldt,Schuldt,11.1999998092651,1,3500,VGK@TOR,VGK,TOR,,,
,,,,,,,,,,,,,40272-82828:Christian Wolanin,40272-82828,D,Christian,Christian Wolanin,Wolanin,7.35666656494141,30,3500,LA@OTT,OTT,LA,O,Shoulder,
,,,,,,,,,,,,,40272-15247:Victor Rask,40272-15247,C,Victor,Victor Rask,Rask,4.2285714830671,7,3500,MIN@SJ,MIN,SJ,,,
,,,,,,,,,,,,,40272-97176:Rasmus Sandin,40272-97176,D,Rasmus,Rasmus Sandin,Sandin,4.79999987284343,6,3500,VGK@TOR,TOR,VGK,,,
,,,,,,,,,,,,,40272-82851:Jordan Greenway,40272-82851,W,Jordan,Jordan Greenway,Greenway,5.6999998826247,13,3500,MIN@SJ,MIN,SJ,,,
,,,,,,,,,,,,,40272-70582:Anton Lindholm,40272-70582,D,Anton,Anton Lindholm,Lindholm,0.800000011920929,2,3500,NSH@COL,COL,NSH,,,
,,,,,,,,,,,,,40272-97213:Ty Smith,40272-97213,D,Ty,Ty Smith,Smith,0,0,3500,NJ@CGY,NJ,CGY,,,
,,,,,,,,,,,,,40272-97214:Noah Dobson,40272-97214,D,Noah,Noah Dobson,Dobson,6.07999992370606,5,3500,PIT@NYI,NYI,PIT,,,
,,,,,,,,,,,,,40272-97230:Bode Wilde,40272-97230,D,Bode,Bode Wilde,Wilde,0,0,3500,PIT@NYI,NYI,PIT,DTD,Ankle,
,,,,,,,,,,,,,40272-42962:Brett Kulak,40272-42962,D,Brett,Brett Kulak,Kulak,4.80000019073486,8,3500,MON@PHI,MON,PHI,,,
,,,,,,,,,,,,,40272-15328:Brandon Davidson,40272-15328,D,Brandon,Brandon Davidson,Davidson,4.32000007629395,10,3500,NJ@CGY,CGY,NJ,,,
,,,,,,,,,,,,,40272-12259:Brendan Smith,40272-12259,D,Brendan,Brendan Smith,Smith,5.66153834416316,13,3500,NYR@CAR,NYR,CAR,,,
,,,,,,,,,,,,,40272-8167:Ron Hainsey,40272-8167,D,Ron,Ron Hainsey,Hainsey,5.34285736083984,14,3500,LA@OTT,OTT,LA,,,
,,,,,,,,,,,,,40272-12265:Mark Barberio,40272-12265,D,Mark,Mark Barberio,Barberio,5.19999980926514,4,3500,NSH@COL,COL,NSH,,,
,,,,,,,,,,,,,40272-62443:Jaycob Megna,40272-62443,D,Jaycob,Jaycob Megna,Megna,4.71428571428571,28,3500,VGK@TOR,VGK,TOR,,,
,,,,,,,,,,,,,40272-11245:Brian Strait,40272-11245,D,Brian,Brian Strait,Strait,0,0,3500,NJ@CGY,NJ,CGY,,,
,,,,,,,,,,,,,40272-82927:Daniel Brickley,40272-82927,D,Daniel,Daniel Brickley,Brickley,4.40000009536743,4,3500,LA@OTT,LA,OTT,,,
,,,,,,,,,,,,,40272-8178:Milan Lucic,40272-8178,W,Milan,Milan Lucic,Lucic,3.73125004768372,16,3500,NJ@CGY,CGY,NJ,,,
,,,,,,,,,,,,,40272-15349:Joe Morrow,40272-15349,D,Joe,Joe Morrow,Morrow,4.46829260849371,41,3500,NJ@CGY,NJ,CGY,,,
,,,,,,,,,,,,,40272-11254:Ian Cole,40272-11254,D,Ian,Ian Cole,Cole,8,11,3500,NSH@COL,COL,NSH,,,
,,,,,,,,,,,,,40272-43000:Samuel Morin,40272-43000,D,Samuel,Samuel Morin,Morin,0,1,3500,MON@PHI,PHI,MON,,,
,,,,,,,,,,,,,40272-79865:Matt Roy,40272-79865,D,Matt,Matt Roy,Roy,6.23999989827474,15,3500,LA@OTT,LA,OTT,,,
,,,,,,,,,,,,,40272-15357:Carl Hagelin,40272-15357,W,Carl,Carl Hagelin,Hagelin,5.125,16,3500,WSH@FLA,WSH,FLA,,,
,,,,,,,,,,,,,40272-79870:Jake Bischoff,40272-79870,D,Jake,Jake Bischoff,Bischoff,5.59999990463257,4,3500,VGK@TOR,VGK,TOR,,,
,,,,,,,,,,,,,40272-11284:Cody Eakin,40272-11284,C,Cody,Cody Eakin,Eakin,4.26666673024495,12,3400,VGK@TOR,VGK,TOR,,,
,,,,,,,,,,,,,40272-66600:Blake Coleman,40272-66600,W,Blake,Blake Coleman,Coleman,7.93846130371094,13,3400,NJ@CGY,NJ,CGY,,,
,,,,,,,,,,,,,40272-40039:Michael Raffl,40272-40039,W,Michael,Michael Raffl,Raffl,7.60000010899135,14,3400,MON@PHI,PHI,MON,,,
,,,,,,,,,,,,,40272-43176:Ryan Hartman,40272-43176,W,Ryan,Ryan Hartman,Hartman,4.42666676839193,15,3400,MIN@SJ,MIN,SJ,,,
,,,,,,,,,,,,,40272-70913:Luke Kunin,40272-70913,C,Luke,Luke Kunin,Kunin,7.78666687011719,15,3400,MIN@SJ,MIN,SJ,,,
,,,,,,,,,,,,,40272-8475:Travis Zajac,40272-8475,C,Travis,Travis Zajac,Zajac,4.61538461538462,13,3400,NJ@CGY,NJ,CGY,,,
,,,,,,,,,,,,,40272-39234:Matt Nieto,40272-39234,W,Matt,Matt Nieto,Nieto,6.98666687011719,15,3400,NSH@COL,COL,NSH,,,
,,,,,,,,,,,,,40272-39242:Tim Schaller,40272-39242,W,Tim,Tim Schaller,Schaller,6.74666646321615,15,3400,VAN@CHI,VAN,CHI,,,
,,,,,,,,,,,,,40272-74076:Warren Foegele,40272-74076,W,Warren,Warren Foegele,Foegele,5.27999979654948,15,3400,NYR@CAR,CAR,NYR,,,
,,,,,,,,,,,,,40272-54867:Melker Karlsson,40272-54867,W,Melker,Melker Karlsson,Karlsson,3.89333343505859,15,3400,MIN@SJ,SJ,MIN,O,Upper body,
,,,,,,,,,,,,,40272-13913:Tom Kuhnhackl,40272-13913,W,Tom,Tom Kuhnhackl,Kuhnhackl,3.46666653951009,6,3400,PIT@NYI,NYI,PIT,IR,Lower body,
,,,,,,,,,,,,,40272-54951:Pierre-Edouard Bellemare,40272-54951,C,Pierre-Edouard,Pierre-Edouard Bellemare,Bellemare,7.33333333333333,15,3400,NSH@COL,COL,NSH,,,
,,,,,,,,,,,,,40272-11150:Marcus Foligno,40272-11150,W,Marcus,Marcus Foligno,Foligno,7.25333353678385,15,3400,MIN@SJ,MIN,SJ,,,
,,,,,,,,,,,,,40272-79820:Zach Aston-Reese,40272-79820,W,Zach,Zach Aston-Reese,Aston-Reese,8.07999979654948,15,3400,PIT@NYI,PIT,NYI,,,
,,,,,,,,,,,,,40272-80028:David Kampf,40272-80028,C,David,David Kampf,Kampf,6.97142846243722,14,3300,VAN@CHI,CHI,VAN,,,
,,,,,,,,,,,,,40272-8384:Michael Frolik,40272-8384,W,Michael,Michael Frolik,Frolik,3.51111115349664,18,3300,NJ@CGY,CGY,NJ,,,
,,,,,,,,,,,,,40272-82144:Adam Johnson,40272-82144,W,Adam,Adam Johnson,Johnson,4.68571417672294,7,3300,PIT@NYI,PIT,NYI,,,
,,,,,,,,,,,,,40272-70909:Logan Brown,40272-70909,C,Logan,Logan Brown,Brown,6.125,4,3300,LA@OTT,OTT,LA,IR,Upper body,
,,,,,,,,,,,,,40272-8464:Colin Wilson,40272-8464,W,Colin,Colin Wilson,Wilson,6.04444461398655,9,3300,NSH@COL,COL,NSH,O,Lower body,
,,,,,,,,,,,,,40272-39252:Brock McGinn,40272-39252,W,Brock,Brock McGinn,McGinn,5.09333343505859,15,3300,NYR@CAR,CAR,NYR,,,
,,,,,,,,,,,,,40272-74112:Trevor Moore,40272-74112,W,Trevor,Trevor Moore,Moore,7.07499980926514,16,3300,VGK@TOR,TOR,VGK,,,
,,,,,,,,,,,,,40272-62920:Lucas Wallmark,40272-62920,C,Lucas,Lucas Wallmark,Wallmark,5.76000010172526,15,3300,NYR@CAR,CAR,NYR,,,
,,,,,,,,,,,,,40272-62032:Vinnie Hinostroza,40272-62032,W,Vinnie,Vinnie Hinostroza,Hinostroza,4.74666646321615,15,3300,CBJ@ARI,ARI,CBJ,,,
,,,,,,,,,,,,,40272-58977:Sonny Milano,40272-58977,W,Sonny,Sonny Milano,Milano,6.83076946551983,13,3300,CBJ@ARI,CBJ,ARI,,,
,,,,,,,,,,,,,40272-97108:Barrett Hayton,40272-97108,W,Barrett,Barrett Hayton,Hayton,6.90000009536743,8,3300,CBJ@ARI,ARI,CBJ,,,
,,,,,,,,,,,,,40272-59261:Nick Paul,40272-59261,W,Nick,Nick Paul,Paul,9.12222205268012,9,3300,LA@OTT,OTT,LA,,,
,,,,,,,,,,,,,40272-82812:Ryan Donato,40272-82812,W,Ryan,Ryan Donato,Donato,3.1999998826247,13,3300,MIN@SJ,MIN,SJ,,,
,,,,,,,,,,,,,40272-11148:Paul Byron,40272-11148,W,Paul,Paul Byron,Byron,4.53333333333333,15,3300,MON@PHI,MON,PHI,,,
,,,,,,,,,,,,,40272-70552:Marcus Sorensen,40272-70552,W,Marcus,Marcus Sorensen,Sorensen,4.8000001173753,13,3300,MIN@SJ,SJ,MIN,,,
,,,,,,,,,,,,,40272-82909:Dylan Gambrell,40272-82909,W,Dylan,Dylan Gambrell,Gambrell,4.90833346048991,12,3300,MIN@SJ,SJ,MIN,DTD,Hand,
,,,,,,,,,,,,,40272-66611:Lawson Crouse,40272-66611,W,Lawson,Lawson Crouse,Crouse,5.37142835344587,14,3200,CBJ@ARI,ARI,CBJ,,,
,,,,,,,,,,,,,40272-68667:Tyler Motte,40272-68667,W,Tyler,Tyler Motte,Motte,4.26666673024495,6,3200,VAN@CHI,VAN,CHI,IR,Lower body,
,,,,,,,,,,,,,40272-61550:Cole Bardreau,40272-61550,C,Cole,Cole Bardreau,Bardreau,4.91428593226842,7,3200,PIT@NYI,NYI,PIT,,,
,,,,,,,,,,,,,40272-12438:Riley Nash,40272-12438,W,Riley,Riley Nash,Nash,5.41333312988281,15,3200,CBJ@ARI,CBJ,ARI,,,
,,,,,,,,,,,,,40272-14486:Garrett Wilson,40272-14486,W,Garrett,Garrett Wilson,Wilson,3.68,50,3200,VGK@TOR,TOR,VGK,,,
,,,,,,,,,,,,,40272-66719:Dmytro Timashov,40272-66719,W,Dmytro,Dmytro Timashov,Timashov,5.13333320617676,12,3200,VGK@TOR,TOR,VGK,,,
,,,,,,,,,,,,,40272-82083:Lias Andersson,40272-82083,C,Lias,Lias Andersson,Andersson,2.66666666666667,12,3200,NYR@CAR,NYR,CAR,,,
,,,,,,,,,,,,,40272-43196:Alan Quine,40272-43196,W,Alan,Alan Quine,Quine,4,7,3200,NJ@CGY,CGY,NJ,,,
,,,,,,,,,,,,,40272-66757:Filip Chlapik,40272-66757,W,Filip,Filip Chlapik,Chlapik,2.79999995231628,4,3200,LA@OTT,OTT,LA,,,
,,,,,,,,,,,,,40272-82123:Gerald Mayhew,40272-82123,W,Gerald,Gerald Mayhew,Mayhew,6.66666666666667,6,3200,MIN@SJ,MIN,SJ,,,
,,,,,,,,,,,,,40272-8397:Brad Richardson,40272-8397,C,Brad,Brad Richardson,Richardson,3.91111119588216,9,3200,CBJ@ARI,ARI,CBJ,IR,Upper body,
,,,,,,,,,,,,,40272-54478:Nic Dowd,40272-54478,C,Nic,Nic Dowd,Dowd,4.98181811246005,11,3200,WSH@FLA,WSH,FLA,,,
,,,,,,,,,,,,,40272-8425:Cal Clutterbuck,40272-8425,W,Cal,Cal Clutterbuck,Clutterbuck,6.60000010899135,14,3200,PIT@NYI,NYI,PIT,,,
,,,,,,,,,,,,,40272-73998:Vitaly Abramov,40272-73998,W,Vitaly,Vitaly Abramov,Abramov,8.39999961853027,2,3200,LA@OTT,OTT,LA,,,
,,,,,,,,,,,,,40272-82190:Drake Batherson,40272-82190,W,Drake,Drake Batherson,Batherson,1.60000002384186,2,3200,LA@OTT,OTT,LA,,,
,,,,,,,,,,,,,40272-12625:Jordan Weal,40272-12625,W,Jordan,Jordan Weal,Weal,7.40999984741211,10,3200,MON@PHI,MON,PHI,,,
,,,,,,,,,,,,,40272-8534:Jason Spezza,40272-8534,C,Jason,Jason Spezza,Spezza,7.37777794731988,9,3200,VGK@TOR,TOR,VGK,,,
,,,,,,,,,,,,,40272-12682:Brandon Pirri,40272-12682,W,Brandon,Brandon Pirri,Pirri,4.08888880411784,9,3200,VGK@TOR,VGK,TOR,,,
,,,,,,,,,,,,,40272-39405:Miikka Salomaki,40272-39405,W,Miikka,Miikka Salomaki,Salomaki,4,5,3200,NSH@COL,NSH,COL,,,
,,,,,,,,,,,,,40272-80391:Mario Kempe,40272-80391,W,Mario,Mario Kempe,Kempe,4.36923071054312,52,3200,LA@OTT,LA,OTT,,,
,,,,,,,,,,,,,40272-58890:Nikolay Goldobin,40272-58890,W,Nikolay,Nikolay Goldobin,Goldobin,7.17619057307168,63,3200,VAN@CHI,VAN,CHI,,,
,,,,,,,,,,,,,40272-8746:Matt Calvert,40272-8746,W,Matt,Matt Calvert,Calvert,8.18666687011719,15,3200,NSH@COL,COL,NSH,,,
,,,,,,,,,,,,,40272-9006:Tyler Ennis,40272-9006,W,Tyler,Tyler Ennis,Ennis,7.89999989100865,14,3200,LA@OTT,OTT,LA,,,
,,,,,,,,,,,,,40272-62276:Austin Czarnik,40272-62276,W,Austin,Austin Czarnik,Czarnik,6.26249980926514,8,3200,NJ@CGY,CGY,NJ,IR,Lower body,
,,,,,,,,,,,,,40272-42839:Chandler Stephenson,40272-42839,W,Chandler,Chandler Stephenson,Stephenson,4.83333333333333,12,3200,WSH@FLA,WSH,FLA,,,
,,,,,,,,,,,,,40272-82796:Sam Lafferty,40272-82796,W,Sam,Sam Lafferty,Lafferty,10,10,3200,PIT@NYI,PIT,NYI,,,
,,,,,,,,,,,,,40272-103276:Blake Lizotte,40272-103276,C,Blake,Blake Lizotte,Lizotte,4.26666666666667,15,3200,LA@OTT,LA,OTT,,,
,,,,,,,,,,,,,40272-59251:Michael Dal Colle,40272-59251,W,Michael,Michael Dal Colle,Dal Colle,3.38461538461538,13,3200,PIT@NYI,NYI,PIT,,,
,,,,,,,,,,,,,40272-15307:Nick Cousins,40272-15307,W,Nick,Nick Cousins,Cousins,8.53333367241753,9,3200,MON@PHI,MON,PHI,,,
,,,,,,,,,,,,,40272-42977:Nic Petan,40272-42977,W,Nic,Nic Petan,Petan,3.52000007629395,5,3200,VGK@TOR,TOR,VGK,,,
,,,,,,,,,,,,,40272-79866:Vinni Lettieri,40272-79866,W,Vinni,Vinni Lettieri,Lettieri,4.09629623978226,27,3200,NYR@CAR,NYR,CAR,,,
,,,,,,,,,,,,,40272-82949:Lukas Radil,40272-82949,W,Lukas,Lukas Radil,Radil,1.6,10,3100,MIN@SJ,SJ,MIN,,,
,,,,,,,,,,,,,40272-68644:Mark Jankowski,40272-68644,C,Mark,Mark Jankowski,Jankowski,1.81333338419596,15,3100,NJ@CGY,CGY,NJ,,,
,,,,,,,,,,,,,40272-66620:Christian Fischer,40272-66620,W,Christian,Christian Fischer,Fischer,3.7714285169329,14,3100,CBJ@ARI,ARI,CBJ,,,
,,,,,,,,,,,,,40272-40019:Brendan Leipsic,40272-40019,W,Brendan,Brendan Leipsic,Leipsic,5.08125019073486,16,3100,WSH@FLA,WSH,FLA,,,
,,,,,,,,,,,,,40272-79965:Carl Grundstrom,40272-79965,W,Carl,Carl Grundstrom,Grundstrom,7.19999980926514,4,3100,LA@OTT,LA,OTT,,,
,,,,,,,,,,,,,40272-73969:Rudolfs Balcers,40272-73969,W,Rudolfs,Rudolfs Balcers,Balcers,6.92222213745117,36,3100,LA@OTT,OTT,LA,IR,Lower body,
,,,,,,,,,,,,,40272-82191:Alex Formenton,40272-82191,W,Alex,Alex Formenton,Formenton,5.42222213745117,9,3100,LA@OTT,OTT,LA,,,
,,,,,,,,,,,,,40272-54576:Rocco Grimaldi,40272-54576,W,Rocco,Rocco Grimaldi,Grimaldi,7.53333346048991,12,3100,NSH@COL,NSH,COL,,,
,,,,,,,,,,,,,40272-54577:Pontus Aberg,40272-54577,W,Pontus,Pontus Aberg,Aberg,7.30000020689884,59,3100,VGK@TOR,TOR,VGK,,,
,,,,,,,,,,,,,40272-12672:Greg McKegg,40272-12672,C,Greg,Greg McKegg,McKegg,4.20000012715658,6,3100,NYR@CAR,NYR,CAR,,,
,,,,,,,,,,,,,40272-41392:Valeri Nichushkin,40272-41392,W,Valeri,Valeri Nichushkin,Nichushkin,3.63636363636364,11,3100,NSH@COL,COL,NSH,,,
,,,,,,,,,,,,,40272-84473:Antti Suomela,40272-84473,C,Antti,Antti Suomela,Suomela,5.95555566858362,27,3100,MIN@SJ,SJ,MIN,,,
,,,,,,,,,,,,,40272-8810:Michael Grabner,40272-8810,W,Michael,Michael Grabner,Grabner,6.63999989827474,15,3100,CBJ@ARI,ARI,CBJ,,,
,,,,,,,,,,,,,40272-113269:Kirby Dach,40272-113269,W,Kirby,Kirby Dach,Dach,5.12222205268012,9,3100,VAN@CHI,CHI,VAN,,,
,,,,,,,,,,,,,40272-8932:Zack Smith,40272-8932,W,Zack,Zack Smith,Smith,1.37142862592425,7,3100,VAN@CHI,CHI,VAN,,,
,,,,,,,,,,,,,40272-8992:Colton Sceviour,40272-8992,W,Colton,Colton Sceviour,Sceviour,6.11428560529436,14,3100,WSH@FLA,FLA,WSH,,,
,,,,,,,,,,,,,40272-9002:Richard Panik,40272-9002,W,Richard,Richard Panik,Panik,1.79999995231628,8,3100,WSH@FLA,WSH,FLA,IR,Upper body,
,,,,,,,,,,,,,40272-9014:Jay Beagle,40272-9014,C,Jay,Jay Beagle,Beagle,5.22666676839193,15,3100,VAN@CHI,VAN,CHI,,,
,,,,,,,,,,,,,40272-14151:Austin Watson,40272-14151,W,Austin,Austin Watson,Watson,7.46666666666667,15,3100,NSH@COL,NSH,COL,,,
,,,,,,,,,,,,,40272-103240:Ryan Poehling,40272-103240,W,Ryan,Ryan Poehling,Poehling,4.80000019073486,1,3100,MON@PHI,MON,PHI,,,
,,,,,,,,,,,,,40272-82849:Adam Gaudette,40272-82849,W,Adam,Adam Gaudette,Gaudette,7.95000012715658,6,3100,VAN@CHI,VAN,CHI,,,
,,,,,,,,,,,,,40272-42918:Scott Sabourin,40272-42918,W,Scott,Scott Sabourin,Sabourin,3.85454559326172,11,3100,LA@OTT,OTT,LA,IR,Head,
,,,,,,,,,,,,,40272-68603:Dryden Hunt,40272-68603,W,Dryden,Dryden Hunt,Hunt,5.14285714285714,14,3100,WSH@FLA,FLA,WSH,,,
,,,,,,,,,,,,,40272-43008:Jordan Martinook,40272-43008,W,Jordan,Jordan Martinook,Martinook,4,4,3000,NYR@CAR,CAR,NYR,IR,Abdomen,
,,,,,,,,,,,,,40272-104448:Emil Bemstrom,40272-104448,W,Emil,Emil Bemstrom,Bemstrom,3.98000005086263,15,3000,CBJ@ARI,CBJ,ARI,,,
,,,,,,,,,,,,,40272-43011:Laurent Dauphin,40272-43011,C,Laurent,Laurent Dauphin,Dauphin,4.80000019073486,1,3000,NSH@COL,NSH,COL,,,
,,,,,,,,,,,,,40272-37894:Jayson Megna,40272-37894,W,Jayson,Jayson Megna,Megna,1.60000002384186,4,3000,NSH@COL,COL,NSH,,,
,,,,,,,,,,,,,40272-8203:Drew Stafford,40272-8203,W,Drew,Drew Stafford,Stafford,4.88771940532484,57,3000,MIN@SJ,MIN,SJ,,,
,,,,,,,,,,,,,40272-43024:Frederik Gauthier,40272-43024,C,Frederik,Frederik Gauthier,Gauthier,4,16,3000,VGK@TOR,TOR,VGK,,,
,,,,,,,,,,,,,40272-21521:Phil Varone,40272-21521,W,Phil,Phil Varone,Varone,3.25106389471825,47,3000,MON@PHI,MON,PHI,,,
,,,,,,,,,,,,,40272-68634:Boo Nieves,40272-68634,C,Boo,Boo Nieves,Nieves,4.167441789494,43,3000,NYR@CAR,NYR,CAR,,,
,,,,,,,,,,,,,40272-68639:Steven Fogarty,40272-68639,W,Steven,Steven Fogarty,Fogarty,1.92000007629395,10,3000,NYR@CAR,NYR,CAR,,,
,,,,,,,,,,,,,40272-104485:Kasper Bjorkqvist,40272-104485,W,Kasper,Kasper Bjorkqvist,Bjorkqvist,0,0,3000,PIT@NYI,PIT,NYI,,,
,,,,,,,,,,,,,40272-68651:Kalle Kossila,40272-68651,W,Kalle,Kalle Kossila,Kossila,4.30000019073486,8,3000,VGK@TOR,TOR,VGK,,,
,,,,,,,,,,,,,40272-82993:Joey Anderson,40272-82993,W,Joey,Joey Anderson,Anderson,5,34,3000,NJ@CGY,NJ,CGY,,,
,,,,,,,,,,,,,40272-81974:Morgan Frost,40272-81974,C,Morgan,Morgan Frost,Frost,0,0,3000,MON@PHI,PHI,MON,,,
,,,,,,,,,,,,,40272-66617:Michael Bunting,40272-66617,W,Michael,Michael Bunting,Bunting,4.32000007629395,5,3000,CBJ@ARI,ARI,CBJ,,,
,,,,,,,,,,,,,40272-8259:Andrew Ladd,40272-8259,W,Andrew,Andrew Ladd,Ladd,6.50769219031701,26,3000,PIT@NYI,NYI,PIT,O,Knee,
,,,,,,,,,,,,,40272-8260:Kris Versteeg,40272-8260,W,Kris,Kris Versteeg,Versteeg,0,0,3000,VAN@CHI,CHI,VAN,,,
,,,,,,,,,,,,,40272-66629:Kole Sherwood,40272-66629,W,Kole,Kole Sherwood,Sherwood,4,2,3000,CBJ@ARI,CBJ,ARI,,,
,,,,,,,,,,,,,40272-8263:Marian Hossa,40272-8263,W,Marian,Marian Hossa,Hossa,0,0,3000,CBJ@ARI,ARI,CBJ,O,Illness,
,,,,,,,,,,,,,40272-9293:Troy Brouwer,40272-9293,W,Troy,Troy Brouwer,Brouwer,5.55199991861979,75,3000,WSH@FLA,FLA,WSH,,,
,,,,,,,,,,,,,40272-43089:Ross Johnston,40272-43089,W,Ross,Ross Johnston,Johnston,2.85714285714286,7,3000,PIT@NYI,NYI,PIT,,,
,,,,,,,,,,,,,40272-66642:Austin Wagner,40272-66642,W,Austin,Austin Wagner,Wagner,6.25454573197798,11,3000,LA@OTT,LA,OTT,,,
,,,,,,,,,,,,,40272-79963:Mikhail Vorobyev,40272-79963,W,Mikhail,Mikhail Vorobyev,Vorobyev,3.2,5,3000,MON@PHI,PHI,MON,,,
,,,,,,,,,,,,,40272-8284:Chris Stewart,40272-8284,W,Chris,Chris Stewart,Stewart,1.79999995231628,8,3000,MON@PHI,PHI,MON,,,
,,,,,,,,,,,,,40272-82026:Jaret Anderson-Dolan,40272-82026,C,Jaret,Jaret Anderson-Dolan,Anderson-Dolan,4.15999984741211,5,3000,LA@OTT,LA,OTT,,,
,,,,,,,,,,,,,40272-66678:Nicolas Roy,40272-66678,C,Nicolas,Nicolas Roy,Roy,10,2,3000,VGK@TOR,VGK,TOR,,,
,,,,,,,,,,,,,40272-43132:Martin Frk,40272-43132,W,Martin,Martin Frk,Frk,3.45666656494141,30,3000,LA@OTT,LA,OTT,,,
,,,,,,,,,,,,,40272-82049:Owen Tippett,40272-82049,W,Owen,Owen Tippett,Tippett,0,0,3000,WSH@FLA,FLA,WSH,,,
,,,,,,,,,,,,,40272-8322:Loui Eriksson,40272-8322,W,Loui,Loui Eriksson,Eriksson,1.86666663487752,6,3000,VAN@CHI,VAN,CHI,,,
,,,,,,,,,,,,,40272-14484:Jordan Szwarz,40272-14484,W,Jordan,Jordan Szwarz,Szwarz,1.60000006357829,3,3000,LA@OTT,OTT,LA,,,
,,,,,,,,,,,,,40272-116887:Sam Poulin,40272-116887,W,Sam,Sam Poulin,Poulin,0,0,3000,PIT@NYI,PIT,NYI,,,
,,,,,,,,,,,,,40272-116886:Nathan Legare,40272-116886,W,Nathan,Nathan Legare,Legare,0,0,3000,PIT@NYI,PIT,NYI,,,
,,,,,,,,,,,,,40272-73886:Alexandre Fortin,40272-73886,W,Alexandre,Alexandre Fortin,Fortin,4.98333326975505,24,3000,VAN@CHI,CHI,VAN,,,
,,,,,,,,,,,,,40272-116907:Jakob Lilja,40272-116907,W,Jakob,Jakob Lilja,Lilja,4.64000015258789,10,3000,CBJ@ARI,CBJ,ARI,,,
,,,,,,,,,,,,,40272-66734:J.C. Beaudin,40272-66734,C,J.C.,J.C. Beaudin,Beaudin,1.33333333333333,6,3000,LA@OTT,OTT,LA,,,
,,,,,,,,,,,,,40272-43188:Kurtis Gabriel,40272-43188,W,Kurtis,Kurtis Gabriel,Gabriel,2.90909090909091,22,3000,MON@PHI,PHI,MON,,,
,,,,,,,,,,,,,40272-39105:Kenny Agostino,40272-39105,W,Kenny,Kenny Agostino,Agostino,5.83015853639633,63,3000,VGK@TOR,TOR,VGK,,,
,,,,,,,,,,,,,40272-103625:Josh Wilkins,40272-103625,C,Josh,Josh Wilkins,Wilkins,0,0,3000,NSH@COL,NSH,COL,,,
,,,,,,,,,,,,,40272-103624:Brandon Duhaime,40272-103624,W,Brandon,Brandon Duhaime,Duhaime,0,0,3000,MIN@SJ,MIN,SJ,,,
,,,,,,,,,,,,,40272-73930:Connor Bunnaman,40272-73930,C,Connor,Connor Bunnaman,Bunnaman,2,4,3000,MON@PHI,PHI,MON,,,
,,,,,,,,,,,,,40272-82122:Mason Shaw,40272-82122,C,Mason,Mason Shaw,Shaw,0,0,3000,MIN@SJ,MIN,SJ,O,Knee,
,,,,,,,,,,,,,40272-21710:J.T. Brown,40272-21710,W,J.T.,J.T. Brown,Brown,3.41428565979004,56,3000,MIN@SJ,MIN,SJ,,,
,,,,,,,,,,,,,40272-73935:Carsen Twarynski,40272-73935,W,Carsen,Carsen Twarynski,Twarynski,3.46666675143772,9,3000,MON@PHI,PHI,MON,,,
,,,,,,,,,,,,,40272-104675:Lean Bergmann,40272-104675,W,Lean,Lean Bergmann,Bergmann,3.88571439470564,7,3000,MIN@SJ,SJ,MIN,,,
,,,,,,,,,,,,,40272-39146:Tobias Rieder,40272-39146,W,Tobias,Tobias Rieder,Rieder,4.06666660308838,12,3000,NJ@CGY,CGY,NJ,,,
,,,,,,,,,,,,,40272-73963:A.J. Greer,40272-73963,W,A.J.,A.J. Greer,Greer,2.82666676839193,15,3000,NSH@COL,COL,NSH,,,
,,,,,,,,,,,,,40272-73972:Noah Gregor,40272-73972,W,Noah,Noah Gregor,Gregor,1.37142862592425,7,3000,MIN@SJ,SJ,MIN,,,
,,,,,,,,,,,,,40272-54518:Patrick Brown,40272-54518,W,Patrick,Patrick Brown,Brown,0,0,3000,VGK@TOR,VGK,TOR,,,
,,,,,,,,,,,,,40272-82167:Sheldon Dries,40272-82167,C,Sheldon,Sheldon Dries,Dries,4.10999984741211,40,3000,NSH@COL,COL,NSH,,,
,,,,,,,,,,,,,40272-73983:Anthony Greco,40272-73983,W,Anthony,Anthony Greco,Greco,3.20000004768372,1,3000,WSH@FLA,FLA,WSH,,,
,,,,,,,,,,,,,40272-54527:Connor Brickley,40272-54527,W,Connor,Connor Brickley,Brickley,5.31428582327707,14,3000,NYR@CAR,NYR,CAR,,,
,,,,,,,,,,,,,40272-70910:Michael McLeod,40272-70910,C,Michael,Michael McLeod,McLeod,3.04761904761905,21,3000,NJ@CGY,NJ,CGY,,,
,,,,,,,,,,,,,40272-54528:Daniel Carr,40272-54528,W,Daniel,Daniel Carr,Carr,2.66666666666667,3,3000,NSH@COL,NSH,COL,,,
,,,,,,,,,,,,,40272-62724:Andreas Martinsen,40272-62724,W,Andreas,Andreas Martinsen,Martinsen,3.5,24,3000,PIT@NYI,PIT,NYI,,,
,,,,,,,,,,,,,40272-82180:Dominic Toninato,40272-82180,C,Dominic,Dominic Toninato,Toninato,7.59999990463257,2,3000,WSH@FLA,FLA,WSH,,,
,,,,,,,,,,,,,40272-73990:Zack MacEwen,40272-73990,W,Zack,Zack MacEwen,MacEwen,3.20000004768372,4,3000,VAN@CHI,VAN,CHI,,,
,,,,,,,,,,,,,40272-70921:Henrik Borgstrom,40272-70921,C,Henrik,Henrik Borgstrom,Borgstrom,1.20000004768372,4,3000,WSH@FLA,FLA,WSH,,,
,,,,,,,,,,,,,40272-70920:German Rubtsov,40272-70920,C,German,German Rubtsov,Rubtsov,2.66666666666667,3,3000,MON@PHI,PHI,MON,,,
,,,,,,,,,,,,,40272-83218:Ville Meskanen,40272-83218,W,Ville,Ville Meskanen,Meskanen,0,0,3000,NYR@CAR,NYR,CAR,,,
,,,,,,,,,,,,,40272-117012:Tyler Sheehy,40272-117012,C,Tyler,Tyler Sheehy,Sheehy,0,0,3000,MIN@SJ,MIN,SJ,,,
,,,,,,,,,,,,,40272-53527:Marko Dano,40272-53527,W,Marko,Marko Dano,Dano,1.20000004768372,8,3000,CBJ@ARI,CBJ,ARI,,,
,,,,,,,,,,,,,40272-58678:Brendan Lemieux,40272-58678,W,Brendan,Brendan Lemieux,Lemieux,7.24166679382324,12,3000,NYR@CAR,NYR,CAR,,,
,,,,,,,,,,,,,40272-58679:Jack Rodewald,40272-58679,W,Jack,Jack Rodewald,Rodewald,1.33333333333333,6,3000,WSH@FLA,FLA,WSH,,,
,,,,,,,,,,,,,40272-117049:Mason Primeau,40272-117049,C,Mason,Mason Primeau,Primeau,0,0,3000,VGK@TOR,VGK,TOR,,,
,,,,,,,,,,,,,40272-117052:Dylan McLaughlin,40272-117052,C,Dylan,Dylan McLaughlin,McLaughlin,0,0,3000,VAN@CHI,CHI,VAN,,,
,,,,,,,,,,,,,40272-117059:Jeremy McKenna,40272-117059,W,Jeremy,Jeremy McKenna,McKenna,0,0,3000,NJ@CGY,CGY,NJ,,,
,,,,,,,,,,,,,40272-8515:Brandon Dubinsky,40272-8515,W,Brandon,Brandon Dubinsky,Dubinsky,4.64918042792649,61,3000,CBJ@ARI,CBJ,ARI,IR,Wrist,
,,,,,,,,,,,,,40272-117060:Mason Morelli,40272-117060,W,Mason,Mason Morelli,Morelli,0,0,3000,NJ@CGY,CGY,NJ,,,
,,,,,,,,,,,,,40272-8520:Ryan Callahan,40272-8520,W,Ryan,Ryan Callahan,Callahan,6.30961550199069,52,3000,LA@OTT,OTT,LA,O,Back,
,,,,,,,,,,,,,40272-117068:Luka Burzan,40272-117068,W,Luka,Luka Burzan,Burzan,0,0,3000,NSH@COL,COL,NSH,,,
,,,,,,,,,,,,,40272-117071:Sasha Mutala,40272-117071,W,Sasha,Sasha Mutala,Mutala,0,0,3000,NSH@COL,COL,NSH,,,
,,,,,,,,,,,,,40272-117070:Alex Beaucage,40272-117070,W,Alex,Alex Beaucage,Beaucage,0,0,3000,NSH@COL,COL,NSH,,,
,,,,,,,,,,,,,40272-74067:Kevin Rooney,40272-74067,C,Kevin,Kevin Rooney,Rooney,3.35999984741211,10,3000,NJ@CGY,NJ,CGY,,,
,,,,,,,,,,,,,40272-117075:Keeghan Howdeshell,40272-117075,W,Keeghan,Keeghan Howdeshell,Howdeshell,0,0,3000,CBJ@ARI,ARI,CBJ,,,
,,,,,,,,,,,,,40272-12630:Michael Chaput,40272-12630,C,Michael,Michael Chaput,Chaput,3.65000009536743,32,3000,CBJ@ARI,ARI,CBJ,,,
,,,,,,,,,,,,,40272-74071:Nathan Bastian,40272-74071,W,Nathan,Nathan Bastian,Bastian,8.34285736083984,7,3000,NJ@CGY,NJ,CGY,,,
,,,,,,,,,,,,,40272-74070:Brandon Gignac,40272-74070,W,Brandon,Brandon Gignac,Gignac,3.20000004768372,1,3000,NJ@CGY,NJ,CGY,,,
,,,,,,,,,,,,,40272-117078:Derek Barach,40272-117078,C,Derek,Derek Barach,Barach,0,0,3000,CBJ@ARI,CBJ,ARI,,,
,,,,,,,,,,,,,40272-117089:Liam Pecararo,40272-117089,W,Liam,Liam Pecararo,Pecararo,0,0,3000,WSH@FLA,FLA,WSH,,,
,,,,,,,,,,,,,40272-117091:Mason Bergh,40272-117091,W,Mason,Mason Bergh,Bergh,0,0,3000,LA@OTT,LA,OTT,,,
,,,,,,,,,,,,,40272-12645:Devante Smith-Pelly,40272-12645,W,Devante,Devante Smith-Pelly,Smith-Pelly,4.32592603895399,54,3000,NJ@CGY,CGY,NJ,,,
,,,,,,,,,,,,,40272-74086:Dillon Dube,40272-74086,W,Dillon,Dillon Dube,Dube,3.36,25,3000,NJ@CGY,CGY,NJ,,,
,,,,,,,,,,,,,40272-117098:Joe Cox,40272-117098,W,Joe,Joe Cox,Cox,0,0,3000,MON@PHI,MON,PHI,,,
,,,,,,,,,,,,,40272-117105:Hunter Garlent,40272-117105,C,Hunter,Hunter Garlent,Garlent,0,0,3000,NSH@COL,NSH,COL,,,
,,,,,,,,,,,,,40272-117104:Thomas Novak,40272-117104,C,Thomas,Thomas Novak,Novak,0,0,3000,NSH@COL,NSH,COL,,,
,,,,,,,,,,,,,40272-74099:Matt Luff,40272-74099,W,Matt,Matt Luff,Luff,6.75454526959044,33,3000,LA@OTT,LA,OTT,,,
,,,,,,,,,,,,,40272-117106:Ludvig Larsson,40272-117106,C,Ludvig,Ludvig Larsson,Larsson,0,0,3000,NJ@CGY,NJ,CGY,,,
,,,,,,,,,,,,,40272-74100:Tanner Fritz,40272-74100,C,Tanner,Tanner Fritz,Fritz,3.40000009536743,8,3000,PIT@NYI,NYI,PIT,,,
,,,,,,,,,,,,,40272-103805:Danil Yurtaykin,40272-103805,W,Danil,Danil Yurtaykin,Yurtaykin,1.60000002384186,4,3000,MIN@SJ,SJ,MIN,,,
,,,,,,,,,,,,,40272-117125:Artem Ivanyuzhenkov,40272-117125,W,Artem,Artem Ivanyuzhenkov,Ivanyuzhenkov,0,0,3000,MIN@SJ,SJ,MIN,,,
,,,,,,,,,,,,,40272-117124:Dillon Hamaliuk,40272-117124,W,Dillon,Dillon Hamaliuk,Hamaliuk,0,0,3000,MIN@SJ,SJ,MIN,,,
,,,,,,,,,,,,,40272-117127:Tristin Langan,40272-117127,C,Tristin,Tristin Langan,Langan,0,0,3000,MIN@SJ,SJ,MIN,,,
,,,,,,,,,,,,,40272-8584:Mikkel Boedker,40272-8584,W,Mikkel,Mikkel Boedker,Boedker,3.2,5,3000,LA@OTT,OTT,LA,,,
,,,,,,,,,,,,,40272-84361:Saku Maenalanen,40272-84361,W,Saku,Saku Maenalanen,Maenalanen,4.5176472383387,34,3000,NYR@CAR,CAR,NYR,,,
,,,,,,,,,,,,,40272-39311:Nicholas Shore,40272-39311,C,Nicholas,Nicholas Shore,Shore,2.15384615384615,13,3000,VGK@TOR,TOR,VGK,,,
,,,,,,,,,,,,,40272-117141:Colt Conrad,40272-117141,C,Colt,Colt Conrad,Conrad,0,0,3000,VGK@TOR,TOR,VGK,,,
,,,,,,,,,,,,,40272-49563:Tyler Gaudet,40272-49563,C,Tyler,Tyler Gaudet,Gaudet,0,0,3000,VGK@TOR,TOR,VGK,,,
,,,,,,,,,,,,,40272-8620:Jamie McGinn,40272-8620,W,Jamie,Jamie McGinn,McGinn,6.00526307758532,19,3000,NYR@CAR,CAR,NYR,,,
,,,,,,,,,,,,,40272-12718:Tyler Pitlick,40272-12718,W,Tyler,Tyler Pitlick,Pitlick,3.03999996185303,10,3000,MON@PHI,PHI,MON,,,
,,,,,,,,,,,,,40272-12732:Michael Sgarbossa,40272-12732,W,Michael,Michael Sgarbossa,Sgarbossa,0,0,3000,WSH@FLA,WSH,FLA,,,
,,,,,,,,,,,,,40272-117189:Erik Brown,40272-117189,W,Erik,Erik Brown,Brown,0,0,3000,PIT@NYI,NYI,PIT,,,
,,,,,,,,,,,,,40272-117188:Felix Bibeau,40272-117188,C,Felix,Felix Bibeau,Bibeau,0,0,3000,PIT@NYI,NYI,PIT,,,
,,,,,,,,,,,,,40272-117191:Reece Newkirk,40272-117191,C,Reece,Reece Newkirk,Newkirk,0,0,3000,PIT@NYI,NYI,PIT,,,
,,,,,,,,,,,,,40272-117190:Brett Neumann,40272-117190,C,Brett,Brett Neumann,Neumann,0,0,3000,PIT@NYI,NYI,PIT,,,
,,,,,,,,,,,,,40272-107994:Eetu Luostarinen,40272-107994,C,Eetu,Eetu Luostarinen,Luostarinen,0,0,3000,NYR@CAR,CAR,NYR,,,
,,,,,,,,,,,,,40272-54816:Max McCormick,40272-54816,W,Max,Max McCormick,McCormick,2.91428565979004,14,3000,NYR@CAR,CAR,NYR,,,
,,,,,,,,,,,,,40272-12880:Darren Archibald,40272-12880,W,Darren,Darren Archibald,Archibald,3.53333346048991,12,3000,VGK@TOR,TOR,VGK,,,
,,,,,,,,,,,,,40272-104016:Vitali Kravtsov,40272-104016,W,Vitali,Vitali Kravtsov,Kravtsov,0,0,3000,NYR@CAR,NYR,CAR,,,
,,,,,,,,,,,,,40272-102994:Max Veronneau,40272-102994,W,Max,Max Veronneau,Veronneau,6.04166666666667,12,3000,LA@OTT,OTT,LA,,,
,,,,,,,,,,,,,40272-13932:Matt Read,40272-13932,W,Matt,Matt Read,Read,3.79999987284342,12,3000,VGK@TOR,TOR,VGK,,,
,,,,,,,,,,,,,40272-113275:Simon Holmstrom,40272-113275,W,Simon,Simon Holmstrom,Holmstrom,0,0,3000,PIT@NYI,NYI,PIT,,,
,,,,,,,,,,,,,40272-42628:Andrew Agozzino,40272-42628,W,Andrew,Andrew Agozzino,Agozzino,0,1,3000,PIT@NYI,PIT,NYI,,,
,,,,,,,,,,,,,40272-59012:Jayce Hawryluk,40272-59012,W,Jayce,Jayce Hawryluk,Hawryluk,5.5,8,3000,WSH@FLA,FLA,WSH,O,Upper body,
,,,,,,,,,,,,,40272-42629:Joseph Blandisi,40272-42629,W,Joseph,Joseph Blandisi,Blandisi,4.2285714830671,7,3000,PIT@NYI,PIT,NYI,,,
,,,,,,,,,,,,,40272-8868:Erik Condra,40272-8868,W,Erik,Erik Condra,Condra,4.93333339691162,6,3000,NSH@COL,COL,NSH,,,
,,,,,,,,,,,,,40272-70327:Luke Johnson,40272-70327,C,Luke,Luke Johnson,Johnson,3.5533332824707,15,3000,MIN@SJ,MIN,SJ,,,
,,,,,,,,,,,,,40272-8887:Ryan Reaves,40272-8887,W,Ryan,Ryan Reaves,Reaves,3.90000009536743,16,3000,VGK@TOR,VGK,TOR,,,
,,,,,,,,,,,,,40272-104139:Mikael Hakkarainen,40272-104139,C,Mikael,Mikael Hakkarainen,Hakkarainen,0,0,3000,VAN@CHI,CHI,VAN,,,
,,,,,,,,,,,,,40272-104141:Tim Soderlund,40272-104141,C,Tim,Tim Soderlund,Soderlund,0,0,3000,VAN@CHI,CHI,VAN,,,
,,,,,,,,,,,,,40272-39714:Charles Hudon,40272-39714,W,Charles,Charles Hudon,Hudon,4.59062480926514,32,3000,MON@PHI,MON,PHI,,,
,,,,,,,,,,,,,40272-103211:Robert Carpenter,40272-103211,W,Robert,Robert Carpenter,Carpenter,0,0,3000,PIT@NYI,NYI,PIT,O,Shoulder,
,,,,,,,,,,,,,40272-42795:Michael McCarron,40272-42795,W,Michael,Michael McCarron,McCarron,0,0,3000,MON@PHI,MON,PHI,,,
,,,,,,,,,,,,,40272-62254:Kyle Rau,40272-62254,W,Kyle,Kyle Rau,Rau,3.46666653951009,6,3000,MIN@SJ,MIN,SJ,,,
,,,,,,,,,,,,,40272-116547:Tristan Scherwey,40272-116547,W,Tristan,Tristan Scherwey,Scherwey,0,0,3000,LA@OTT,OTT,LA,,,
,,,,,,,,,,,,,40272-62275:Travis Boyd,40272-62275,W,Travis,Travis Boyd,Boyd,6.80000019073486,4,3000,WSH@FLA,WSH,FLA,,,
,,,,,,,,,,,,,40272-59209:Frederick Gaudreau,40272-59209,C,Frederick,Frederick Gaudreau,Gaudreau,2.57454556551847,55,3000,NSH@COL,NSH,COL,,,
,,,,,,,,,,,,,40272-14158:Brian Gibbons,40272-14158,W,Brian,Brian Gibbons,Gibbons,2.51428576878139,7,3000,NYR@CAR,CAR,NYR,,,
,,,,,,,,,,,,,40272-62293:Matthew Peca,40272-62293,C,Matthew,Matthew Peca,Peca,4.70769246419271,39,3000,MON@PHI,MON,PHI,,,
,,,,,,,,,,,,,40272-59222:Clark Bishop,40272-59222,W,Clark,Clark Bishop,Bishop,3.07999992370605,20,3000,NYR@CAR,CAR,NYR,,,
,,,,,,,,,,,,,40272-62295:Jonny Brodzinski,40272-62295,W,Jonny,Jonny Brodzinski,Brodzinski,5.33333333333333,3,3000,MIN@SJ,SJ,MIN,,,
,,,,,,,,,,,,,40272-12122:Gabriel Dumont,40272-12122,W,Gabriel,Gabriel Dumont,Dumont,2.66666666666667,3,3000,MIN@SJ,MIN,SJ,,,
,,,,,,,,,,,,,40272-97118:Joel Teasdale,40272-97118,W,Joel,Joel Teasdale,Teasdale,0,0,3000,MON@PHI,MON,PHI,,,
,,,,,,,,,,,,,40272-103262:Nico Sturm,40272-103262,C,Nico,Nico Sturm,Sturm,7.19999980926514,2,3000,MIN@SJ,MIN,SJ,,,
,,,,,,,,,,,,,40272-66405:Anthony Richard,40272-66405,W,Anthony,Anthony Richard,Richard,3.20000004768372,1,3000,NSH@COL,NSH,COL,,,
,,,,,,,,,,,,,40272-66404:Vladislav Kamenev,40272-66404,C,Vladislav,Vladislav Kamenev,Kamenev,4.80000019073486,4,3000,NSH@COL,COL,NSH,,,
,,,,,,,,,,,,,40272-59246:John Quenneville,40272-59246,W,John,John Quenneville,Quenneville,2.56842101247687,19,3000,VAN@CHI,CHI,VAN,,,
,,,,,,,,,,,,,40272-59253:Joshua Ho-Sang,40272-59253,W,Joshua,Joshua Ho-Sang,Ho-Sang,4.07999992370606,10,3000,PIT@NYI,NYI,PIT,,,
,,,,,,,,,,,,,40272-82808:Brett Seney,40272-82808,W,Brett,Brett Seney,Seney,4.44901948816636,51,3000,NJ@CGY,NJ,CGY,,,
,,,,,,,,,,,,,40272-9085:Cal O'Reilly,40272-9085,C,Cal,Cal O'Reilly,O'Reilly,0,0,3000,MON@PHI,PHI,MON,,,
,,,,,,,,,,,,,40272-59263:Nicolas Aube-Kubel,40272-59263,W,Nicolas,Nicolas Aube-Kubel,Aube-Kubel,0.355555560853746,9,3000,MON@PHI,PHI,MON,,,
,,,,,,,,,,,,,40272-82835:Shane Gersich,40272-82835,C,Shane,Shane Gersich,Gersich,0,0,3000,WSH@FLA,WSH,FLA,,,
,,,,,,,,,,,,,40272-82842:Dylan Sikura,40272-82842,W,Dylan,Dylan Sikura,Sikura,4.94545445297704,33,3000,VAN@CHI,CHI,VAN,,,
,,,,,,,,,,,,,40272-42915:Valentin Zykov,40272-42915,W,Valentin,Valentin Zykov,Zykov,4.57142857142857,7,3000,VGK@TOR,VGK,TOR,O,Suspension,
,,,,,,,,,,,,,40272-82852:Eric Robinson,40272-82852,W,Eric,Eric Robinson,Robinson,2.33846150911771,13,3000,CBJ@ARI,CBJ,ARI,,,
,,,,,,,,,,,,,40272-15270:Sven Baertschi,40272-15270,W,Sven,Sven Baertschi,Baertschi,9.27307715782752,26,3000,VAN@CHI,VAN,CHI,,,
,,,,,,,,,,,,,40272-79790:Matthew Highmore,40272-79790,W,Matthew,Matthew Highmore,Highmore,0,0,3000,VAN@CHI,CHI,VAN,,,
,,,,,,,,,,,,,40272-54193:Phillip Di Giuseppe,40272-54193,W,Phillip,Phillip Di Giuseppe,Di Giuseppe,4.16666666666667,24,3000,NYR@CAR,NYR,CAR,,,
,,,,,,,,,,,,,40272-15286:Stefan Noesen,40272-15286,W,Stefan,Stefan Noesen,Noesen,5.17073170731707,41,3000,PIT@NYI,PIT,NYI,,,
,,,,,,,,,,,,,40272-54200:Ryan Carpenter,40272-54200,W,Ryan,Ryan Carpenter,Carpenter,4.60000010899135,14,3000,VAN@CHI,CHI,VAN,,,
,,,,,,,,,,,,,40272-79812:John Hayden,40272-79812,W,John,John Hayden,Hayden,1.82857145581927,7,3000,NJ@CGY,NJ,CGY,,,
,,,,,,,,,,,,,40272-97224:Oliver Wahlstrom,40272-97224,W,Oliver,Oliver Wahlstrom,Wahlstrom,2.40000009536743,8,3000,PIT@NYI,NYI,PIT,,,
,,,,,,,,,,,,,40272-97233:Jesper Boqvist,40272-97233,W,Jesper,Jesper Boqvist,Boqvist,2.40000009536743,4,3000,NJ@CGY,NJ,CGY,,,
,,,,,,,,,,,,,40272-11225:Dale Weise,40272-11225,W,Dale,Dale Weise,Weise,4.63529399797028,51,3000,MON@PHI,MON,PHI,,,
,,,,,,,,,,,,,40272-11237:Zac Rinaldo,40272-11237,W,Zac,Zac Rinaldo,Rinaldo,2.53913050112517,23,3000,NJ@CGY,CGY,NJ,,,
,,,,,,,,,,,,,40272-15333:Antoine Roussel,40272-15333,W,Antoine,Antoine Roussel,Roussel,7.66769221379207,65,3000,VAN@CHI,VAN,CHI,O,Knee,
,,,,,,,,,,,,,40272-104423:Nikolai Prokhorkin,40272-104423,C,Nikolai,Nikolai Prokhorkin,Prokhorkin,3.20000004768372,2,3000,LA@OTT,LA,OTT,,,
,,,,,,,,,,,,,40272-42984:Justin Bailey,40272-42984,W,Justin,Justin Bailey,Bailey,2.18181818181818,11,3000,VAN@CHI,VAN,CHI,,,
,,,,,,,,,,,,,40272-9194:Micheal Haley,40272-9194,W,Micheal,Micheal Haley,Haley,3.5,8,3000,NYR@CAR,NYR,CAR,,,
,,,,,,,,,,,,,40272-62442:Markus Hannikainen,40272-62442,W,Markus,Markus Hannikainen,Hannikainen,3.81818181818182,44,3000,CBJ@ARI,CBJ,ARI,,,
,,,,,,,,,,,,,40272-9196:Matt Martin,40272-9196,W,Matt,Matt Martin,Martin,6.17142868041992,7,3000,PIT@NYI,NYI,PIT,IR,Lower body,
,,,,,,,,,,,,,40272-82925:Eeli Tolvanen,40272-82925,W,Eeli,Eeli Tolvanen,Tolvanen,6.72499990463257,4,3000,NSH@COL,NSH,COL,,,
,,,,,,,,,,,,,40272-42997:Tyrell Goulbourne,40272-42997,W,Tyrell,Tyrell Goulbourne,Goulbourne,2.40000009536743,2,3000,VGK@TOR,VGK,TOR,,,
,,,,,,,,,,,,,40272-68602:Aleksi Saarela,40272-68602,W,Aleksi,Aleksi Saarela,Saarela,0,0,3000,WSH@FLA,FLA,WSH,,,
,,,,,,,,,,,,,40272-37884:Ben Street,40272-37884,C,Ben,Ben Street,Street,4.60952395484561,21,3000,NJ@CGY,NJ,CGY,,,
